model,precision,seq_len,measurement_kind,validation_status,fairness_id,token_sha256,run_id,num_samples,metric,mean,median,std,min,max,p10,p90
/cephfs/shared/impact/LLM_models/Mistral-7B-v0.1,FP16,512,measured,passed,f14320a61590e30304593a87ece9b4334cc5aba1e048bc3de5d629e299f7ea48,484c19789eb884af8fa0f76a63b2bbfbfedf64037d91bc8eae4845ab4ac89b7c,20261004T081734Z-ff28eb8e05,32,linear_ms,34.106992125000005,34.1107465,0.026804878697429285,34.05517100000001,34.158019000000024,34.0673023,34.13812180000002
/cephfs/shared/impact/LLM_models/Mistral-7B-v0.1,FP16,512,measured,passed,f14320a61590e30304593a87ece9b4334cc5aba1e048bc3de5d629e299f7ea48,484c19789eb884af8fa0f76a63b2bbfbfedf64037d91bc8eae4845ab4ac89b7c,20261004T081734Z-ff28eb8e05,32,softmax_ms,1.216604375,1.2165084999999998,0.0014069392482929724,1.213835,1.2199820000000003,1.2150940000000001,1.2186847000000003
/cephfs/shared/impact/LLM_models/Mistral-7B-v0.1,FP16,512,measured,passed,f14320a61590e30304593a87ece9b4334cc5aba1e048bc3de5d629e299f7ea48,484c19789eb884af8fa0f76a63b2bbfbfedf64037d91bc8eae4845ab4ac89b7c,20261004T081734Z-ff28eb8e05,32,rope_ms,3.710233625000002,3.7091700000000016,0.004584923200890744,3.7031940000000017,3.7178660000000012,3.704793000000001,3.7158141000000033
/cephfs/shared/impact/LLM_models/Mistral-7B-v0.1,FP16,512,measured,passed,f14320a61590e30304593a87ece9b4334cc5aba1e048bc3de5d629e299f7ea48,484c19789eb884af8fa0f76a63b2bbfbfedf64037d91bc8eae4845ab4ac89b7c,20261004T081734Z-ff28eb8e05,32,silu_ms,0.6546978125,0.6548974999999999,0.0015279495523993752,0.650788,0.657031,0.6527149,0.6567764
/cephfs/shared/impact/LLM_models/Mistral-7B-v0.1,FP16,512,measured,passed,f14320a61590e30304593a87ece9b4334cc5aba1e048bc3de5d629e299f7ea48,484c19789eb884af8fa0f76a63b2bbfbfedf64037d91bc8eae4845ab4ac89b7c,20261004T081734Z-ff28eb8e05,32,rmsnorm_ms,4.280251312500002,4.280971000000004,0.005133198904773727,4.271084999999999,4.294146000000003,4.274319800000004,4.2854742
/cephfs/shared/impact/LLM_models/Mistral-7B-v0.1,FP16,512,measured,passed,f14320a61590e30304593a87ece9b4334cc5aba1e048bc3de5d629e299f7ea48,484c19789eb884af8fa0f76a63b2bbfbfedf64037d91bc8eae4845ab4ac89b7c,20261004T081734Z-ff28eb8e05,32,attention_matmul_ms,1.52299071875,1.523005,0.001923053389196764,1.5193790000000005,1.5277309999999995,1.5207950000000003,1.5255618000000002
/cephfs/shared/impact/LLM_models/Mistral-7B-v0.1,FP16,512,measured,passed,f14320a61590e30304593a87ece9b4334cc5aba1e048bc3de5d629e299f7ea48,484c19789eb884af8fa0f76a63b2bbfbfedf64037d91bc8eae4845ab4ac89b7c,20261004T081734Z-ff28eb8e05,32,other_compute_ms,3.250546812500001,3.2505130000000015,0.0025155644071042423,3.2454350000000014,3.2567270000000006,3.247337500000001,3.253391
/cephfs/shared/impact/LLM_models/Mistral-7B-v0.1,FP16,512,measured,passed,f14320a61590e30304593a87ece9b4334cc5aba1e048bc3de5d629e299f7ea48,484c19789eb884af8fa0f76a63b2bbfbfedf64037d91bc8eae4845ab4ac89b7c,20261004T081734Z-ff28eb8e05,32,quantize_ms,0.0,0.0,0.0,0.0,0.0,0.0,0.0
/cephfs/shared/impact/LLM_models/Mistral-7B-v0.1,FP16,512,measured,passed,f14320a61590e30304593a87ece9b4334cc5aba1e048bc3de5d629e299f7ea48,484c19789eb884af8fa0f76a63b2bbfbfedf64037d91bc8eae4845ab4ac89b7c,20261004T081734Z-ff28eb8e05,32,dequantize_ms,0.0,0.0,0.0,0.0,0.0,0.0,0.0
/cephfs/shared/impact/LLM_models/Mistral-7B-v0.1,FP16,512,measured,passed,f14320a61590e30304593a87ece9b4334cc5aba1e048bc3de5d629e299f7ea48,484c19789eb884af8fa0f76a63b2bbfbfedf64037d91bc8eae4845ab4ac89b7c,20261004T081734Z-ff28eb8e05,32,requantize_ms,0.0,0.0,0.0,0.0,0.0,0.0,0.0
/cephfs/shared/impact/LLM_models/Mistral-7B-v0.1,FP16,512,measured,passed,f14320a61590e30304593a87ece9b4334cc5aba1e048bc3de5d629e299f7ea48,484c19789eb884af8fa0f76a63b2bbfbfedf64037d91bc8eae4845ab4ac89b7c,20261004T081734Z-ff28eb8e05,32,scale_ms,0.0,0.0,0.0,0.0,0.0,0.0,0.0
/cephfs/shared/impact/LLM_models/Mistral-7B-v0.1,FP16,512,measured,passed,f14320a61590e30304593a87ece9b4334cc5aba1e048bc3de5d629e299f7ea48,484c19789eb884af8fa0f76a63b2bbfbfedf64037d91bc8eae4845ab4ac89b7c,20261004T081734Z-ff28eb8e05,32,packing_ms,0.0,0.0,0.0,0.0,0.0,0.0,0.0
/cephfs/shared/impact/LLM_models/Mistral-7B-v0.1,FP16,512,measured,passed,f14320a61590e30304593a87ece9b4334cc5aba1e048bc3de5d629e299f7ea48,484c19789eb884af8fa0f76a63b2bbfbfedf64037d91bc8eae4845ab4ac89b7c,20261004T081734Z-ff28eb8e05,32,conversion_ms,2.7549364375000023,2.754793000000001,0.0029887052427806722,2.747482000000003,2.7620380000000018,2.7525428000000014,2.758726000000004
/cephfs/shared/impact/LLM_models/Mistral-7B-v0.1,FP16,512,measured,passed,f14320a61590e30304593a87ece9b4334cc5aba1e048bc3de5d629e299f7ea48,484c19789eb884af8fa0f76a63b2bbfbfedf64037d91bc8eae4845ab4ac89b7c,20261004T081734Z-ff28eb8e05,32,physical_total_ms,54.223718762397766,54.197425842285156,0.1294542665613437,53.94847869873047,54.472801208496094,54.091861724853516,54.41642608642578
/cephfs/shared/impact/LLM_models/Mistral-7B-v0.1,FP16,512,measured,passed,f14320a61590e30304593a87ece9b4334cc5aba1e048bc3de5d629e299f7ea48,484c19789eb884af8fa0f76a63b2bbfbfedf64037d91bc8eae4845ab4ac89b7c,20261004T081734Z-ff28eb8e05,32,profiled_physical_ms,478.254186630249,475.4842987060547,12.55153259439894,468.1892395019531,539.5999755859375,470.47283935546875,485.2637512207031
/cephfs/shared/impact/LLM_models/Mistral-7B-v0.1,FP16,512,measured,passed,f14320a61590e30304593a87ece9b4334cc5aba1e048bc3de5d629e299f7ea48,484c19789eb884af8fa0f76a63b2bbfbfedf64037d91bc8eae4845ab4ac89b7c,20261004T081734Z-ff28eb8e05,32,gpu_kernel_total_ms,51.39266953125,51.398313,0.04071064458010982,51.30067499999999,51.48137999999999,51.3463937,51.444908899999994
/cephfs/shared/impact/LLM_models/Mistral-7B-v0.1,FP16,512,measured,passed,f14320a61590e30304593a87ece9b4334cc5aba1e048bc3de5d629e299f7ea48,484c19789eb884af8fa0f76a63b2bbfbfedf64037d91bc8eae4845ab4ac89b7c,20261004T081734Z-ff28eb8e05,32,gpu_activity_total_ms,51.49788609375,51.5032755,0.04082425771947125,51.405535,51.586888,51.4514704,51.5506359
/cephfs/shared/impact/LLM_models/Mistral-7B-v0.1,FP16,512,measured,passed,f14320a61590e30304593a87ece9b4334cc5aba1e048bc3de5d629e299f7ea48,484c19789eb884af8fa0f76a63b2bbfbfedf64037d91bc8eae4845ab4ac89b7c,20261004T081734Z-ff28eb8e05,32,consistency_error_pct,3.2781032750221467e-14,2.915388459574816e-14,2.2199146003310674e-14,0.0,7.296100286276418e-14,1.4561533426404744e-15,5.838422239287367e-14
/cephfs/shared/impact/LLM_models/Mistral-7B-v0.1,FP16,512,measured,passed,f14320a61590e30304593a87ece9b4334cc5aba1e048bc3de5d629e299f7ea48,484c19789eb884af8fa0f76a63b2bbfbfedf64037d91bc8eae4845ab4ac89b7c,20261004T081734Z-ff28eb8e05,32,nonlinear_ms,9.861787125000005,9.863107500000005,0.010602364884551302,9.841247000000005,9.888218000000004,9.849544600000003,9.872468300000003
/cephfs/shared/impact/LLM_models/Mistral-7B-v0.1,FP16,512,measured,passed,f14320a61590e30304593a87ece9b4334cc5aba1e048bc3de5d629e299f7ea48,484c19789eb884af8fa0f76a63b2bbfbfedf64037d91bc8eae4845ab4ac89b7c,20261004T081734Z-ff28eb8e05,32,quantization_overhead_ms,2.7549364375000023,2.754793000000001,0.0029887052427806722,2.747482000000003,2.7620380000000018,2.7525428000000014,2.758726000000004
/cephfs/shared/impact/LLM_models/Mistral-7B-v0.1,FP16,512,measured,passed,f14320a61590e30304593a87ece9b4334cc5aba1e048bc3de5d629e299f7ea48,484c19789eb884af8fa0f76a63b2bbfbfedf64037d91bc8eae4845ab4ac89b7c,20261004T081734Z-ff28eb8e05,32,other_ms,4.7735375312500015,4.772674500000001,0.004173639890368352,4.766211000000002,4.784458,4.769110000000001,4.778650400000001
/cephfs/shared/impact/LLM_models/Mistral-7B-v0.1,FP16,512,measured,passed,f14320a61590e30304593a87ece9b4334cc5aba1e048bc3de5d629e299f7ea48,484c19789eb884af8fa0f76a63b2bbfbfedf64037d91bc8eae4845ab4ac89b7c,20261004T081734Z-ff28eb8e05,32,compute_total_ms,48.74231678125001,48.74623600000001,0.038399560564298975,48.66375200000001,48.83069500000003,48.69355270000001,48.78947700000001
/cephfs/shared/impact/LLM_models/Mistral-7B-v0.1,FP16,512,measured,passed,f14320a61590e30304593a87ece9b4334cc5aba1e048bc3de5d629e299f7ea48,484c19789eb884af8fa0f76a63b2bbfbfedf64037d91bc8eae4845ab4ac89b7c,20261004T081734Z-ff28eb8e05,32,linear_pct,69.97409047297124,69.97426218469715,0.014082251929390548,69.94536564964685,69.99648451660215,69.95380954266614,69.9922354413126
/cephfs/shared/impact/LLM_models/Mistral-7B-v0.1,FP16,512,measured,passed,f14320a61590e30304593a87ece9b4334cc5aba1e048bc3de5d629e299f7ea48,484c19789eb884af8fa0f76a63b2bbfbfedf64037d91bc8eae4845ab4ac89b7c,20261004T081734Z-ff28eb8e05,32,nonlinear_pct,20.232493726662586,20.231360986499844,0.011766579912179153,20.209039064899056,20.25167038807627,20.216872460330222,20.24862363579194
/cephfs/shared/impact/LLM_models/Mistral-7B-v0.1,FP16,512,measured,passed,f14320a61590e30304593a87ece9b4334cc5aba1e048bc3de5d629e299f7ea48,484c19789eb884af8fa0f76a63b2bbfbfedf64037d91bc8eae4845ab4ac89b7c,20261004T081734Z-ff28eb8e05,32,other_pct,9.793415800366176,9.793622868910468,0.004792394963072084,9.784605164458474,9.802963962276893,9.78796439398918,9.799028373292693
/cephfs/shared/impact/LLM_models/Mistral-7B-v0.1,FP16,1024,measured,passed,f14320a61590e30304593a87ece9b4334cc5aba1e048bc3de5d629e299f7ea48,484c19789eb884af8fa0f76a63b2bbfbfedf64037d91bc8eae4845ab4ac89b7c,20261004T081734Z-ff28eb8e05,32,linear_ms,64.532161375,64.53886250000002,0.06774390040331947,64.41203599999999,64.661416,64.44130539999998,64.61398570000003
/cephfs/shared/impact/LLM_models/Mistral-7B-v0.1,FP16,1024,measured,passed,f14320a61590e30304593a87ece9b4334cc5aba1e048bc3de5d629e299f7ea48,484c19789eb884af8fa0f76a63b2bbfbfedf64037d91bc8eae4845ab4ac89b7c,20261004T081734Z-ff28eb8e05,32,softmax_ms,4.5165767500000005,4.516255999999999,0.002742621844265924,4.511086000000001,4.5233740000000004,4.5140087,4.520567600000001
/cephfs/shared/impact/LLM_models/Mistral-7B-v0.1,FP16,1024,measured,passed,f14320a61590e30304593a87ece9b4334cc5aba1e048bc3de5d629e299f7ea48,484c19789eb884af8fa0f76a63b2bbfbfedf64037d91bc8eae4845ab4ac89b7c,20261004T081734Z-ff28eb8e05,32,rope_ms,5.740995218750009,5.740352000000007,0.007957762984960783,5.728454000000001,5.75884000000001,5.73122920000001,5.750776000000008
/cephfs/shared/impact/LLM_models/Mistral-7B-v0.1,FP16,1024,measured,passed,f14320a61590e30304593a87ece9b4334cc5aba1e048bc3de5d629e299f7ea48,484c19789eb884af8fa0f76a63b2bbfbfedf64037d91bc8eae4845ab4ac89b7c,20261004T081734Z-ff28eb8e05,32,silu_ms,1.25065809375,1.250476,0.0011315740495597604,1.2484000000000002,1.2540010000000001,1.2494456999999999,1.2520685
/cephfs/shared/impact/LLM_models/Mistral-7B-v0.1,FP16,1024,measured,passed,f14320a61590e30304593a87ece9b4334cc5aba1e048bc3de5d629e299f7ea48,484c19789eb884af8fa0f76a63b2bbfbfedf64037d91bc8eae4845ab4ac89b7c,20261004T081734Z-ff28eb8e05,32,rmsnorm_ms,7.769742375000015,7.767490500000015,0.007139211430881046,7.75975000000002,7.791078000000006,7.763260700000018,7.777416500000013
/cephfs/shared/impact/LLM_models/Mistral-7B-v0.1,FP16,1024,measured,passed,f14320a61590e30304593a87ece9b4334cc5aba1e048bc3de5d629e299f7ea48,484c19789eb884af8fa0f76a63b2bbfbfedf64037d91bc8eae4845ab4ac89b7c,20261004T081734Z-ff28eb8e05,32,attention_matmul_ms,5.3487095,5.3483595,0.004333087523218234,5.341342,5.357849,5.3438194999999995,5.354501899999999
/cephfs/shared/impact/LLM_models/Mistral-7B-v0.1,FP16,1024,measured,passed,f14320a61590e30304593a87ece9b4334cc5aba1e048bc3de5d629e299f7ea48,484c19789eb884af8fa0f76a63b2bbfbfedf64037d91bc8eae4845ab4ac89b7c,20261004T081734Z-ff28eb8e05,32,other_compute_ms,10.09934071875,10.098432999999996,0.004737831259910124,10.091436000000002,10.109134,10.09465059999999,10.106770000000004
/cephfs/shared/impact/LLM_models/Mistral-7B-v0.1,FP16,1024,measured,passed,f14320a61590e30304593a87ece9b4334cc5aba1e048bc3de5d629e299f7ea48,484c19789eb884af8fa0f76a63b2bbfbfedf64037d91bc8eae4845ab4ac89b7c,20261004T081734Z-ff28eb8e05,32,quantize_ms,0.0,0.0,0.0,0.0,0.0,0.0,0.0
/cephfs/shared/impact/LLM_models/Mistral-7B-v0.1,FP16,1024,measured,passed,f14320a61590e30304593a87ece9b4334cc5aba1e048bc3de5d629e299f7ea48,484c19789eb884af8fa0f76a63b2bbfbfedf64037d91bc8eae4845ab4ac89b7c,20261004T081734Z-ff28eb8e05,32,dequantize_ms,0.0,0.0,0.0,0.0,0.0,0.0,0.0
/cephfs/shared/impact/LLM_models/Mistral-7B-v0.1,FP16,1024,measured,passed,f14320a61590e30304593a87ece9b4334cc5aba1e048bc3de5d629e299f7ea48,484c19789eb884af8fa0f76a63b2bbfbfedf64037d91bc8eae4845ab4ac89b7c,20261004T081734Z-ff28eb8e05,32,requantize_ms,0.0,0.0,0.0,0.0,0.0,0.0,0.0
/cephfs/shared/impact/LLM_models/Mistral-7B-v0.1,FP16,1024,measured,passed,f14320a61590e30304593a87ece9b4334cc5aba1e048bc3de5d629e299f7ea48,484c19789eb884af8fa0f76a63b2bbfbfedf64037d91bc8eae4845ab4ac89b7c,20261004T081734Z-ff28eb8e05,32,scale_ms,0.0,0.0,0.0,0.0,0.0,0.0,0.0
/cephfs/shared/impact/LLM_models/Mistral-7B-v0.1,FP16,1024,measured,passed,f14320a61590e30304593a87ece9b4334cc5aba1e048bc3de5d629e299f7ea48,484c19789eb884af8fa0f76a63b2bbfbfedf64037d91bc8eae4845ab4ac89b7c,20261004T081734Z-ff28eb8e05,32,packing_ms,0.0,0.0,0.0,0.0,0.0,0.0,0.0
/cephfs/shared/impact/LLM_models/Mistral-7B-v0.1,FP16,1024,measured,passed,f14320a61590e30304593a87ece9b4334cc5aba1e048bc3de5d629e299f7ea48,484c19789eb884af8fa0f76a63b2bbfbfedf64037d91bc8eae4845ab4ac89b7c,20261004T081734Z-ff28eb8e05,32,conversion_ms,7.62883228125002,7.627029000000022,0.006300466317787013,7.61953800000002,7.6422480000000155,7.622373600000017,7.638555600000025
/cephfs/shared/impact/LLM_models/Mistral-7B-v0.1,FP16,1024,measured,passed,f14320a61590e30304593a87ece9b4334cc5aba1e048bc3de5d629e299f7ea48,484c19789eb884af8fa0f76a63b2bbfbfedf64037d91bc8eae4845ab4ac89b7c,20261004T081734Z-ff28eb8e05,32,physical_total_ms,112.83512234687805,112.78422546386719,0.19981975603390298,112.3986587524414,113.21449279785156,112.64380416870117,113.1295883178711
/cephfs/shared/impact/LLM_models/Mistral-7B-v0.1,FP16,1024,measured,passed,f14320a61590e30304593a87ece9b4334cc5aba1e048bc3de5d629e299f7ea48,484c19789eb884af8fa0f76a63b2bbfbfedf64037d91bc8eae4845ab4ac89b7c,20261004T081734Z-ff28eb8e05,32,profiled_physical_ms,479.0642395019531,477.30357360839844,6.701326012321507,473.00439453125,500.5516357421875,473.7978088378906,489.0995361328125
/cephfs/shared/impact/LLM_models/Mistral-7B-v0.1,FP16,1024,measured,passed,f14320a61590e30304593a87ece9b4334cc5aba1e048bc3de5d629e299f7ea48,484c19789eb884af8fa0f76a63b2bbfbfedf64037d91bc8eae4845ab4ac89b7c,20261004T081734Z-ff28eb8e05,32,gpu_kernel_total_ms,106.702076,106.6986385,0.08897199815635774,106.546562,106.89414799999999,106.57963240000001,106.818685
/cephfs/shared/impact/LLM_models/Mistral-7B-v0.1,FP16,1024,measured,passed,f14320a61590e30304593a87ece9b4334cc5aba1e048bc3de5d629e299f7ea48,484c19789eb884af8fa0f76a63b2bbfbfedf64037d91bc8eae4845ab4ac89b7c,20261004T081734Z-ff28eb8e05,32,gpu_activity_total_ms,106.8894370625,106.886735,0.08907747622731552,106.735236,107.08059,106.7666854,107.00626599999998
/cephfs/shared/impact/LLM_models/Mistral-7B-v0.1,FP16,1024,measured,passed,f14320a61590e30304593a87ece9b4334cc5aba1e048bc3de5d629e299f7ea48,484c19789eb884af8fa0f76a63b2bbfbfedf64037d91bc8eae4845ab4ac89b7c,20261004T081734Z-ff28eb8e05,32,consistency_error_pct,3.892342014635556e-14,4.2924649969692656e-14,2.0309743681962846e-14,0.0,8.583299941534397e-14,1.4315597354064686e-14,5.730646743957957e-14
/cephfs/shared/impact/LLM_models/Mistral-7B-v0.1,FP16,1024,measured,passed,f14320a61590e30304593a87ece9b4334cc5aba1e048bc3de5d629e299f7ea48,484c19789eb884af8fa0f76a63b2bbfbfedf64037d91bc8eae4845ab4ac89b7c,20261004T081734Z-ff28eb8e05,32,nonlinear_ms,19.277972437500022,19.27312600000002,0.016195885239949737,19.255069000000024,19.320419000000015,19.260905300000026,19.296488700000022
/cephfs/shared/impact/LLM_models/Mistral-7B-v0.1,FP16,1024,measured,passed,f14320a61590e30304593a87ece9b4334cc5aba1e048bc3de5d629e299f7ea48,484c19789eb884af8fa0f76a63b2bbfbfedf64037d91bc8eae4845ab4ac89b7c,20261004T081734Z-ff28eb8e05,32,quantization_overhead_ms,7.62883228125002,7.627029000000022,0.006300466317787013,7.61953800000002,7.6422480000000155,7.622373600000017,7.638555600000025
/cephfs/shared/impact/LLM_models/Mistral-7B-v0.1,FP16,1024,measured,passed,f14320a61590e30304593a87ece9b4334cc5aba1e048bc3de5d629e299f7ea48,484c19789eb884af8fa0f76a63b2bbfbfedf64037d91bc8eae4845ab4ac89b7c,20261004T081734Z-ff28eb8e05,32,other_ms,15.44805021875,15.446550499999994,0.00843979307472364,15.435780999999999,15.465544,15.439206899999997,15.4632107
/cephfs/shared/impact/LLM_models/Mistral-7B-v0.1,FP16,1024,measured,passed,f14320a61590e30304593a87ece9b4334cc5aba1e048bc3de5d629e299f7ea48,484c19789eb884af8fa0f76a63b2bbfbfedf64037d91bc8eae4845ab4ac89b7c,20261004T081734Z-ff28eb8e05,32,compute_total_ms,99.25818403125002,99.25493900000002,0.08255268613143137,99.11279200000001,99.43692500000003,99.14514840000001,99.35548080000002
/cephfs/shared/impact/LLM_models/Mistral-7B-v0.1,FP16,1024,measured,passed,f14320a61590e30304593a87ece9b4334cc5aba1e048bc3de5d629e299f7ea48,484c19789eb884af8fa0f76a63b2bbfbfedf64037d91bc8eae4845ab4ac89b7c,20261004T081734Z-ff28eb8e05,32,linear_pct,65.01443913219225,65.01513496390632,0.020450621832848594,64.96701141123454,65.05270629838252,64.98870147564134,65.04441192515455
/cephfs/shared/impact/LLM_models/Mistral-7B-v0.1,FP16,1024,measured,passed,f14320a61590e30304593a87ece9b4334cc5aba1e048bc3de5d629e299f7ea48,484c19789eb884af8fa0f76a63b2bbfbfedf64037d91bc8eae4845ab4ac89b7c,20261004T081734Z-ff28eb8e05,32,nonlinear_pct,19.422052576205402,19.42099654371409,0.013301809850247119,19.391468356481564,19.447861960500006,19.403156821364952,19.435893906406374
/cephfs/shared/impact/LLM_models/Mistral-7B-v0.1,FP16,1024,measured,passed,f14320a61590e30304593a87ece9b4334cc5aba1e048bc3de5d629e299f7ea48,484c19789eb884af8fa0f76a63b2bbfbfedf64037d91bc8eae4845ab4ac89b7c,20261004T081734Z-ff28eb8e05,32,other_pct,15.563508291602346,15.56431681943317,0.00906876911979385,15.547905599984645,15.585126628265456,15.551198227176206,15.575157417022089
/cephfs/shared/impact/LLM_models/Mistral-7B-v0.1,FP16,2048,measured,passed,f14320a61590e30304593a87ece9b4334cc5aba1e048bc3de5d629e299f7ea48,484c19789eb884af8fa0f76a63b2bbfbfedf64037d91bc8eae4845ab4ac89b7c,20261004T081734Z-ff28eb8e05,32,linear_ms,120.08600325,120.09809750000002,0.30251964577229984,119.48024800000003,120.67887499999998,119.72509599999994,120.40901960000008
/cephfs/shared/impact/LLM_models/Mistral-7B-v0.1,FP16,2048,measured,passed,f14320a61590e30304593a87ece9b4334cc5aba1e048bc3de5d629e299f7ea48,484c19789eb884af8fa0f76a63b2bbfbfedf64037d91bc8eae4845ab4ac89b7c,20261004T081734Z-ff28eb8e05,32,softmax_ms,45.872287,45.858152000000004,0.10321239129628175,45.64423099999999,46.091807,45.7734712,46.0119927
/cephfs/shared/impact/LLM_models/Mistral-7B-v0.1,FP16,2048,measured,passed,f14320a61590e30304593a87ece9b4334cc5aba1e048bc3de5d629e299f7ea48,484c19789eb884af8fa0f76a63b2bbfbfedf64037d91bc8eae4845ab4ac89b7c,20261004T081734Z-ff28eb8e05,32,rope_ms,9.895583312500012,9.896454500000011,0.01971491889397425,9.846804999999994,9.92924400000002,9.874718400000022,9.916980599999995
/cephfs/shared/impact/LLM_models/Mistral-7B-v0.1,FP16,2048,measured,passed,f14320a61590e30304593a87ece9b4334cc5aba1e048bc3de5d629e299f7ea48,484c19789eb884af8fa0f76a63b2bbfbfedf64037d91bc8eae4845ab4ac89b7c,20261004T081734Z-ff28eb8e05,32,silu_ms,2.44006034375,2.4404635,0.002971743363744579,2.43209,2.4449280000000004,2.4367848999999997,2.4435900000000004
/cephfs/shared/impact/LLM_models/Mistral-7B-v0.1,FP16,2048,measured,passed,f14320a61590e30304593a87ece9b4334cc5aba1e048bc3de5d629e299f7ea48,484c19789eb884af8fa0f76a63b2bbfbfedf64037d91bc8eae4845ab4ac89b7c,20261004T081734Z-ff28eb8e05,32,rmsnorm_ms,16.658818187499996,16.661346499999993,0.0190112558178125,16.60964300000001,16.69467599999999,16.63551560000001,16.680221799999998
/cephfs/shared/impact/LLM_models/Mistral-7B-v0.1,FP16,2048,measured,passed,f14320a61590e30304593a87ece9b4334cc5aba1e048bc3de5d629e299f7ea48,484c19789eb884af8fa0f76a63b2bbfbfedf64037d91bc8eae4845ab4ac89b7c,20261004T081734Z-ff28eb8e05,32,attention_matmul_ms,18.75460190625,18.748552000000004,0.032956639906983616,18.675675000000002,18.815045000000005,18.719017500000003,18.8013238
/cephfs/shared/impact/LLM_models/Mistral-7B-v0.1,FP16,2048,measured,passed,f14320a61590e30304593a87ece9b4334cc5aba1e048bc3de5d629e299f7ea48,484c19789eb884af8fa0f76a63b2bbfbfedf64037d91bc8eae4845ab4ac89b7c,20261004T081734Z-ff28eb8e05,32,other_compute_ms,35.80804509375001,35.80182149999999,0.034499825730609814,35.73144200000003,35.888574,35.77547240000001,35.85051270000001
/cephfs/shared/impact/LLM_models/Mistral-7B-v0.1,FP16,2048,measured,passed,f14320a61590e30304593a87ece9b4334cc5aba1e048bc3de5d629e299f7ea48,484c19789eb884af8fa0f76a63b2bbfbfedf64037d91bc8eae4845ab4ac89b7c,20261004T081734Z-ff28eb8e05,32,quantize_ms,0.0,0.0,0.0,0.0,0.0,0.0,0.0
/cephfs/shared/impact/LLM_models/Mistral-7B-v0.1,FP16,2048,measured,passed,f14320a61590e30304593a87ece9b4334cc5aba1e048bc3de5d629e299f7ea48,484c19789eb884af8fa0f76a63b2bbfbfedf64037d91bc8eae4845ab4ac89b7c,20261004T081734Z-ff28eb8e05,32,dequantize_ms,0.0,0.0,0.0,0.0,0.0,0.0,0.0
/cephfs/shared/impact/LLM_models/Mistral-7B-v0.1,FP16,2048,measured,passed,f14320a61590e30304593a87ece9b4334cc5aba1e048bc3de5d629e299f7ea48,484c19789eb884af8fa0f76a63b2bbfbfedf64037d91bc8eae4845ab4ac89b7c,20261004T081734Z-ff28eb8e05,32,requantize_ms,0.0,0.0,0.0,0.0,0.0,0.0,0.0
/cephfs/shared/impact/LLM_models/Mistral-7B-v0.1,FP16,2048,measured,passed,f14320a61590e30304593a87ece9b4334cc5aba1e048bc3de5d629e299f7ea48,484c19789eb884af8fa0f76a63b2bbfbfedf64037d91bc8eae4845ab4ac89b7c,20261004T081734Z-ff28eb8e05,32,scale_ms,0.0,0.0,0.0,0.0,0.0,0.0,0.0
/cephfs/shared/impact/LLM_models/Mistral-7B-v0.1,FP16,2048,measured,passed,f14320a61590e30304593a87ece9b4334cc5aba1e048bc3de5d629e299f7ea48,484c19789eb884af8fa0f76a63b2bbfbfedf64037d91bc8eae4845ab4ac89b7c,20261004T081734Z-ff28eb8e05,32,packing_ms,0.0,0.0,0.0,0.0,0.0,0.0,0.0
/cephfs/shared/impact/LLM_models/Mistral-7B-v0.1,FP16,2048,measured,passed,f14320a61590e30304593a87ece9b4334cc5aba1e048bc3de5d629e299f7ea48,484c19789eb884af8fa0f76a63b2bbfbfedf64037d91bc8eae4845ab4ac89b7c,20261004T081734Z-ff28eb8e05,32,conversion_ms,25.149637843749993,25.142744999999977,0.04000761528325124,25.064123000000006,25.24001100000001,25.104941099999976,25.203673899999995
/cephfs/shared/impact/LLM_models/Mistral-7B-v0.1,FP16,2048,measured,passed,f14320a61590e30304593a87ece9b4334cc5aba1e048bc3de5d629e299f7ea48,484c19789eb884af8fa0f76a63b2bbfbfedf64037d91bc8eae4845ab4ac89b7c,20261004T081734Z-ff28eb8e05,32,physical_total_ms,287.1088466644287,287.16102600097656,0.9865493026116221,285.2931823730469,288.7591552734375,285.7874389648438,288.20750122070314
/cephfs/shared/impact/LLM_models/Mistral-7B-v0.1,FP16,2048,measured,passed,f14320a61590e30304593a87ece9b4334cc5aba1e048bc3de5d629e299f7ea48,484c19789eb884af8fa0f76a63b2bbfbfedf64037d91bc8eae4845ab4ac89b7c,20261004T081734Z-ff28eb8e05,32,profiled_physical_ms,482.0419502258301,479.11944580078125,10.046869620864765,473.7095031738281,517.510498046875,475.1439971923828,487.08880920410155
/cephfs/shared/impact/LLM_models/Mistral-7B-v0.1,FP16,2048,measured,passed,f14320a61590e30304593a87ece9b4334cc5aba1e048bc3de5d629e299f7ea48,484c19789eb884af8fa0f76a63b2bbfbfedf64037d91bc8eae4845ab4ac89b7c,20261004T081734Z-ff28eb8e05,32,gpu_kernel_total_ms,274.45830546875,274.545611,0.5181756529707023,273.287375,275.40717800000004,273.9144999,275.04717589999996
/cephfs/shared/impact/LLM_models/Mistral-7B-v0.1,FP16,2048,measured,passed,f14320a61590e30304593a87ece9b4334cc5aba1e048bc3de5d629e299f7ea48,484c19789eb884af8fa0f76a63b2bbfbfedf64037d91bc8eae4845ab4ac89b7c,20261004T081734Z-ff28eb8e05,32,gpu_activity_total_ms,274.67240171875,274.75991350000004,0.5191523467696811,273.499671,275.62529,274.1284692,275.263481
/cephfs/shared/impact/LLM_models/Mistral-7B-v0.1,FP16,2048,measured,passed,f14320a61590e30304593a87ece9b4334cc5aba1e048bc3de5d629e299f7ea48,484c19789eb884af8fa0f76a63b2bbfbfedf64037d91bc8eae4845ab4ac89b7c,20261004T081734Z-ff28eb8e05,32,consistency_error_pct,0.0008195627159114268,3.4113180305654345e-14,0.0013311686364722514,0.0,0.0029605169764475928,1.1303445449561412e-14,0.002914785823663893
/cephfs/shared/impact/LLM_models/Mistral-7B-v0.1,FP16,2048,measured,passed,f14320a61590e30304593a87ece9b4334cc5aba1e048bc3de5d629e299f7ea48,484c19789eb884af8fa0f76a63b2bbfbfedf64037d91bc8eae4845ab4ac89b7c,20261004T081734Z-ff28eb8e05,32,nonlinear_ms,74.86674884375002,74.8527175,0.14236557050983037,74.53276899999999,75.16065500000002,74.7367949,75.05006610000001
/cephfs/shared/impact/LLM_models/Mistral-7B-v0.1,FP16,2048,measured,passed,f14320a61590e30304593a87ece9b4334cc5aba1e048bc3de5d629e299f7ea48,484c19789eb884af8fa0f76a63b2bbfbfedf64037d91bc8eae4845ab4ac89b7c,20261004T081734Z-ff28eb8e05,32,quantization_overhead_ms,25.149637843749993,25.142744999999977,0.04000761528325124,25.064123000000006,25.24001100000001,25.104941099999976,25.203673899999995
/cephfs/shared/impact/LLM_models/Mistral-7B-v0.1,FP16,2048,measured,passed,f14320a61590e30304593a87ece9b4334cc5aba1e048bc3de5d629e299f7ea48,484c19789eb884af8fa0f76a63b2bbfbfedf64037d91bc8eae4845ab4ac89b7c,20261004T081734Z-ff28eb8e05,32,other_ms,54.562647000000005,54.550186999999994,0.06655541860541227,54.40711700000003,54.703619,54.5040416,54.6494417
/cephfs/shared/impact/LLM_models/Mistral-7B-v0.1,FP16,2048,measured,passed,f14320a61590e30304593a87ece9b4334cc5aba1e048bc3de5d629e299f7ea48,484c19789eb884af8fa0f76a63b2bbfbfedf64037d91bc8eae4845ab4ac89b7c,20261004T081734Z-ff28eb8e05,32,compute_total_ms,249.51539909375003,249.60914100000008,0.47950591196076287,248.43554800000004,250.389898,249.00144079999995,250.05058420000003
/cephfs/shared/impact/LLM_models/Mistral-7B-v0.1,FP16,2048,measured,passed,f14320a61590e30304593a87ece9b4334cc5aba1e048bc3de5d629e299f7ea48,484c19789eb884af8fa0f76a63b2bbfbfedf64037d91bc8eae4845ab4ac89b7c,20261004T081734Z-ff28eb8e05,32,linear_pct,48.12764795063654,48.126803392422616,0.041864623449270416,48.06301757992683,48.218088702983394,48.07714334432593,48.1871247836636
/cephfs/shared/impact/LLM_models/Mistral-7B-v0.1,FP16,2048,measured,passed,f14320a61590e30304593a87ece9b4334cc5aba1e048bc3de5d629e299f7ea48,484c19789eb884af8fa0f76a63b2bbfbfedf64037d91bc8eae4845ab4ac89b7c,20261004T081734Z-ff28eb8e05,32,nonlinear_pct,30.00487154692976,30.006525692749772,0.0240566933196629,29.95388880938043,30.04870477920043,29.97788206060603,30.03630958426589
/cephfs/shared/impact/LLM_models/Mistral-7B-v0.1,FP16,2048,measured,passed,f14320a61590e30304593a87ece9b4334cc5aba1e048bc3de5d629e299f7ea48,484c19789eb884af8fa0f76a63b2bbfbfedf64037d91bc8eae4845ab4ac89b7c,20261004T081734Z-ff28eb8e05,32,other_pct,21.867480502433697,21.869993725269726,0.021658615138452665,21.825962403642976,21.907010370425688,21.842147772216478,21.896085976899258
/cephfs/shared/impact/LLM_models/Mistral-7B-v0.1,FP16,4096,measured,passed,f14320a61590e30304593a87ece9b4334cc5aba1e048bc3de5d629e299f7ea48,484c19789eb884af8fa0f76a63b2bbfbfedf64037d91bc8eae4845ab4ac89b7c,20261004T081734Z-ff28eb8e05,32,linear_ms,251.66889665625,251.98612200000014,0.7824915447148734,249.5109709999998,252.3342930000001,250.47034749999995,252.25477519999993
/cephfs/shared/impact/LLM_models/Mistral-7B-v0.1,FP16,4096,measured,passed,f14320a61590e30304593a87ece9b4334cc5aba1e048bc3de5d629e299f7ea48,484c19789eb884af8fa0f76a63b2bbfbfedf64037d91bc8eae4845ab4ac89b7c,20261004T081734Z-ff28eb8e05,32,softmax_ms,126.8282616875,126.99644149999997,0.40923347873251203,125.665368,127.22233899999999,126.2709984,127.11463700000004
/cephfs/shared/impact/LLM_models/Mistral-7B-v0.1,FP16,4096,measured,passed,f14320a61590e30304593a87ece9b4334cc5aba1e048bc3de5d629e299f7ea48,484c19789eb884af8fa0f76a63b2bbfbfedf64037d91bc8eae4845ab4ac89b7c,20261004T081734Z-ff28eb8e05,32,rope_ms,19.420860968750002,19.431474499999986,0.0583760359844447,19.267124,19.500553000000007,19.341899400000013,19.475294
/cephfs/shared/impact/LLM_models/Mistral-7B-v0.1,FP16,4096,measured,passed,f14320a61590e30304593a87ece9b4334cc5aba1e048bc3de5d629e299f7ea48,484c19789eb884af8fa0f76a63b2bbfbfedf64037d91bc8eae4845ab4ac89b7c,20261004T081734Z-ff28eb8e05,32,silu_ms,5.11876721875,5.123027,0.011989290182477066,5.084449,5.130340000000001,5.101934899999999,5.127755499999999
/cephfs/shared/impact/LLM_models/Mistral-7B-v0.1,FP16,4096,measured,passed,f14320a61590e30304593a87ece9b4334cc5aba1e048bc3de5d629e299f7ea48,484c19789eb884af8fa0f76a63b2bbfbfedf64037d91bc8eae4845ab4ac89b7c,20261004T081734Z-ff28eb8e05,32,rmsnorm_ms,32.94988175000001,32.972556000000026,0.05376587664273234,32.796445999999975,33.00647800000004,32.8745346,32.991113199999994
/cephfs/shared/impact/LLM_models/Mistral-7B-v0.1,FP16,4096,measured,passed,f14320a61590e30304593a87ece9b4334cc5aba1e048bc3de5d629e299f7ea48,484c19789eb884af8fa0f76a63b2bbfbfedf64037d91bc8eae4845ab4ac89b7c,20261004T081734Z-ff28eb8e05,32,attention_matmul_ms,75.22186903125,75.27235150000001,0.18586330086686645,74.69718199999998,75.47262899999998,74.95167540000001,75.38351540000001
/cephfs/shared/impact/LLM_models/Mistral-7B-v0.1,FP16,4096,measured,passed,f14320a61590e30304593a87ece9b4334cc5aba1e048bc3de5d629e299f7ea48,484c19789eb884af8fa0f76a63b2bbfbfedf64037d91bc8eae4845ab4ac89b7c,20261004T081734Z-ff28eb8e05,32,other_compute_ms,144.75772809375,144.825989,0.21711161102608925,144.097853,144.96934599999997,144.47859470000006,144.9430926
/cephfs/shared/impact/LLM_models/Mistral-7B-v0.1,FP16,4096,measured,passed,f14320a61590e30304593a87ece9b4334cc5aba1e048bc3de5d629e299f7ea48,484c19789eb884af8fa0f76a63b2bbfbfedf64037d91bc8eae4845ab4ac89b7c,20261004T081734Z-ff28eb8e05,32,quantize_ms,0.0,0.0,0.0,0.0,0.0,0.0,0.0
/cephfs/shared/impact/LLM_models/Mistral-7B-v0.1,FP16,4096,measured,passed,f14320a61590e30304593a87ece9b4334cc5aba1e048bc3de5d629e299f7ea48,484c19789eb884af8fa0f76a63b2bbfbfedf64037d91bc8eae4845ab4ac89b7c,20261004T081734Z-ff28eb8e05,32,dequantize_ms,0.0,0.0,0.0,0.0,0.0,0.0,0.0
/cephfs/shared/impact/LLM_models/Mistral-7B-v0.1,FP16,4096,measured,passed,f14320a61590e30304593a87ece9b4334cc5aba1e048bc3de5d629e299f7ea48,484c19789eb884af8fa0f76a63b2bbfbfedf64037d91bc8eae4845ab4ac89b7c,20261004T081734Z-ff28eb8e05,32,requantize_ms,0.0,0.0,0.0,0.0,0.0,0.0,0.0
/cephfs/shared/impact/LLM_models/Mistral-7B-v0.1,FP16,4096,measured,passed,f14320a61590e30304593a87ece9b4334cc5aba1e048bc3de5d629e299f7ea48,484c19789eb884af8fa0f76a63b2bbfbfedf64037d91bc8eae4845ab4ac89b7c,20261004T081734Z-ff28eb8e05,32,scale_ms,0.0,0.0,0.0,0.0,0.0,0.0,0.0
/cephfs/shared/impact/LLM_models/Mistral-7B-v0.1,FP16,4096,measured,passed,f14320a61590e30304593a87ece9b4334cc5aba1e048bc3de5d629e299f7ea48,484c19789eb884af8fa0f76a63b2bbfbfedf64037d91bc8eae4845ab4ac89b7c,20261004T081734Z-ff28eb8e05,32,packing_ms,0.0,0.0,0.0,0.0,0.0,0.0,0.0
/cephfs/shared/impact/LLM_models/Mistral-7B-v0.1,FP16,4096,measured,passed,f14320a61590e30304593a87ece9b4334cc5aba1e048bc3de5d629e299f7ea48,484c19789eb884af8fa0f76a63b2bbfbfedf64037d91bc8eae4845ab4ac89b7c,20261004T081734Z-ff28eb8e05,32,conversion_ms,99.30299784374996,99.38224300000002,0.22058887875472905,98.7138059999999,99.537623,98.94664409999996,99.47289269999997
/cephfs/shared/impact/LLM_models/Mistral-7B-v0.1,FP16,4096,measured,passed,f14320a61590e30304593a87ece9b4334cc5aba1e048bc3de5d629e299f7ea48,484c19789eb884af8fa0f76a63b2bbfbfedf64037d91bc8eae4845ab4ac89b7c,20261004T081734Z-ff28eb8e05,32,physical_total_ms,749.0305080413818,749.8085021972656,2.133319411421816,744.5369262695312,751.3767700195312,745.1038269042969,751.1225219726563
/cephfs/shared/impact/LLM_models/Mistral-7B-v0.1,FP16,4096,measured,passed,f14320a61590e30304593a87ece9b4334cc5aba1e048bc3de5d629e299f7ea48,484c19789eb884af8fa0f76a63b2bbfbfedf64037d91bc8eae4845ab4ac89b7c,20261004T081734Z-ff28eb8e05,32,profiled_physical_ms,796.9597625732422,797.3990173339844,1.9072930499713687,791.218994140625,799.148681640625,794.38125,798.4598937988281
/cephfs/shared/impact/LLM_models/Mistral-7B-v0.1,FP16,4096,measured,passed,f14320a61590e30304593a87ece9b4334cc5aba1e048bc3de5d629e299f7ea48,484c19789eb884af8fa0f76a63b2bbfbfedf64037d91bc8eae4845ab4ac89b7c,20261004T081734Z-ff28eb8e05,32,gpu_kernel_total_ms,754.9313825,755.7044535,1.9200265138394632,749.4151479999999,756.5202009999999,752.0759203999999,756.3055874
/cephfs/shared/impact/LLM_models/Mistral-7B-v0.1,FP16,4096,measured,passed,f14320a61590e30304593a87ece9b4334cc5aba1e048bc3de5d629e299f7ea48,484c19789eb884af8fa0f76a63b2bbfbfedf64037d91bc8eae4845ab4ac89b7c,20261004T081734Z-ff28eb8e05,32,gpu_activity_total_ms,755.31479440625,756.0883509999999,1.9207003387328574,749.797046,756.9045,752.4589891999999,756.6904188999999
/cephfs/shared/impact/LLM_models/Mistral-7B-v0.1,FP16,4096,measured,passed,f14320a61590e30304593a87ece9b4334cc5aba1e048bc3de5d629e299f7ea48,484c19789eb884af8fa0f76a63b2bbfbfedf64037d91bc8eae4845ab4ac89b7c,20261004T081734Z-ff28eb8e05,32,consistency_error_pct,1.7336474264013436e-14,1.7311710356736557e-14,1.1648883864716432e-14,0.0,5.1907335358671347e-14,0.0,3.461477935511423e-14
/cephfs/shared/impact/LLM_models/Mistral-7B-v0.1,FP16,4096,measured,passed,f14320a61590e30304593a87ece9b4334cc5aba1e048bc3de5d629e299f7ea48,484c19789eb884af8fa0f76a63b2bbfbfedf64037d91bc8eae4845ab4ac89b7c,20261004T081734Z-ff28eb8e05,32,nonlinear_ms,184.317771625,184.5280335,0.5242461029650615,182.81624099999996,184.754979,183.60342479999997,184.70677550000005
/cephfs/shared/impact/LLM_models/Mistral-7B-v0.1,FP16,4096,measured,passed,f14320a61590e30304593a87ece9b4334cc5aba1e048bc3de5d629e299f7ea48,484c19789eb884af8fa0f76a63b2bbfbfedf64037d91bc8eae4845ab4ac89b7c,20261004T081734Z-ff28eb8e05,32,quantization_overhead_ms,99.30299784374996,99.38224300000002,0.22058887875472905,98.7138059999999,99.537623,98.94664409999996,99.47289269999997
/cephfs/shared/impact/LLM_models/Mistral-7B-v0.1,FP16,4096,measured,passed,f14320a61590e30304593a87ece9b4334cc5aba1e048bc3de5d629e299f7ea48,484c19789eb884af8fa0f76a63b2bbfbfedf64037d91bc8eae4845ab4ac89b7c,20261004T081734Z-ff28eb8e05,32,other_ms,219.979597125,220.1160335,0.39600125533848657,218.79503499999998,220.37712000000005,219.43027010000006,220.28831900000003
/cephfs/shared/impact/LLM_models/Mistral-7B-v0.1,FP16,4096,measured,passed,f14320a61590e30304593a87ece9b4334cc5aba1e048bc3de5d629e299f7ea48,484c19789eb884af8fa0f76a63b2bbfbfedf64037d91bc8eae4845ab4ac89b7c,20261004T081734Z-ff28eb8e05,32,compute_total_ms,655.96626540625,656.6513960000001,1.6881319513170336,651.1222469999998,657.387351,653.5083781999999,657.2241513
/cephfs/shared/impact/LLM_models/Mistral-7B-v0.1,FP16,4096,measured,passed,f14320a61590e30304593a87ece9b4334cc5aba1e048bc3de5d629e299f7ea48,484c19789eb884af8fa0f76a63b2bbfbfedf64037d91bc8eae4845ab4ac89b7c,20261004T081734Z-ff28eb8e05,32,linear_pct,38.36608456516425,38.37034807471793,0.024112043161583496,38.30617298900151,38.41701302390253,38.3284671836568,38.388781524403434
/cephfs/shared/impact/LLM_models/Mistral-7B-v0.1,FP16,4096,measured,passed,f14320a61590e30304593a87ece9b4334cc5aba1e048bc3de5d629e299f7ea48,484c19789eb884af8fa0f76a63b2bbfbfedf64037d91bc8eae4845ab4ac89b7c,20261004T081734Z-ff28eb8e05,32,nonlinear_pct,28.098648177449302,28.1018334482171,0.010736511010532796,28.072181525926883,28.1108707562662,28.078465912377393,28.11012552297559
/cephfs/shared/impact/LLM_models/Mistral-7B-v0.1,FP16,4096,measured,passed,f14320a61590e30304593a87ece9b4334cc5aba1e048bc3de5d629e299f7ea48,484c19789eb884af8fa0f76a63b2bbfbfedf64037d91bc8eae4845ab4ac89b7c,20261004T081734Z-ff28eb8e05,32,other_pct,33.535267257386444,33.522143303921,0.029306669088616438,33.50288663830774,33.61665465080825,33.509711407531995,33.5785715235785
/cephfs/shared/impact/LLM_models/Mistral-7B-v0.1,W8A8,512,measured,passed,f14320a61590e30304593a87ece9b4334cc5aba1e048bc3de5d629e299f7ea48,484c19789eb884af8fa0f76a63b2bbfbfedf64037d91bc8eae4845ab4ac89b7c,20261004T082658Z-d95bd213a6,32,linear_ms,22.4802668125,22.467170999999986,0.03985374345912563,22.436486000000013,22.568221000000005,22.442347599999998,22.54911389999999
/cephfs/shared/impact/LLM_models/Mistral-7B-v0.1,W8A8,512,measured,passed,f14320a61590e30304593a87ece9b4334cc5aba1e048bc3de5d629e299f7ea48,484c19789eb884af8fa0f76a63b2bbfbfedf64037d91bc8eae4845ab4ac89b7c,20261004T082658Z-d95bd213a6,32,softmax_ms,1.20943940625,1.2095509999999998,0.0018801185079219175,1.2057390000000001,1.2132260000000001,1.206858,1.2118161000000003
/cephfs/shared/impact/LLM_models/Mistral-7B-v0.1,W8A8,512,measured,passed,f14320a61590e30304593a87ece9b4334cc5aba1e048bc3de5d629e299f7ea48,484c19789eb884af8fa0f76a63b2bbfbfedf64037d91bc8eae4845ab4ac89b7c,20261004T082658Z-d95bd213a6,32,rope_ms,3.726124937500001,3.7256280000000013,0.009516008721936448,3.711016999999999,3.7398900000000004,3.713031000000003,3.7377220000000015
/cephfs/shared/impact/LLM_models/Mistral-7B-v0.1,W8A8,512,measured,passed,f14320a61590e30304593a87ece9b4334cc5aba1e048bc3de5d629e299f7ea48,484c19789eb884af8fa0f76a63b2bbfbfedf64037d91bc8eae4845ab4ac89b7c,20261004T082658Z-d95bd213a6,32,silu_ms,0.64837234375,0.6489,0.0011442013303941839,0.646217,0.6502150000000001,0.6467396000000001,0.6494119999999999
/cephfs/shared/impact/LLM_models/Mistral-7B-v0.1,W8A8,512,measured,passed,f14320a61590e30304593a87ece9b4334cc5aba1e048bc3de5d629e299f7ea48,484c19789eb884af8fa0f76a63b2bbfbfedf64037d91bc8eae4845ab4ac89b7c,20261004T082658Z-d95bd213a6,32,rmsnorm_ms,4.228804906250004,4.231380500000002,0.004695724667418415,4.221525000000003,4.234684000000003,4.222448800000007,4.2340668000000035
/cephfs/shared/impact/LLM_models/Mistral-7B-v0.1,W8A8,512,measured,passed,f14320a61590e30304593a87ece9b4334cc5aba1e048bc3de5d629e299f7ea48,484c19789eb884af8fa0f76a63b2bbfbfedf64037d91bc8eae4845ab4ac89b7c,20261004T082658Z-d95bd213a6,32,attention_matmul_ms,1.5152573749999998,1.5156044999999998,0.0015326721920839084,1.5119850000000001,1.517489,1.5128040999999994,1.5169998999999996
/cephfs/shared/impact/LLM_models/Mistral-7B-v0.1,W8A8,512,measured,passed,f14320a61590e30304593a87ece9b4334cc5aba1e048bc3de5d629e299f7ea48,484c19789eb884af8fa0f76a63b2bbfbfedf64037d91bc8eae4845ab4ac89b7c,20261004T082658Z-d95bd213a6,32,other_compute_ms,3.348755812500001,3.3487475000000018,0.0030381629364184745,3.3438700000000003,3.3538599999999996,3.345390200000003,3.3533073000000018
/cephfs/shared/impact/LLM_models/Mistral-7B-v0.1,W8A8,512,measured,passed,f14320a61590e30304593a87ece9b4334cc5aba1e048bc3de5d629e299f7ea48,484c19789eb884af8fa0f76a63b2bbfbfedf64037d91bc8eae4845ab4ac89b7c,20261004T082658Z-d95bd213a6,32,quantize_ms,11.748012750000004,11.752128500000008,0.009235054803611883,11.733343000000012,11.761964000000006,11.735086800000005,11.7586958
/cephfs/shared/impact/LLM_models/Mistral-7B-v0.1,W8A8,512,measured,passed,f14320a61590e30304593a87ece9b4334cc5aba1e048bc3de5d629e299f7ea48,484c19789eb884af8fa0f76a63b2bbfbfedf64037d91bc8eae4845ab4ac89b7c,20261004T082658Z-d95bd213a6,32,dequantize_ms,16.793375593750014,16.79853900000001,0.011859578007123332,16.77466000000002,16.811555,16.778120700000024,16.80710410000004
/cephfs/shared/impact/LLM_models/Mistral-7B-v0.1,W8A8,512,measured,passed,f14320a61590e30304593a87ece9b4334cc5aba1e048bc3de5d629e299f7ea48,484c19789eb884af8fa0f76a63b2bbfbfedf64037d91bc8eae4845ab4ac89b7c,20261004T082658Z-d95bd213a6,32,requantize_ms,0.0,0.0,0.0,0.0,0.0,0.0,0.0
/cephfs/shared/impact/LLM_models/Mistral-7B-v0.1,W8A8,512,measured,passed,f14320a61590e30304593a87ece9b4334cc5aba1e048bc3de5d629e299f7ea48,484c19789eb884af8fa0f76a63b2bbfbfedf64037d91bc8eae4845ab4ac89b7c,20261004T082658Z-d95bd213a6,32,scale_ms,6.817274874999951,6.817367499999953,0.0024134355080707433,6.813207999999958,6.821872999999955,6.814085399999943,6.820041999999951
/cephfs/shared/impact/LLM_models/Mistral-7B-v0.1,W8A8,512,measured,passed,f14320a61590e30304593a87ece9b4334cc5aba1e048bc3de5d629e299f7ea48,484c19789eb884af8fa0f76a63b2bbfbfedf64037d91bc8eae4845ab4ac89b7c,20261004T082658Z-d95bd213a6,32,packing_ms,1.026834625,1.0273525000000001,0.001239277514548173,1.0237900000000004,1.0292259999999998,1.0252796999999998,1.0279083999999998
/cephfs/shared/impact/LLM_models/Mistral-7B-v0.1,W8A8,512,measured,passed,f14320a61590e30304593a87ece9b4334cc5aba1e048bc3de5d629e299f7ea48,484c19789eb884af8fa0f76a63b2bbfbfedf64037d91bc8eae4845ab4ac89b7c,20261004T082658Z-d95bd213a6,32,conversion_ms,6.4436852812500085,6.445316500000008,0.005569350690330684,6.435583000000013,6.45221500000001,6.436055400000009,6.450390800000005
/cephfs/shared/impact/LLM_models/Mistral-7B-v0.1,W8A8,512,measured,passed,f14320a61590e30304593a87ece9b4334cc5aba1e048bc3de5d629e299f7ea48,484c19789eb884af8fa0f76a63b2bbfbfedf64037d91bc8eae4845ab4ac89b7c,20261004T082658Z-d95bd213a6,32,physical_total_ms,105.78484678268433,105.73513412475586,0.7249800336230716,104.36595153808594,107.7597427368164,105.02924041748047,106.75534057617188
/cephfs/shared/impact/LLM_models/Mistral-7B-v0.1,W8A8,512,measured,passed,f14320a61590e30304593a87ece9b4334cc5aba1e048bc3de5d629e299f7ea48,484c19789eb884af8fa0f76a63b2bbfbfedf64037d91bc8eae4845ab4ac89b7c,20261004T082658Z-d95bd213a6,32,profiled_physical_ms,1033.0823001861572,1029.16845703125,12.831098236884035,1016.254150390625,1062.204345703125,1018.3904968261719,1049.4597900390625
/cephfs/shared/impact/LLM_models/Mistral-7B-v0.1,W8A8,512,measured,passed,f14320a61590e30304593a87ece9b4334cc5aba1e048bc3de5d629e299f7ea48,484c19789eb884af8fa0f76a63b2bbfbfedf64037d91bc8eae4845ab4ac89b7c,20261004T082658Z-d95bd213a6,32,gpu_kernel_total_ms,78.961141875,78.9733675,0.07200066831354233,78.864116,79.10073799999999,78.87295239999999,79.07129269999999
/cephfs/shared/impact/LLM_models/Mistral-7B-v0.1,W8A8,512,measured,passed,f14320a61590e30304593a87ece9b4334cc5aba1e048bc3de5d629e299f7ea48,484c19789eb884af8fa0f76a63b2bbfbfedf64037d91bc8eae4845ab4ac89b7c,20261004T082658Z-d95bd213a6,32,gpu_activity_total_ms,79.98802884375,80.0024645,0.07312876754368937,79.889053,80.127016,79.89820460000001,80.09852230000001
/cephfs/shared/impact/LLM_models/Mistral-7B-v0.1,W8A8,512,measured,passed,f14320a61590e30304593a87ece9b4334cc5aba1e048bc3de5d629e299f7ea48,484c19789eb884af8fa0f76a63b2bbfbfedf64037d91bc8eae4845ab4ac89b7c,20261004T082658Z-d95bd213a6,32,consistency_error_pct,0.007397215793709029,1.2445177871881686e-13,0.009086748250115377,1.9151574958828604e-14,0.0185602304048664,3.831184130932116e-14,0.01826566676211262
/cephfs/shared/impact/LLM_models/Mistral-7B-v0.1,W8A8,512,measured,passed,f14320a61590e30304593a87ece9b4334cc5aba1e048bc3de5d629e299f7ea48,484c19789eb884af8fa0f76a63b2bbfbfedf64037d91bc8eae4845ab4ac89b7c,20261004T082658Z-d95bd213a6,32,nonlinear_ms,9.812741593750006,9.811795500000002,0.01338462891350337,9.788112000000003,9.831715000000008,9.790569500000005,9.830175900000002
/cephfs/shared/impact/LLM_models/Mistral-7B-v0.1,W8A8,512,measured,passed,f14320a61590e30304593a87ece9b4334cc5aba1e048bc3de5d629e299f7ea48,484c19789eb884af8fa0f76a63b2bbfbfedf64037d91bc8eae4845ab4ac89b7c,20261004T082658Z-d95bd213a6,32,quantization_overhead_ms,42.82918312499998,42.84245899999996,0.028864815985114547,42.78862,42.86943899999997,42.79251819999997,42.86250419999996
/cephfs/shared/impact/LLM_models/Mistral-7B-v0.1,W8A8,512,measured,passed,f14320a61590e30304593a87ece9b4334cc5aba1e048bc3de5d629e299f7ea48,484c19789eb884af8fa0f76a63b2bbfbfedf64037d91bc8eae4845ab4ac89b7c,20261004T082658Z-d95bd213a6,32,other_ms,4.864013187500001,4.863170000000002,0.003627131937597999,4.856612999999999,4.8705110000000005,4.860249900000002,4.869192700000002
/cephfs/shared/impact/LLM_models/Mistral-7B-v0.1,W8A8,512,measured,passed,f14320a61590e30304593a87ece9b4334cc5aba1e048bc3de5d629e299f7ea48,484c19789eb884af8fa0f76a63b2bbfbfedf64037d91bc8eae4845ab4ac89b7c,20261004T082658Z-d95bd213a6,32,compute_total_ms,37.15702159375,37.148578,0.049324513599852786,37.08878600000001,37.26329600000002,37.10707410000001,37.236653900000015
/cephfs/shared/impact/LLM_models/Mistral-7B-v0.1,W8A8,512,measured,passed,f14320a61590e30304593a87ece9b4334cc5aba1e048bc3de5d629e299f7ea48,484c19789eb884af8fa0f76a63b2bbfbfedf64037d91bc8eae4845ab4ac89b7c,20261004T082658Z-d95bd213a6,32,linear_pct,60.500693578897405,60.4930285086972,0.03653841990037293,60.45134422429426,60.599480559486054,60.46136580933675,60.55223375005243
/cephfs/shared/impact/LLM_models/Mistral-7B-v0.1,W8A8,512,measured,passed,f14320a61590e30304593a87ece9b4334cc5aba1e048bc3de5d629e299f7ea48,484c19789eb884af8fa0f76a63b2bbfbfedf64037d91bc8eae4845ab4ac89b7c,20261004T082658Z-d95bd213a6,32,nonlinear_pct,26.408862951949924,26.413791130284977,0.02915000384153428,26.34604016024226,26.459853611833147,26.374967219075636,26.44226239880366
/cephfs/shared/impact/LLM_models/Mistral-7B-v0.1,W8A8,512,measured,passed,f14320a61590e30304593a87ece9b4334cc5aba1e048bc3de5d629e299f7ea48,484c19789eb884af8fa0f76a63b2bbfbfedf64037d91bc8eae4845ab4ac89b7c,20261004T082658Z-d95bd213a6,32,other_pct,13.090443469152671,13.090258695644462,0.014471672175510073,13.054479280271684,13.114983057142924,13.0698368617729,13.106973529689558
/cephfs/shared/impact/LLM_models/Mistral-7B-v0.1,W8A8,1024,measured,passed,f14320a61590e30304593a87ece9b4334cc5aba1e048bc3de5d629e299f7ea48,484c19789eb884af8fa0f76a63b2bbfbfedf64037d91bc8eae4845ab4ac89b7c,20261004T082658Z-d95bd213a6,32,linear_ms,39.46236015625,39.464430000000014,0.018921826734619212,39.42775799999998,39.506484,39.43963649999998,39.48217099999997
/cephfs/shared/impact/LLM_models/Mistral-7B-v0.1,W8A8,1024,measured,passed,f14320a61590e30304593a87ece9b4334cc5aba1e048bc3de5d629e299f7ea48,484c19789eb884af8fa0f76a63b2bbfbfedf64037d91bc8eae4845ab4ac89b7c,20261004T082658Z-d95bd213a6,32,softmax_ms,4.49258,4.4923145,0.0021383710562468423,4.488586999999999,4.498128,4.490192800000001,4.4952792000000015
/cephfs/shared/impact/LLM_models/Mistral-7B-v0.1,W8A8,1024,measured,passed,f14320a61590e30304593a87ece9b4334cc5aba1e048bc3de5d629e299f7ea48,484c19789eb884af8fa0f76a63b2bbfbfedf64037d91bc8eae4845ab4ac89b7c,20261004T082658Z-d95bd213a6,32,rope_ms,5.775772843750014,5.77604000000002,0.0024443554874423925,5.7694970000000145,5.780495000000009,5.773592300000013,5.778942400000013
/cephfs/shared/impact/LLM_models/Mistral-7B-v0.1,W8A8,1024,measured,passed,f14320a61590e30304593a87ece9b4334cc5aba1e048bc3de5d629e299f7ea48,484c19789eb884af8fa0f76a63b2bbfbfedf64037d91bc8eae4845ab4ac89b7c,20261004T082658Z-d95bd213a6,32,silu_ms,1.2525638125,1.2526040000000003,0.0003440369857742453,1.2519510000000005,1.253233,1.2521126999999999,1.2530037
/cephfs/shared/impact/LLM_models/Mistral-7B-v0.1,W8A8,1024,measured,passed,f14320a61590e30304593a87ece9b4334cc5aba1e048bc3de5d629e299f7ea48,484c19789eb884af8fa0f76a63b2bbfbfedf64037d91bc8eae4845ab4ac89b7c,20261004T082658Z-d95bd213a6,32,rmsnorm_ms,7.856870468750014,7.856922500000016,0.003994689636168575,7.846499000000011,7.865200000000014,7.851135400000017,7.861293500000011
/cephfs/shared/impact/LLM_models/Mistral-7B-v0.1,W8A8,1024,measured,passed,f14320a61590e30304593a87ece9b4334cc5aba1e048bc3de5d629e299f7ea48,484c19789eb884af8fa0f76a63b2bbfbfedf64037d91bc8eae4845ab4ac89b7c,20261004T082658Z-d95bd213a6,32,attention_matmul_ms,5.41145321875,5.411619500000002,0.0016150459443056448,5.407662999999999,5.413938000000002,5.4090662,5.413208699999999
/cephfs/shared/impact/LLM_models/Mistral-7B-v0.1,W8A8,1024,measured,passed,f14320a61590e30304593a87ece9b4334cc5aba1e048bc3de5d629e299f7ea48,484c19789eb884af8fa0f76a63b2bbfbfedf64037d91bc8eae4845ab4ac89b7c,20261004T082658Z-d95bd213a6,32,other_compute_ms,10.155648374999998,10.157967999999997,0.004544928919917012,10.148298999999996,10.160957000000002,10.148730700000002,10.159262799999997
/cephfs/shared/impact/LLM_models/Mistral-7B-v0.1,W8A8,1024,measured,passed,f14320a61590e30304593a87ece9b4334cc5aba1e048bc3de5d629e299f7ea48,484c19789eb884af8fa0f76a63b2bbfbfedf64037d91bc8eae4845ab4ac89b7c,20261004T082658Z-d95bd213a6,32,quantize_ms,23.147836156249994,23.148685500000006,0.004830628270828948,23.136937999999986,23.15585399999999,23.14172080000001,23.152829799999996
/cephfs/shared/impact/LLM_models/Mistral-7B-v0.1,W8A8,1024,measured,passed,f14320a61590e30304593a87ece9b4334cc5aba1e048bc3de5d629e299f7ea48,484c19789eb884af8fa0f76a63b2bbfbfedf64037d91bc8eae4845ab4ac89b7c,20261004T082658Z-d95bd213a6,32,dequantize_ms,32.26318987500002,32.26267950000003,0.0035586151053069275,32.25532700000002,32.26976000000005,32.25904760000004,32.26833310000001
/cephfs/shared/impact/LLM_models/Mistral-7B-v0.1,W8A8,1024,measured,passed,f14320a61590e30304593a87ece9b4334cc5aba1e048bc3de5d629e299f7ea48,484c19789eb884af8fa0f76a63b2bbfbfedf64037d91bc8eae4845ab4ac89b7c,20261004T082658Z-d95bd213a6,32,requantize_ms,0.0,0.0,0.0,0.0,0.0,0.0,0.0
/cephfs/shared/impact/LLM_models/Mistral-7B-v0.1,W8A8,1024,measured,passed,f14320a61590e30304593a87ece9b4334cc5aba1e048bc3de5d629e299f7ea48,484c19789eb884af8fa0f76a63b2bbfbfedf64037d91bc8eae4845ab4ac89b7c,20261004T082658Z-d95bd213a6,32,scale_ms,11.661391093749994,11.662045499999994,0.005993654442120608,11.649235000000012,11.672329999999986,11.652084499999987,11.66922539999999
/cephfs/shared/impact/LLM_models/Mistral-7B-v0.1,W8A8,1024,measured,passed,f14320a61590e30304593a87ece9b4334cc5aba1e048bc3de5d629e299f7ea48,484c19789eb884af8fa0f76a63b2bbfbfedf64037d91bc8eae4845ab4ac89b7c,20261004T082658Z-d95bd213a6,32,packing_ms,1.6903090312499995,1.6899875000000004,0.00241930243857896,1.68674,1.6953790000000006,1.6874486999999996,1.693148299999999
/cephfs/shared/impact/LLM_models/Mistral-7B-v0.1,W8A8,1024,measured,passed,f14320a61590e30304593a87ece9b4334cc5aba1e048bc3de5d629e299f7ea48,484c19789eb884af8fa0f76a63b2bbfbfedf64037d91bc8eae4845ab4ac89b7c,20261004T082658Z-d95bd213a6,32,conversion_ms,14.114681062499997,14.114471999999997,0.0024223887961754027,14.107565,14.11829199999999,14.111422299999996,14.1173875
/cephfs/shared/impact/LLM_models/Mistral-7B-v0.1,W8A8,1024,measured,passed,f14320a61590e30304593a87ece9b4334cc5aba1e048bc3de5d629e299f7ea48,484c19789eb884af8fa0f76a63b2bbfbfedf64037d91bc8eae4845ab4ac89b7c,20261004T082658Z-d95bd213a6,32,physical_total_ms,161.4498553276062,161.4578399658203,0.2912554324057631,160.94790649414062,162.05068969726562,161.06747283935547,161.82447052001953
/cephfs/shared/impact/LLM_models/Mistral-7B-v0.1,W8A8,1024,measured,passed,f14320a61590e30304593a87ece9b4334cc5aba1e048bc3de5d629e299f7ea48,484c19789eb884af8fa0f76a63b2bbfbfedf64037d91bc8eae4845ab4ac89b7c,20261004T082658Z-d95bd213a6,32,profiled_physical_ms,1041.742530822754,1029.7910766601562,30.253753759425102,1016.072998046875,1171.484130859375,1020.8242797851562,1072.84677734375
/cephfs/shared/impact/LLM_models/Mistral-7B-v0.1,W8A8,1024,measured,passed,f14320a61590e30304593a87ece9b4334cc5aba1e048bc3de5d629e299f7ea48,484c19789eb884af8fa0f76a63b2bbfbfedf64037d91bc8eae4845ab4ac89b7c,20261004T082658Z-d95bd213a6,32,gpu_kernel_total_ms,155.59668909375,155.598893,0.027211798515987533,155.54706800000002,155.66434499999997,155.56554309999999,155.62029350000003
/cephfs/shared/impact/LLM_models/Mistral-7B-v0.1,W8A8,1024,measured,passed,f14320a61590e30304593a87ece9b4334cc5aba1e048bc3de5d629e299f7ea48,484c19789eb884af8fa0f76a63b2bbfbfedf64037d91bc8eae4845ab4ac89b7c,20261004T082658Z-d95bd213a6,32,gpu_activity_total_ms,157.2869453125,157.28670449999998,0.02736837060625013,157.23571900000002,157.35629999999998,157.2544656,157.3101039
/cephfs/shared/impact/LLM_models/Mistral-7B-v0.1,W8A8,1024,measured,passed,f14320a61590e30304593a87ece9b4334cc5aba1e048bc3de5d629e299f7ea48,484c19789eb884af8fa0f76a63b2bbfbfedf64037d91bc8eae4845ab4ac89b7c,20261004T082658Z-d95bd213a6,32,consistency_error_pct,0.004763767997941375,7.639837606808326e-14,0.007179254731606961,0.0,0.015443848516614716,2.1019022063782516e-14,0.015248905105790501
/cephfs/shared/impact/LLM_models/Mistral-7B-v0.1,W8A8,1024,measured,passed,f14320a61590e30304593a87ece9b4334cc5aba1e048bc3de5d629e299f7ea48,484c19789eb884af8fa0f76a63b2bbfbfedf64037d91bc8eae4845ab4ac89b7c,20261004T082658Z-d95bd213a6,32,nonlinear_ms,19.377787125000026,19.378433500000035,0.0052414169701362045,19.365843000000023,19.386987000000023,19.36981570000003,19.38353100000003
/cephfs/shared/impact/LLM_models/Mistral-7B-v0.1,W8A8,1024,measured,passed,f14320a61590e30304593a87ece9b4334cc5aba1e048bc3de5d629e299f7ea48,484c19789eb884af8fa0f76a63b2bbfbfedf64037d91bc8eae4845ab4ac89b7c,20261004T082658Z-d95bd213a6,32,quantization_overhead_ms,82.87740721875001,82.87919099999998,0.011534357139781033,82.84606199999996,82.89795599999997,82.8647607,82.8912644
/cephfs/shared/impact/LLM_models/Mistral-7B-v0.1,W8A8,1024,measured,passed,f14320a61590e30304593a87ece9b4334cc5aba1e048bc3de5d629e299f7ea48,484c19789eb884af8fa0f76a63b2bbfbfedf64037d91bc8eae4845ab4ac89b7c,20261004T082658Z-d95bd213a6,32,other_ms,15.56710159375,15.568259499999995,0.004715979711161713,15.557369000000005,15.574895000000003,15.560715799999995,15.5715713
/cephfs/shared/impact/LLM_models/Mistral-7B-v0.1,W8A8,1024,measured,passed,f14320a61590e30304593a87ece9b4334cc5aba1e048bc3de5d629e299f7ea48,484c19789eb884af8fa0f76a63b2bbfbfedf64037d91bc8eae4845ab4ac89b7c,20261004T082658Z-d95bd213a6,32,compute_total_ms,74.40724887500002,74.40771450000003,0.018837132446918287,74.37630200000001,74.45270800000003,74.38289600000002,74.42838680000003
/cephfs/shared/impact/LLM_models/Mistral-7B-v0.1,W8A8,1024,measured,passed,f14320a61590e30304593a87ece9b4334cc5aba1e048bc3de5d629e299f7ea48,484c19789eb884af8fa0f76a63b2bbfbfedf64037d91bc8eae4845ab4ac89b7c,20261004T082658Z-d95bd213a6,32,linear_pct,53.03563680412964,53.03658490594274,0.013737741449259983,53.01091618606748,53.06293246729441,53.018644292619705,53.053435161448235
/cephfs/shared/impact/LLM_models/Mistral-7B-v0.1,W8A8,1024,measured,passed,f14320a61590e30304593a87ece9b4334cc5aba1e048bc3de5d629e299f7ea48,484c19789eb884af8fa0f76a63b2bbfbfedf64037d91bc8eae4845ab4ac89b7c,20261004T082658Z-d95bd213a6,32,nonlinear_pct,26.042876883314765,26.04150820989696,0.009222375496368812,26.023200527098222,26.065488565488593,26.031823497880307,26.05286820548786
/cephfs/shared/impact/LLM_models/Mistral-7B-v0.1,W8A8,1024,measured,passed,f14320a61590e30304593a87ece9b4334cc5aba1e048bc3de5d629e299f7ea48,484c19789eb884af8fa0f76a63b2bbfbfedf64037d91bc8eae4845ab4ac89b7c,20261004T082658Z-d95bd213a6,32,other_pct,20.9214863125556,20.92122121896338,0.007634276641328216,20.907118555144873,20.935223426408044,20.91160413987446,20.932308515730014
/cephfs/shared/impact/LLM_models/Mistral-7B-v0.1,W8A8,2048,measured,passed,f14320a61590e30304593a87ece9b4334cc5aba1e048bc3de5d629e299f7ea48,484c19789eb884af8fa0f76a63b2bbfbfedf64037d91bc8eae4845ab4ac89b7c,20261004T082658Z-d95bd213a6,32,linear_ms,72.71301725,72.71707800000001,0.06559502619618508,72.53902799999996,72.79777199999997,72.6438096,72.77667049999998
/cephfs/shared/impact/LLM_models/Mistral-7B-v0.1,W8A8,2048,measured,passed,f14320a61590e30304593a87ece9b4334cc5aba1e048bc3de5d629e299f7ea48,484c19789eb884af8fa0f76a63b2bbfbfedf64037d91bc8eae4845ab4ac89b7c,20261004T082658Z-d95bd213a6,32,softmax_ms,45.425260125,45.42460899999999,0.0038698434889585165,45.418938999999995,45.438905000000005,45.42316270000001,45.42598339999999
/cephfs/shared/impact/LLM_models/Mistral-7B-v0.1,W8A8,2048,measured,passed,f14320a61590e30304593a87ece9b4334cc5aba1e048bc3de5d629e299f7ea48,484c19789eb884af8fa0f76a63b2bbfbfedf64037d91bc8eae4845ab4ac89b7c,20261004T082658Z-d95bd213a6,32,rope_ms,9.802184906250016,9.801435500000022,0.004005801722818984,9.793702000000012,9.81296300000002,9.798773800000015,9.805919900000012
/cephfs/shared/impact/LLM_models/Mistral-7B-v0.1,W8A8,2048,measured,passed,f14320a61590e30304593a87ece9b4334cc5aba1e048bc3de5d629e299f7ea48,484c19789eb884af8fa0f76a63b2bbfbfedf64037d91bc8eae4845ab4ac89b7c,20261004T082658Z-d95bd213a6,32,silu_ms,2.4143071875,2.4141369999999998,0.0011832635688582692,2.412056,2.417751,2.4131195999999995,2.4153534999999993
/cephfs/shared/impact/LLM_models/Mistral-7B-v0.1,W8A8,2048,measured,passed,f14320a61590e30304593a87ece9b4334cc5aba1e048bc3de5d629e299f7ea48,484c19789eb884af8fa0f76a63b2bbfbfedf64037d91bc8eae4845ab4ac89b7c,20261004T082658Z-d95bd213a6,32,rmsnorm_ms,16.460361781249997,16.459017000000003,0.006001522885953485,16.45228199999999,16.476892,16.454261299999995,16.4653554
/cephfs/shared/impact/LLM_models/Mistral-7B-v0.1,W8A8,2048,measured,passed,f14320a61590e30304593a87ece9b4334cc5aba1e048bc3de5d629e299f7ea48,484c19789eb884af8fa0f76a63b2bbfbfedf64037d91bc8eae4845ab4ac89b7c,20261004T082658Z-d95bd213a6,32,attention_matmul_ms,18.65573434375,18.655516,0.005169626108707967,18.643625999999998,18.664633999999996,18.649281400000003,18.662836000000002
/cephfs/shared/impact/LLM_models/Mistral-7B-v0.1,W8A8,2048,measured,passed,f14320a61590e30304593a87ece9b4334cc5aba1e048bc3de5d629e299f7ea48,484c19789eb884af8fa0f76a63b2bbfbfedf64037d91bc8eae4845ab4ac89b7c,20261004T082658Z-d95bd213a6,32,other_compute_ms,35.962300093749995,35.962172999999986,0.008092499519602546,35.946533,35.98496500000001,35.954321300000004,35.971884700000004
/cephfs/shared/impact/LLM_models/Mistral-7B-v0.1,W8A8,2048,measured,passed,f14320a61590e30304593a87ece9b4334cc5aba1e048bc3de5d629e299f7ea48,484c19789eb884af8fa0f76a63b2bbfbfedf64037d91bc8eae4845ab4ac89b7c,20261004T082658Z-d95bd213a6,32,quantize_ms,52.52826131249997,52.52809899999997,0.007279236123696303,52.51454399999996,52.554786000000014,52.52099769999995,52.53475099999997
/cephfs/shared/impact/LLM_models/Mistral-7B-v0.1,W8A8,2048,measured,passed,f14320a61590e30304593a87ece9b4334cc5aba1e048bc3de5d629e299f7ea48,484c19789eb884af8fa0f76a63b2bbfbfedf64037d91bc8eae4845ab4ac89b7c,20261004T082658Z-d95bd213a6,32,dequantize_ms,62.79700081249998,62.79542650000002,0.007600336335667976,62.78467500000002,62.81876299999998,62.788486999999975,62.80667369999998
/cephfs/shared/impact/LLM_models/Mistral-7B-v0.1,W8A8,2048,measured,passed,f14320a61590e30304593a87ece9b4334cc5aba1e048bc3de5d629e299f7ea48,484c19789eb884af8fa0f76a63b2bbfbfedf64037d91bc8eae4845ab4ac89b7c,20261004T082658Z-d95bd213a6,32,requantize_ms,0.0,0.0,0.0,0.0,0.0,0.0,0.0
/cephfs/shared/impact/LLM_models/Mistral-7B-v0.1,W8A8,2048,measured,passed,f14320a61590e30304593a87ece9b4334cc5aba1e048bc3de5d629e299f7ea48,484c19789eb884af8fa0f76a63b2bbfbfedf64037d91bc8eae4845ab4ac89b7c,20261004T082658Z-d95bd213a6,32,scale_ms,22.551653718749986,22.55078849999998,0.008519645332746881,22.53530700000001,22.57482700000001,22.541584300000004,22.56159120000001
/cephfs/shared/impact/LLM_models/Mistral-7B-v0.1,W8A8,2048,measured,passed,f14320a61590e30304593a87ece9b4334cc5aba1e048bc3de5d629e299f7ea48,484c19789eb884af8fa0f76a63b2bbfbfedf64037d91bc8eae4845ab4ac89b7c,20261004T082658Z-d95bd213a6,32,packing_ms,2.9729826874999996,2.97304,0.0021977464034847044,2.968672,2.9780199999999986,2.970130200000001,2.9751487999999995
/cephfs/shared/impact/LLM_models/Mistral-7B-v0.1,W8A8,2048,measured,passed,f14320a61590e30304593a87ece9b4334cc5aba1e048bc3de5d629e299f7ea48,484c19789eb884af8fa0f76a63b2bbfbfedf64037d91bc8eae4845ab4ac89b7c,20261004T082658Z-d95bd213a6,32,conversion_ms,38.42290321874999,38.42195299999999,0.005695526805812003,38.41017799999998,38.44005299999999,38.4186318,38.42888179999998
/cephfs/shared/impact/LLM_models/Mistral-7B-v0.1,W8A8,2048,measured,passed,f14320a61590e30304593a87ece9b4334cc5aba1e048bc3de5d629e299f7ea48,484c19789eb884af8fa0f76a63b2bbfbfedf64037d91bc8eae4845ab4ac89b7c,20261004T082658Z-d95bd213a6,32,physical_total_ms,385.9189615249634,385.9601745605469,0.5302686532991943,384.6788024902344,387.0094299316406,385.2789276123047,386.42189331054686
/cephfs/shared/impact/LLM_models/Mistral-7B-v0.1,W8A8,2048,measured,passed,f14320a61590e30304593a87ece9b4334cc5aba1e048bc3de5d629e299f7ea48,484c19789eb884af8fa0f76a63b2bbfbfedf64037d91bc8eae4845ab4ac89b7c,20261004T082658Z-d95bd213a6,32,profiled_physical_ms,1039.6853656768799,1034.4515380859375,18.751754691740345,1015.6383666992188,1078.03076171875,1019.0658447265625,1067.3231201171875
/cephfs/shared/impact/LLM_models/Mistral-7B-v0.1,W8A8,2048,measured,passed,f14320a61590e30304593a87ece9b4334cc5aba1e048bc3de5d629e299f7ea48,484c19789eb884af8fa0f76a63b2bbfbfedf64037d91bc8eae4845ab4ac89b7c,20261004T082658Z-d95bd213a6,32,gpu_kernel_total_ms,377.730636125,377.73918649999996,0.06363618633711773,377.599176,377.81964300000004,377.6519904999999,377.80421390000004
/cephfs/shared/impact/LLM_models/Mistral-7B-v0.1,W8A8,2048,measured,passed,f14320a61590e30304593a87ece9b4334cc5aba1e048bc3de5d629e299f7ea48,484c19789eb884af8fa0f76a63b2bbfbfedf64037d91bc8eae4845ab4ac89b7c,20261004T082658Z-d95bd213a6,32,gpu_activity_total_ms,380.70352675,380.71101,0.06382330032964971,380.575987,380.797384,380.62393349999996,380.7789213
/cephfs/shared/impact/LLM_models/Mistral-7B-v0.1,W8A8,2048,measured,passed,f14320a61590e30304593a87ece9b4334cc5aba1e048bc3de5d629e299f7ea48,484c19789eb884af8fa0f76a63b2bbfbfedf64037d91bc8eae4845ab4ac89b7c,20261004T082658Z-d95bd213a6,32,consistency_error_pct,3.836150709770253e-14,4.2320516883626234e-14,1.612306127238341e-14,1.4103035947654487e-14,7.057190823177407e-14,1.4112322158584478e-14,5.6451006244670054e-14
/cephfs/shared/impact/LLM_models/Mistral-7B-v0.1,W8A8,2048,measured,passed,f14320a61590e30304593a87ece9b4334cc5aba1e048bc3de5d629e299f7ea48,484c19789eb884af8fa0f76a63b2bbfbfedf64037d91bc8eae4845ab4ac89b7c,20261004T082658Z-d95bd213a6,32,nonlinear_ms,74.10211400000001,74.10013500000002,0.011422279592833574,74.0868,74.13255800000002,74.0894296,74.12071260000002
/cephfs/shared/impact/LLM_models/Mistral-7B-v0.1,W8A8,2048,measured,passed,f14320a61590e30304593a87ece9b4334cc5aba1e048bc3de5d629e299f7ea48,484c19789eb884af8fa0f76a63b2bbfbfedf64037d91bc8eae4845ab4ac89b7c,20261004T082658Z-d95bd213a6,32,quantization_overhead_ms,179.27280174999993,179.26986899999991,0.019333973888540096,179.23744999999994,179.3226459999999,179.25131069999998,179.29685369999987
/cephfs/shared/impact/LLM_models/Mistral-7B-v0.1,W8A8,2048,measured,passed,f14320a61590e30304593a87ece9b4334cc5aba1e048bc3de5d629e299f7ea48,484c19789eb884af8fa0f76a63b2bbfbfedf64037d91bc8eae4845ab4ac89b7c,20261004T082658Z-d95bd213a6,32,other_ms,54.6180344375,54.616735,0.008415958419867838,54.60334600000001,54.63707100000001,54.60813390000001,54.63021200000001
/cephfs/shared/impact/LLM_models/Mistral-7B-v0.1,W8A8,2048,measured,passed,f14320a61590e30304593a87ece9b4334cc5aba1e048bc3de5d629e299f7ea48,484c19789eb884af8fa0f76a63b2bbfbfedf64037d91bc8eae4845ab4ac89b7c,20261004T082658Z-d95bd213a6,32,compute_total_ms,201.4331656875,201.446203,0.06069960215230802,201.29577999999998,201.51538500000004,201.3546799,201.5004434
/cephfs/shared/impact/LLM_models/Mistral-7B-v0.1,W8A8,2048,measured,passed,f14320a61590e30304593a87ece9b4334cc5aba1e048bc3de5d629e299f7ea48,484c19789eb884af8fa0f76a63b2bbfbfedf64037d91bc8eae4845ab4ac89b7c,20261004T082658Z-d95bd213a6,32,linear_pct,36.097831670500014,36.099342262046775,0.02218595167041532,36.036040099797404,36.125713828485985,36.07727968408547,36.11953056015585
/cephfs/shared/impact/LLM_models/Mistral-7B-v0.1,W8A8,2048,measured,passed,f14320a61590e30304593a87ece9b4334cc5aba1e048bc3de5d629e299f7ea48,484c19789eb884af8fa0f76a63b2bbfbfedf64037d91bc8eae4845ab4ac89b7c,20261004T082658Z-d95bd213a6,32,nonlinear_pct,36.787448253753944,36.785512260332396,0.013986206277025104,36.77284325416483,36.82767616886952,36.77415237236641,36.796872434753126
/cephfs/shared/impact/LLM_models/Mistral-7B-v0.1,W8A8,2048,measured,passed,f14320a61590e30304593a87ece9b4334cc5aba1e048bc3de5d629e299f7ea48,484c19789eb884af8fa0f76a63b2bbfbfedf64037d91bc8eae4845ab4ac89b7c,20261004T082658Z-d95bd213a6,32,other_pct,27.114720075746042,27.11290828158112,0.008827743519434706,27.10013563337972,27.136283731333055,27.10482269211276,27.12699380754942
/cephfs/shared/impact/LLM_models/Mistral-7B-v0.1,W8A8,4096,measured,passed,f14320a61590e30304593a87ece9b4334cc5aba1e048bc3de5d629e299f7ea48,484c19789eb884af8fa0f76a63b2bbfbfedf64037d91bc8eae4845ab4ac89b7c,20261004T082658Z-d95bd213a6,32,linear_ms,146.09532125,146.20123,0.6952224270556522,144.56487100000004,146.9329680000001,145.15348480000006,146.84767569999997
/cephfs/shared/impact/LLM_models/Mistral-7B-v0.1,W8A8,4096,measured,passed,f14320a61590e30304593a87ece9b4334cc5aba1e048bc3de5d629e299f7ea48,484c19789eb884af8fa0f76a63b2bbfbfedf64037d91bc8eae4845ab4ac89b7c,20261004T082658Z-d95bd213a6,32,softmax_ms,117.865590625,117.9598755,0.77594358526231,116.39899900000002,118.82889299999997,116.7265853,118.8040681
/cephfs/shared/impact/LLM_models/Mistral-7B-v0.1,W8A8,4096,measured,passed,f14320a61590e30304593a87ece9b4334cc5aba1e048bc3de5d629e299f7ea48,484c19789eb884af8fa0f76a63b2bbfbfedf64037d91bc8eae4845ab4ac89b7c,20261004T082658Z-d95bd213a6,32,rope_ms,18.342019937499998,18.35994049999999,0.09308957016798962,18.157488999999998,18.474084999999995,18.206394199999988,18.44542040000001
/cephfs/shared/impact/LLM_models/Mistral-7B-v0.1,W8A8,4096,measured,passed,f14320a61590e30304593a87ece9b4334cc5aba1e048bc3de5d629e299f7ea48,484c19789eb884af8fa0f76a63b2bbfbfedf64037d91bc8eae4845ab4ac89b7c,20261004T082658Z-d95bd213a6,32,silu_ms,4.8500130624999995,4.850481,0.020462250664431806,4.810074999999999,4.8794889999999995,4.823513999999999,4.875086700000001
/cephfs/shared/impact/LLM_models/Mistral-7B-v0.1,W8A8,4096,measured,passed,f14320a61590e30304593a87ece9b4334cc5aba1e048bc3de5d629e299f7ea48,484c19789eb884af8fa0f76a63b2bbfbfedf64037d91bc8eae4845ab4ac89b7c,20261004T082658Z-d95bd213a6,32,rmsnorm_ms,31.85715628125,31.856123500000006,0.10009004845709568,31.667095999999987,32.01066199999999,31.728304700000013,31.982814400000002
/cephfs/shared/impact/LLM_models/Mistral-7B-v0.1,W8A8,4096,measured,passed,f14320a61590e30304593a87ece9b4334cc5aba1e048bc3de5d629e299f7ea48,484c19789eb884af8fa0f76a63b2bbfbfedf64037d91bc8eae4845ab4ac89b7c,20261004T082658Z-d95bd213a6,32,attention_matmul_ms,71.38698409375,71.44199500000002,0.3425501413364719,70.74857800000001,71.84834300000003,70.87756710000001,71.78525870000003
/cephfs/shared/impact/LLM_models/Mistral-7B-v0.1,W8A8,4096,measured,passed,f14320a61590e30304593a87ece9b4334cc5aba1e048bc3de5d629e299f7ea48,484c19789eb884af8fa0f76a63b2bbfbfedf64037d91bc8eae4845ab4ac89b7c,20261004T082658Z-d95bd213a6,32,other_compute_ms,140.50906528124997,140.56220649999995,0.38469295177064716,139.77655699999997,141.00082499999996,139.96889720000001,140.96502009999998
/cephfs/shared/impact/LLM_models/Mistral-7B-v0.1,W8A8,4096,measured,passed,f14320a61590e30304593a87ece9b4334cc5aba1e048bc3de5d629e299f7ea48,484c19789eb884af8fa0f76a63b2bbfbfedf64037d91bc8eae4845ab4ac89b7c,20261004T082658Z-d95bd213a6,32,quantize_ms,105.03472693749998,105.05852249999992,0.20802814829307667,104.66052900000005,105.32245000000002,104.77175740000006,105.30184030000001
/cephfs/shared/impact/LLM_models/Mistral-7B-v0.1,W8A8,4096,measured,passed,f14320a61590e30304593a87ece9b4334cc5aba1e048bc3de5d629e299f7ea48,484c19789eb884af8fa0f76a63b2bbfbfedf64037d91bc8eae4845ab4ac89b7c,20261004T082658Z-d95bd213a6,32,dequantize_ms,125.49822037500002,125.51422200000005,0.4215362219314784,124.675206,126.08312000000008,124.91839859999978,126.02389330000008
/cephfs/shared/impact/LLM_models/Mistral-7B-v0.1,W8A8,4096,measured,passed,f14320a61590e30304593a87ece9b4334cc5aba1e048bc3de5d629e299f7ea48,484c19789eb884af8fa0f76a63b2bbfbfedf64037d91bc8eae4845ab4ac89b7c,20261004T082658Z-d95bd213a6,32,requantize_ms,0.0,0.0,0.0,0.0,0.0,0.0,0.0
/cephfs/shared/impact/LLM_models/Mistral-7B-v0.1,W8A8,4096,measured,passed,f14320a61590e30304593a87ece9b4334cc5aba1e048bc3de5d629e299f7ea48,484c19789eb884af8fa0f76a63b2bbfbfedf64037d91bc8eae4845ab4ac89b7c,20261004T082658Z-d95bd213a6,32,scale_ms,42.16718653125,42.16917150000002,0.04532218146388082,42.083976999999926,42.244831000000026,42.10407960000005,42.220386799999964
/cephfs/shared/impact/LLM_models/Mistral-7B-v0.1,W8A8,4096,measured,passed,f14320a61590e30304593a87ece9b4334cc5aba1e048bc3de5d629e299f7ea48,484c19789eb884af8fa0f76a63b2bbfbfedf64037d91bc8eae4845ab4ac89b7c,20261004T082658Z-d95bd213a6,32,packing_ms,6.225510968749997,6.225548999999999,0.020640822929150416,6.1854159999999965,6.256657999999996,6.1965682999999965,6.252841399999997
/cephfs/shared/impact/LLM_models/Mistral-7B-v0.1,W8A8,4096,measured,passed,f14320a61590e30304593a87ece9b4334cc5aba1e048bc3de5d629e299f7ea48,484c19789eb884af8fa0f76a63b2bbfbfedf64037d91bc8eae4845ab4ac89b7c,20261004T082658Z-d95bd213a6,32,conversion_ms,121.18208434375,121.23524600000002,0.5625421884484029,120.10364500000006,121.906023,120.38423999999998,121.88335740000005
/cephfs/shared/impact/LLM_models/Mistral-7B-v0.1,W8A8,4096,measured,passed,f14320a61590e30304593a87ece9b4334cc5aba1e048bc3de5d629e299f7ea48,484c19789eb884af8fa0f76a63b2bbfbfedf64037d91bc8eae4845ab4ac89b7c,20261004T082658Z-d95bd213a6,32,physical_total_ms,935.8020648956299,936.1146850585938,3.3949043670929555,927.780029296875,939.40234375,931.0631958007813,939.2514221191407
/cephfs/shared/impact/LLM_models/Mistral-7B-v0.1,W8A8,4096,measured,passed,f14320a61590e30304593a87ece9b4334cc5aba1e048bc3de5d629e299f7ea48,484c19789eb884af8fa0f76a63b2bbfbfedf64037d91bc8eae4845ab4ac89b7c,20261004T082658Z-d95bd213a6,32,profiled_physical_ms,1051.8762168884277,1046.5471801757812,18.24723536105622,1032.4365234375,1125.088134765625,1035.6026123046875,1069.72568359375
/cephfs/shared/impact/LLM_models/Mistral-7B-v0.1,W8A8,4096,measured,passed,f14320a61590e30304593a87ece9b4334cc5aba1e048bc3de5d629e299f7ea48,484c19789eb884af8fa0f76a63b2bbfbfedf64037d91bc8eae4845ab4ac89b7c,20261004T082658Z-d95bd213a6,32,gpu_kernel_total_ms,924.8087070937501,925.372288,3.531677596577115,917.9232730000001,929.1913300000001,919.943828,929.0543963
/cephfs/shared/impact/LLM_models/Mistral-7B-v0.1,W8A8,4096,measured,passed,f14320a61590e30304593a87ece9b4334cc5aba1e048bc3de5d629e299f7ea48,484c19789eb884af8fa0f76a63b2bbfbfedf64037d91bc8eae4845ab4ac89b7c,20261004T082658Z-d95bd213a6,32,gpu_activity_total_ms,931.03506090625,931.6026724999999,3.5524566556951864,924.1081439999999,935.446044,926.1446440999999,935.3111729
/cephfs/shared/impact/LLM_models/Mistral-7B-v0.1,W8A8,4096,measured,passed,f14320a61590e30304593a87ece9b4334cc5aba1e048bc3de5d629e299f7ea48,484c19789eb884af8fa0f76a63b2bbfbfedf64037d91bc8eae4845ab4ac89b7c,20261004T082658Z-d95bd213a6,32,consistency_error_pct,2.4768356472053824e-14,2.155589500143442e-14,1.637940883168479e-14,0.0,4.308575484500826e-14,0.0,4.2905523300034664e-14
/cephfs/shared/impact/LLM_models/Mistral-7B-v0.1,W8A8,4096,measured,passed,f14320a61590e30304593a87ece9b4334cc5aba1e048bc3de5d629e299f7ea48,484c19789eb884af8fa0f76a63b2bbfbfedf64037d91bc8eae4845ab4ac89b7c,20261004T082658Z-d95bd213a6,32,nonlinear_ms,172.91477990625,173.0217515,0.9860215907759916,171.05662900000002,174.17056499999998,171.4928992,174.1005186
/cephfs/shared/impact/LLM_models/Mistral-7B-v0.1,W8A8,4096,measured,passed,f14320a61590e30304593a87ece9b4334cc5aba1e048bc3de5d629e299f7ea48,484c19789eb884af8fa0f76a63b2bbfbfedf64037d91bc8eae4845ab4ac89b7c,20261004T082658Z-d95bd213a6,32,quantization_overhead_ms,400.10772915625,400.17087799999996,1.1717199909207783,397.8311670000001,401.6590990000001,398.46299849999986,401.58861450000006
/cephfs/shared/impact/LLM_models/Mistral-7B-v0.1,W8A8,4096,measured,passed,f14320a61590e30304593a87ece9b4334cc5aba1e048bc3de5d629e299f7ea48,484c19789eb884af8fa0f76a63b2bbfbfedf64037d91bc8eae4845ab4ac89b7c,20261004T082658Z-d95bd213a6,32,other_ms,211.896049375,212.00420149999997,0.7237956418903522,210.55153399999995,212.79976399999993,210.85193790000002,212.76011770000005
/cephfs/shared/impact/LLM_models/Mistral-7B-v0.1,W8A8,4096,measured,passed,f14320a61590e30304593a87ece9b4334cc5aba1e048bc3de5d629e299f7ea48,484c19789eb884af8fa0f76a63b2bbfbfedf64037d91bc8eae4845ab4ac89b7c,20261004T082658Z-d95bd213a6,32,compute_total_ms,530.90615053125,531.2171739999999,2.3877695885625103,526.173034,533.8554490000001,527.6702379000001,533.6658979
/cephfs/shared/impact/LLM_models/Mistral-7B-v0.1,W8A8,4096,measured,passed,f14320a61590e30304593a87ece9b4334cc5aba1e048bc3de5d629e299f7ea48,484c19789eb884af8fa0f76a63b2bbfbfedf64037d91bc8eae4845ab4ac89b7c,20261004T082658Z-d95bd213a6,32,linear_pct,27.51808429125731,27.518726693950857,0.023888777531027406,27.460305565869174,27.559279422305227,27.484518997328422,27.547709074901412
/cephfs/shared/impact/LLM_models/Mistral-7B-v0.1,W8A8,4096,measured,passed,f14320a61590e30304593a87ece9b4334cc5aba1e048bc3de5d629e299f7ea48,484c19789eb884af8fa0f76a63b2bbfbfedf64037d91bc8eae4845ab4ac89b7c,20261004T082658Z-d95bd213a6,32,nonlinear_pct,32.5695773248014,32.57256985445168,0.042108410748756056,32.47729691612242,32.63267000842304,32.51699737229189,32.62100672403733
/cephfs/shared/impact/LLM_models/Mistral-7B-v0.1,W8A8,4096,measured,passed,f14320a61590e30304593a87ece9b4334cc5aba1e048bc3de5d629e299f7ea48,484c19789eb884af8fa0f76a63b2bbfbfedf64037d91bc8eae4845ab4ac89b7c,20261004T082658Z-d95bd213a6,32,other_pct,39.91233838394129,39.9094471327288,0.04487856098807737,39.85197049098584,40.01564511951023,39.86152592340384,39.970128910613724
/cephfs/shared/impact/LLM_models/llama-2-7b-hf,FP16,512,measured,passed,5dee9633ebdc78686d77fff8e22fe46b07065d090315624733ec2ee90043c3b6,ba9457487a4bde6e74b4c1695a75dceea9024aae9a77610029c1c1733b2c4e10,20261004T084442Z-483d17715a,32,linear_ms,32.50333021875,32.488719,0.07074170976197118,32.39927900000002,32.66915599999999,32.43100160000001,32.59043900000001
/cephfs/shared/impact/LLM_models/llama-2-7b-hf,FP16,512,measured,passed,5dee9633ebdc78686d77fff8e22fe46b07065d090315624733ec2ee90043c3b6,ba9457487a4bde6e74b4c1695a75dceea9024aae9a77610029c1c1733b2c4e10,20261004T084442Z-483d17715a,32,softmax_ms,1.2286915625000001,1.2283020000000002,0.0016405909229948404,1.225403,1.2313889999999996,1.2268503999999996,1.2311970000000003
/cephfs/shared/impact/LLM_models/llama-2-7b-hf,FP16,512,measured,passed,5dee9633ebdc78686d77fff8e22fe46b07065d090315624733ec2ee90043c3b6,ba9457487a4bde6e74b4c1695a75dceea9024aae9a77610029c1c1733b2c4e10,20261004T084442Z-483d17715a,32,rope_ms,3.921166343750001,3.920355500000001,0.006886779989222751,3.908419000000004,3.9329410000000005,3.9128542000000053,3.9296803000000033
/cephfs/shared/impact/LLM_models/llama-2-7b-hf,FP16,512,measured,passed,5dee9633ebdc78686d77fff8e22fe46b07065d090315624733ec2ee90043c3b6,ba9457487a4bde6e74b4c1695a75dceea9024aae9a77610029c1c1733b2c4e10,20261004T084442Z-483d17715a,32,silu_ms,0.5105950312499999,0.5106804999999999,0.0007011561182915892,0.509176,0.512021,0.5097263,0.511356
/cephfs/shared/impact/LLM_models/llama-2-7b-hf,FP16,512,measured,passed,5dee9633ebdc78686d77fff8e22fe46b07065d090315624733ec2ee90043c3b6,ba9457487a4bde6e74b4c1695a75dceea9024aae9a77610029c1c1733b2c4e10,20261004T084442Z-483d17715a,32,rmsnorm_ms,4.362243843749992,4.3606199999999955,0.006721894928248923,4.352269999999989,4.3790919999999955,4.355425299999991,4.3726481999999915
/cephfs/shared/impact/LLM_models/llama-2-7b-hf,FP16,512,measured,passed,5dee9633ebdc78686d77fff8e22fe46b07065d090315624733ec2ee90043c3b6,ba9457487a4bde6e74b4c1695a75dceea9024aae9a77610029c1c1733b2c4e10,20261004T084442Z-483d17715a,32,attention_matmul_ms,1.5277918124999998,1.5267835,0.0020535688280286764,1.524976,1.5320790000000002,1.5254507,1.5305508
/cephfs/shared/impact/LLM_models/llama-2-7b-hf,FP16,512,measured,passed,5dee9633ebdc78686d77fff8e22fe46b07065d090315624733ec2ee90043c3b6,ba9457487a4bde6e74b4c1695a75dceea9024aae9a77610029c1c1733b2c4e10,20261004T084442Z-483d17715a,32,other_compute_ms,3.05425765625,3.0539829999999997,0.0035783327042829462,3.048731999999998,3.0614219999999985,3.0502615000000004,3.0591453000000004
/cephfs/shared/impact/LLM_models/llama-2-7b-hf,FP16,512,measured,passed,5dee9633ebdc78686d77fff8e22fe46b07065d090315624733ec2ee90043c3b6,ba9457487a4bde6e74b4c1695a75dceea9024aae9a77610029c1c1733b2c4e10,20261004T084442Z-483d17715a,32,quantize_ms,0.0,0.0,0.0,0.0,0.0,0.0,0.0
/cephfs/shared/impact/LLM_models/llama-2-7b-hf,FP16,512,measured,passed,5dee9633ebdc78686d77fff8e22fe46b07065d090315624733ec2ee90043c3b6,ba9457487a4bde6e74b4c1695a75dceea9024aae9a77610029c1c1733b2c4e10,20261004T084442Z-483d17715a,32,dequantize_ms,0.0,0.0,0.0,0.0,0.0,0.0,0.0
/cephfs/shared/impact/LLM_models/llama-2-7b-hf,FP16,512,measured,passed,5dee9633ebdc78686d77fff8e22fe46b07065d090315624733ec2ee90043c3b6,ba9457487a4bde6e74b4c1695a75dceea9024aae9a77610029c1c1733b2c4e10,20261004T084442Z-483d17715a,32,requantize_ms,0.0,0.0,0.0,0.0,0.0,0.0,0.0
/cephfs/shared/impact/LLM_models/llama-2-7b-hf,FP16,512,measured,passed,5dee9633ebdc78686d77fff8e22fe46b07065d090315624733ec2ee90043c3b6,ba9457487a4bde6e74b4c1695a75dceea9024aae9a77610029c1c1733b2c4e10,20261004T084442Z-483d17715a,32,scale_ms,0.0,0.0,0.0,0.0,0.0,0.0,0.0
/cephfs/shared/impact/LLM_models/llama-2-7b-hf,FP16,512,measured,passed,5dee9633ebdc78686d77fff8e22fe46b07065d090315624733ec2ee90043c3b6,ba9457487a4bde6e74b4c1695a75dceea9024aae9a77610029c1c1733b2c4e10,20261004T084442Z-483d17715a,32,packing_ms,0.0,0.0,0.0,0.0,0.0,0.0,0.0
/cephfs/shared/impact/LLM_models/llama-2-7b-hf,FP16,512,measured,passed,5dee9633ebdc78686d77fff8e22fe46b07065d090315624733ec2ee90043c3b6,ba9457487a4bde6e74b4c1695a75dceea9024aae9a77610029c1c1733b2c4e10,20261004T084442Z-483d17715a,32,conversion_ms,2.080516031249999,2.0800814999999986,0.002228844348092741,2.0767759999999993,2.0849369999999974,2.078129399999998,2.0842063000000004
/cephfs/shared/impact/LLM_models/llama-2-7b-hf,FP16,512,measured,passed,5dee9633ebdc78686d77fff8e22fe46b07065d090315624733ec2ee90043c3b6,ba9457487a4bde6e74b4c1695a75dceea9024aae9a77610029c1c1733b2c4e10,20261004T084442Z-483d17715a,32,physical_total_ms,51.590773940086365,51.58692932128906,0.20164955311618868,51.210689544677734,51.971038818359375,51.35473747253418,51.825720977783206
/cephfs/shared/impact/LLM_models/llama-2-7b-hf,FP16,512,measured,passed,5dee9633ebdc78686d77fff8e22fe46b07065d090315624733ec2ee90043c3b6,ba9457487a4bde6e74b4c1695a75dceea9024aae9a77610029c1c1733b2c4e10,20261004T084442Z-483d17715a,32,profiled_physical_ms,362.0685005187988,360.219970703125,6.212315078984823,355.1631774902344,380.8560791015625,356.09848937988284,371.8863830566406
/cephfs/shared/impact/LLM_models/llama-2-7b-hf,FP16,512,measured,passed,5dee9633ebdc78686d77fff8e22fe46b07065d090315624733ec2ee90043c3b6,ba9457487a4bde6e74b4c1695a75dceea9024aae9a77610029c1c1733b2c4e10,20261004T084442Z-483d17715a,32,gpu_kernel_total_ms,49.01278490625,48.988200000000006,0.07859858957462211,48.901382,49.210117,48.9341875,49.110314699999996
/cephfs/shared/impact/LLM_models/llama-2-7b-hf,FP16,512,measured,passed,5dee9633ebdc78686d77fff8e22fe46b07065d090315624733ec2ee90043c3b6,ba9457487a4bde6e74b4c1695a75dceea9024aae9a77610029c1c1733b2c4e10,20261004T084442Z-483d17715a,32,gpu_activity_total_ms,49.1891706875,49.1648175,0.07884985422714004,49.077302,49.387440000000005,49.1102254,49.2872241
/cephfs/shared/impact/LLM_models/llama-2-7b-hf,FP16,512,measured,passed,5dee9633ebdc78686d77fff8e22fe46b07065d090315624733ec2ee90043c3b6,ba9457487a4bde6e74b4c1695a75dceea9024aae9a77610029c1c1733b2c4e10,20261004T084442Z-483d17715a,32,consistency_error_pct,2.4040574322529203e-14,1.5108692716915352e-14,1.618457357458347e-14,0.0,6.035308343960459e-14,1.5053412582614286e-15,4.526404735266243e-14
/cephfs/shared/impact/LLM_models/llama-2-7b-hf,FP16,512,measured,passed,5dee9633ebdc78686d77fff8e22fe46b07065d090315624733ec2ee90043c3b6,ba9457487a4bde6e74b4c1695a75dceea9024aae9a77610029c1c1733b2c4e10,20261004T084442Z-483d17715a,32,nonlinear_ms,10.022696781249993,10.02071999999999,0.014433362757826248,9.999672999999994,10.055250999999997,10.007266300000001,10.043330799999994
/cephfs/shared/impact/LLM_models/llama-2-7b-hf,FP16,512,measured,passed,5dee9633ebdc78686d77fff8e22fe46b07065d090315624733ec2ee90043c3b6,ba9457487a4bde6e74b4c1695a75dceea9024aae9a77610029c1c1733b2c4e10,20261004T084442Z-483d17715a,32,quantization_overhead_ms,2.080516031249999,2.0800814999999986,0.002228844348092741,2.0767759999999993,2.0849369999999974,2.078129399999998,2.0842063000000004
/cephfs/shared/impact/LLM_models/llama-2-7b-hf,FP16,512,measured,passed,5dee9633ebdc78686d77fff8e22fe46b07065d090315624733ec2ee90043c3b6,ba9457487a4bde6e74b4c1695a75dceea9024aae9a77610029c1c1733b2c4e10,20261004T084442Z-483d17715a,32,other_ms,4.58204946875,4.581065500000001,0.005213136391007796,4.574625000000001,4.592793999999999,4.576587299999998,4.5894881000000005
/cephfs/shared/impact/LLM_models/llama-2-7b-hf,FP16,512,measured,passed,5dee9633ebdc78686d77fff8e22fe46b07065d090315624733ec2ee90043c3b6,ba9457487a4bde6e74b4c1695a75dceea9024aae9a77610029c1c1733b2c4e10,20261004T084442Z-483d17715a,32,compute_total_ms,47.10807646875,47.08174599999998,0.07817790973240263,46.99170800000001,47.30303699999998,47.03214990000001,47.2122751
/cephfs/shared/impact/LLM_models/llama-2-7b-hf,FP16,512,measured,passed,5dee9633ebdc78686d77fff8e22fe46b07065d090315624733ec2ee90043c3b6,ba9457487a4bde6e74b4c1695a75dceea9024aae9a77610029c1c1733b2c4e10,20261004T084442Z-483d17715a,32,linear_pct,68.99731181518098,68.991618302116,0.04723608042726276,68.9284998533041,69.1046348030514,68.94098109108386,69.06352576069739
/cephfs/shared/impact/LLM_models/llama-2-7b-hf,FP16,512,measured,passed,5dee9633ebdc78686d77fff8e22fe46b07065d090315624733ec2ee90043c3b6,ba9457487a4bde6e74b4c1695a75dceea9024aae9a77610029c1c1733b2c4e10,20261004T084442Z-483d17715a,32,nonlinear_pct,21.27599849521733,21.275143753106764,0.03555157895847494,21.19564616509009,21.33014602617271,21.22510147756365,21.317149918466068
/cephfs/shared/impact/LLM_models/llama-2-7b-hf,FP16,512,measured,passed,5dee9633ebdc78686d77fff8e22fe46b07065d090315624733ec2ee90043c3b6,ba9457487a4bde6e74b4c1695a75dceea9024aae9a77610029c1c1733b2c4e10,20261004T084442Z-483d17715a,32,other_pct,9.726689689601697,9.728400358715676,0.012575677097828518,9.699719031858521,9.744331993737653,9.709785239282011,9.741282685885775
/cephfs/shared/impact/LLM_models/llama-2-7b-hf,FP16,1024,measured,passed,5dee9633ebdc78686d77fff8e22fe46b07065d090315624733ec2ee90043c3b6,ba9457487a4bde6e74b4c1695a75dceea9024aae9a77610029c1c1733b2c4e10,20261004T084442Z-483d17715a,32,linear_ms,58.81105906249999,58.8018355,0.057935892611062974,58.718570999999976,58.924631000000005,58.74657319999997,58.89845599999998
/cephfs/shared/impact/LLM_models/llama-2-7b-hf,FP16,1024,measured,passed,5dee9633ebdc78686d77fff8e22fe46b07065d090315624733ec2ee90043c3b6,ba9457487a4bde6e74b4c1695a75dceea9024aae9a77610029c1c1733b2c4e10,20261004T084442Z-483d17715a,32,softmax_ms,4.53480665625,4.5350505000000005,0.005577483214412547,4.524008,4.545482,4.5269884,4.540932
/cephfs/shared/impact/LLM_models/llama-2-7b-hf,FP16,1024,measured,passed,5dee9633ebdc78686d77fff8e22fe46b07065d090315624733ec2ee90043c3b6,ba9457487a4bde6e74b4c1695a75dceea9024aae9a77610029c1c1733b2c4e10,20261004T084442Z-483d17715a,32,rope_ms,7.036424968750002,7.039166000000002,0.01208902934144652,7.0137079999999985,7.056435000000004,7.019595200000001,7.047701300000003
/cephfs/shared/impact/LLM_models/llama-2-7b-hf,FP16,1024,measured,passed,5dee9633ebdc78686d77fff8e22fe46b07065d090315624733ec2ee90043c3b6,ba9457487a4bde6e74b4c1695a75dceea9024aae9a77610029c1c1733b2c4e10,20261004T084442Z-483d17715a,32,silu_ms,1.00873159375,1.0085725,0.0013652399495911905,1.0057429999999998,1.0118809999999998,1.0073386,1.0100539
/cephfs/shared/impact/LLM_models/llama-2-7b-hf,FP16,1024,measured,passed,5dee9633ebdc78686d77fff8e22fe46b07065d090315624733ec2ee90043c3b6,ba9457487a4bde6e74b4c1695a75dceea9024aae9a77610029c1c1733b2c4e10,20261004T084442Z-483d17715a,32,rmsnorm_ms,7.895691343750016,7.893717000000012,0.01084087085720386,7.874609000000024,7.9173060000000195,7.884485300000011,7.90840610000001
/cephfs/shared/impact/LLM_models/llama-2-7b-hf,FP16,1024,measured,passed,5dee9633ebdc78686d77fff8e22fe46b07065d090315624733ec2ee90043c3b6,ba9457487a4bde6e74b4c1695a75dceea9024aae9a77610029c1c1733b2c4e10,20261004T084442Z-483d17715a,32,attention_matmul_ms,5.45960028125,5.461226999999999,0.007425567493179073,5.445566000000001,5.471176999999999,5.4494644,5.4694982
/cephfs/shared/impact/LLM_models/llama-2-7b-hf,FP16,1024,measured,passed,5dee9633ebdc78686d77fff8e22fe46b07065d090315624733ec2ee90043c3b6,ba9457487a4bde6e74b4c1695a75dceea9024aae9a77610029c1c1733b2c4e10,20261004T084442Z-483d17715a,32,other_compute_ms,9.749484906250002,9.7493455,0.008867538096571627,9.732035000000003,9.763344999999996,9.739060899999998,9.760557300000004
/cephfs/shared/impact/LLM_models/llama-2-7b-hf,FP16,1024,measured,passed,5dee9633ebdc78686d77fff8e22fe46b07065d090315624733ec2ee90043c3b6,ba9457487a4bde6e74b4c1695a75dceea9024aae9a77610029c1c1733b2c4e10,20261004T084442Z-483d17715a,32,quantize_ms,0.0,0.0,0.0,0.0,0.0,0.0,0.0
/cephfs/shared/impact/LLM_models/llama-2-7b-hf,FP16,1024,measured,passed,5dee9633ebdc78686d77fff8e22fe46b07065d090315624733ec2ee90043c3b6,ba9457487a4bde6e74b4c1695a75dceea9024aae9a77610029c1c1733b2c4e10,20261004T084442Z-483d17715a,32,dequantize_ms,0.0,0.0,0.0,0.0,0.0,0.0,0.0
/cephfs/shared/impact/LLM_models/llama-2-7b-hf,FP16,1024,measured,passed,5dee9633ebdc78686d77fff8e22fe46b07065d090315624733ec2ee90043c3b6,ba9457487a4bde6e74b4c1695a75dceea9024aae9a77610029c1c1733b2c4e10,20261004T084442Z-483d17715a,32,requantize_ms,0.0,0.0,0.0,0.0,0.0,0.0,0.0
/cephfs/shared/impact/LLM_models/llama-2-7b-hf,FP16,1024,measured,passed,5dee9633ebdc78686d77fff8e22fe46b07065d090315624733ec2ee90043c3b6,ba9457487a4bde6e74b4c1695a75dceea9024aae9a77610029c1c1733b2c4e10,20261004T084442Z-483d17715a,32,scale_ms,0.0,0.0,0.0,0.0,0.0,0.0,0.0
/cephfs/shared/impact/LLM_models/llama-2-7b-hf,FP16,1024,measured,passed,5dee9633ebdc78686d77fff8e22fe46b07065d090315624733ec2ee90043c3b6,ba9457487a4bde6e74b4c1695a75dceea9024aae9a77610029c1c1733b2c4e10,20261004T084442Z-483d17715a,32,packing_ms,0.0,0.0,0.0,0.0,0.0,0.0,0.0
/cephfs/shared/impact/LLM_models/llama-2-7b-hf,FP16,1024,measured,passed,5dee9633ebdc78686d77fff8e22fe46b07065d090315624733ec2ee90043c3b6,ba9457487a4bde6e74b4c1695a75dceea9024aae9a77610029c1c1733b2c4e10,20261004T084442Z-483d17715a,32,conversion_ms,6.433865031250018,6.432205500000022,0.008327940342835006,6.421901000000023,6.449508000000021,6.424595500000016,6.444488900000015
/cephfs/shared/impact/LLM_models/llama-2-7b-hf,FP16,1024,measured,passed,5dee9633ebdc78686d77fff8e22fe46b07065d090315624733ec2ee90043c3b6,ba9457487a4bde6e74b4c1695a75dceea9024aae9a77610029c1c1733b2c4e10,20261004T084442Z-483d17715a,32,physical_total_ms,107.44875311851501,107.44553756713867,0.16685758804764295,107.02381134033203,107.79804992675781,107.26146621704102,107.64836349487305
/cephfs/shared/impact/LLM_models/llama-2-7b-hf,FP16,1024,measured,passed,5dee9633ebdc78686d77fff8e22fe46b07065d090315624733ec2ee90043c3b6,ba9457487a4bde6e74b4c1695a75dceea9024aae9a77610029c1c1733b2c4e10,20261004T084442Z-483d17715a,32,profiled_physical_ms,359.5121154785156,358.63780212402344,3.909024521171941,354.8280029296875,371.29730224609375,355.7387756347656,364.2928405761719
/cephfs/shared/impact/LLM_models/llama-2-7b-hf,FP16,1024,measured,passed,5dee9633ebdc78686d77fff8e22fe46b07065d090315624733ec2ee90043c3b6,ba9457487a4bde6e74b4c1695a75dceea9024aae9a77610029c1c1733b2c4e10,20261004T084442Z-483d17715a,32,gpu_kernel_total_ms,100.666418625,100.63299,0.10884533345213196,100.506334,100.87243300000002,100.53166740000002,100.8308461
/cephfs/shared/impact/LLM_models/llama-2-7b-hf,FP16,1024,measured,passed,5dee9633ebdc78686d77fff8e22fe46b07065d090315624733ec2ee90043c3b6,ba9457487a4bde6e74b4c1695a75dceea9024aae9a77610029c1c1733b2c4e10,20261004T084442Z-483d17715a,32,gpu_activity_total_ms,100.93187321875,100.8973545,0.10927532466730348,100.771272,101.138329,100.79655519999999,101.09651690000001
/cephfs/shared/impact/LLM_models/llama-2-7b-hf,FP16,1024,measured,passed,5dee9633ebdc78686d77fff8e22fe46b07065d090315624733ec2ee90043c3b6,ba9457487a4bde6e74b4c1695a75dceea9024aae9a77610029c1c1733b2c4e10,20261004T084442Z-483d17715a,32,consistency_error_pct,4.042275227749044e-14,4.507730946467591e-14,1.6854450924025477e-14,0.0,7.532885143483664e-14,1.503683608134412e-14,6.017043906244075e-14
/cephfs/shared/impact/LLM_models/llama-2-7b-hf,FP16,1024,measured,passed,5dee9633ebdc78686d77fff8e22fe46b07065d090315624733ec2ee90043c3b6,ba9457487a4bde6e74b4c1695a75dceea9024aae9a77610029c1c1733b2c4e10,20261004T084442Z-483d17715a,32,nonlinear_ms,20.47565456250002,20.47711950000002,0.02567599719072181,20.42249700000002,20.526568000000026,20.444576800000025,20.50658080000001
/cephfs/shared/impact/LLM_models/llama-2-7b-hf,FP16,1024,measured,passed,5dee9633ebdc78686d77fff8e22fe46b07065d090315624733ec2ee90043c3b6,ba9457487a4bde6e74b4c1695a75dceea9024aae9a77610029c1c1733b2c4e10,20261004T084442Z-483d17715a,32,quantization_overhead_ms,6.433865031250018,6.432205500000022,0.008327940342835006,6.421901000000023,6.449508000000021,6.424595500000016,6.444488900000015
/cephfs/shared/impact/LLM_models/llama-2-7b-hf,FP16,1024,measured,passed,5dee9633ebdc78686d77fff8e22fe46b07065d090315624733ec2ee90043c3b6,ba9457487a4bde6e74b4c1695a75dceea9024aae9a77610029c1c1733b2c4e10,20261004T084442Z-483d17715a,32,other_ms,15.209085187500001,15.211085500000003,0.015913579331029916,15.177601000000005,15.233516999999996,15.189824799999998,15.229770200000006
/cephfs/shared/impact/LLM_models/llama-2-7b-hf,FP16,1024,measured,passed,5dee9633ebdc78686d77fff8e22fe46b07065d090315624733ec2ee90043c3b6,ba9457487a4bde6e74b4c1695a75dceea9024aae9a77610029c1c1733b2c4e10,20261004T084442Z-483d17715a,32,compute_total_ms,94.49579881250001,94.47594300000003,0.09630289967711865,94.34937100000002,94.68471600000002,94.37324360000002,94.63518990000001
/cephfs/shared/impact/LLM_models/llama-2-7b-hf,FP16,1024,measured,passed,5dee9633ebdc78686d77fff8e22fe46b07065d090315624733ec2ee90043c3b6,ba9457487a4bde6e74b4c1695a75dceea9024aae9a77610029c1c1733b2c4e10,20261004T084442Z-483d17715a,32,linear_pct,62.23669492983385,62.23460596969931,0.011790449459717058,62.215755854856084,62.267795086837396,62.225261980301546,62.25247294983867
/cephfs/shared/impact/LLM_models/llama-2-7b-hf,FP16,1024,measured,passed,5dee9633ebdc78686d77fff8e22fe46b07065d090315624733ec2ee90043c3b6,ba9457487a4bde6e74b4c1695a75dceea9024aae9a77610029c1c1733b2c4e10,20261004T084442Z-483d17715a,32,nonlinear_pct,21.66831853844035,21.6695989932606,0.00821752119337685,21.645610122827442,21.68313785323098,21.658181890599902,21.678213481604846
/cephfs/shared/impact/LLM_models/llama-2-7b-hf,FP16,1024,measured,passed,5dee9633ebdc78686d77fff8e22fe46b07065d090315624733ec2ee90043c3b6,ba9457487a4bde6e74b4c1695a75dceea9024aae9a77610029c1c1733b2c4e10,20261004T084442Z-483d17715a,32,other_pct,16.0949865317258,16.09442975286467,0.0068136702022440696,16.08205911273641,16.107266744017004,16.08548285406255,16.102141490511283
/cephfs/shared/impact/LLM_models/llama-2-7b-hf,FP16,2048,measured,passed,5dee9633ebdc78686d77fff8e22fe46b07065d090315624733ec2ee90043c3b6,ba9457487a4bde6e74b4c1695a75dceea9024aae9a77610029c1c1733b2c4e10,20261004T084442Z-483d17715a,32,linear_ms,113.777400125,113.862674,0.3784319021197592,113.126559,114.44328199999994,113.2437808,114.1555479
/cephfs/shared/impact/LLM_models/llama-2-7b-hf,FP16,2048,measured,passed,5dee9633ebdc78686d77fff8e22fe46b07065d090315624733ec2ee90043c3b6,ba9457487a4bde6e74b4c1695a75dceea9024aae9a77610029c1c1733b2c4e10,20261004T084442Z-483d17715a,32,softmax_ms,47.321661625,47.302681499999984,0.19804722197378302,46.99079700000001,47.827774999999995,47.09561969999999,47.50866860000001
/cephfs/shared/impact/LLM_models/llama-2-7b-hf,FP16,2048,measured,passed,5dee9633ebdc78686d77fff8e22fe46b07065d090315624733ec2ee90043c3b6,ba9457487a4bde6e74b4c1695a75dceea9024aae9a77610029c1c1733b2c4e10,20261004T084442Z-483d17715a,32,rope_ms,14.10361878125,14.10724500000001,0.048941660150687606,14.016392999999997,14.214069000000002,14.032757100000012,14.150508200000003
/cephfs/shared/impact/LLM_models/llama-2-7b-hf,FP16,2048,measured,passed,5dee9633ebdc78686d77fff8e22fe46b07065d090315624733ec2ee90043c3b6,ba9457487a4bde6e74b4c1695a75dceea9024aae9a77610029c1c1733b2c4e10,20261004T084442Z-483d17715a,32,silu_ms,1.9251475625,1.9248630000000002,0.005167421325696066,1.916496,1.937488,1.9182326,1.9301439000000002
/cephfs/shared/impact/LLM_models/llama-2-7b-hf,FP16,2048,measured,passed,5dee9633ebdc78686d77fff8e22fe46b07065d090315624733ec2ee90043c3b6,ba9457487a4bde6e74b4c1695a75dceea9024aae9a77610029c1c1733b2c4e10,20261004T084442Z-483d17715a,32,rmsnorm_ms,16.95107996875,16.946986499999994,0.04029291257815935,16.884677000000007,17.035503999999996,16.895946099999986,16.998534200000005
/cephfs/shared/impact/LLM_models/llama-2-7b-hf,FP16,2048,measured,passed,5dee9633ebdc78686d77fff8e22fe46b07065d090315624733ec2ee90043c3b6,ba9457487a4bde6e74b4c1695a75dceea9024aae9a77610029c1c1733b2c4e10,20261004T084442Z-483d17715a,32,attention_matmul_ms,19.41016478125,19.410649499999998,0.056380256842801006,19.304597,19.541614000000003,19.340335499999995,19.4651477
/cephfs/shared/impact/LLM_models/llama-2-7b-hf,FP16,2048,measured,passed,5dee9633ebdc78686d77fff8e22fe46b07065d090315624733ec2ee90043c3b6,ba9457487a4bde6e74b4c1695a75dceea9024aae9a77610029c1c1733b2c4e10,20261004T084442Z-483d17715a,32,other_compute_ms,35.56091121874999,35.55908099999998,0.0653287961195894,35.453670999999986,35.721548999999996,35.47758519999999,35.6262256
/cephfs/shared/impact/LLM_models/llama-2-7b-hf,FP16,2048,measured,passed,5dee9633ebdc78686d77fff8e22fe46b07065d090315624733ec2ee90043c3b6,ba9457487a4bde6e74b4c1695a75dceea9024aae9a77610029c1c1733b2c4e10,20261004T084442Z-483d17715a,32,quantize_ms,0.0,0.0,0.0,0.0,0.0,0.0,0.0
/cephfs/shared/impact/LLM_models/llama-2-7b-hf,FP16,2048,measured,passed,5dee9633ebdc78686d77fff8e22fe46b07065d090315624733ec2ee90043c3b6,ba9457487a4bde6e74b4c1695a75dceea9024aae9a77610029c1c1733b2c4e10,20261004T084442Z-483d17715a,32,dequantize_ms,0.0,0.0,0.0,0.0,0.0,0.0,0.0
/cephfs/shared/impact/LLM_models/llama-2-7b-hf,FP16,2048,measured,passed,5dee9633ebdc78686d77fff8e22fe46b07065d090315624733ec2ee90043c3b6,ba9457487a4bde6e74b4c1695a75dceea9024aae9a77610029c1c1733b2c4e10,20261004T084442Z-483d17715a,32,requantize_ms,0.0,0.0,0.0,0.0,0.0,0.0,0.0
/cephfs/shared/impact/LLM_models/llama-2-7b-hf,FP16,2048,measured,passed,5dee9633ebdc78686d77fff8e22fe46b07065d090315624733ec2ee90043c3b6,ba9457487a4bde6e74b4c1695a75dceea9024aae9a77610029c1c1733b2c4e10,20261004T084442Z-483d17715a,32,scale_ms,0.0,0.0,0.0,0.0,0.0,0.0,0.0
/cephfs/shared/impact/LLM_models/llama-2-7b-hf,FP16,2048,measured,passed,5dee9633ebdc78686d77fff8e22fe46b07065d090315624733ec2ee90043c3b6,ba9457487a4bde6e74b4c1695a75dceea9024aae9a77610029c1c1733b2c4e10,20261004T084442Z-483d17715a,32,packing_ms,0.0,0.0,0.0,0.0,0.0,0.0,0.0
/cephfs/shared/impact/LLM_models/llama-2-7b-hf,FP16,2048,measured,passed,5dee9633ebdc78686d77fff8e22fe46b07065d090315624733ec2ee90043c3b6,ba9457487a4bde6e74b4c1695a75dceea9024aae9a77610029c1c1733b2c4e10,20261004T084442Z-483d17715a,32,conversion_ms,23.151204062500014,23.15030850000001,0.06838610003829602,23.035521000000013,23.31821000000003,23.06782570000002,23.220218900000013
/cephfs/shared/impact/LLM_models/llama-2-7b-hf,FP16,2048,measured,passed,5dee9633ebdc78686d77fff8e22fe46b07065d090315624733ec2ee90043c3b6,ba9457487a4bde6e74b4c1695a75dceea9024aae9a77610029c1c1733b2c4e10,20261004T084442Z-483d17715a,32,physical_total_ms,280.2806930541992,280.30873107910156,0.9285623225056147,278.8078918457031,281.88458251953125,279.02935791015625,281.3494415283203
/cephfs/shared/impact/LLM_models/llama-2-7b-hf,FP16,2048,measured,passed,5dee9633ebdc78686d77fff8e22fe46b07065d090315624733ec2ee90043c3b6,ba9457487a4bde6e74b4c1695a75dceea9024aae9a77610029c1c1733b2c4e10,20261004T084442Z-483d17715a,32,profiled_physical_ms,359.65117168426514,359.668701171875,2.521648302569663,354.6945495605469,366.6993103027344,357.22681884765626,362.2862884521484
/cephfs/shared/impact/LLM_models/llama-2-7b-hf,FP16,2048,measured,passed,5dee9633ebdc78686d77fff8e22fe46b07065d090315624733ec2ee90043c3b6,ba9457487a4bde6e74b4c1695a75dceea9024aae9a77610029c1c1733b2c4e10,20261004T084442Z-483d17715a,32,gpu_kernel_total_ms,272.07565384375,272.0905345,0.8357424043330542,270.67113399999994,273.876975,270.91555020000004,272.9123415
/cephfs/shared/impact/LLM_models/llama-2-7b-hf,FP16,2048,measured,passed,5dee9633ebdc78686d77fff8e22fe46b07065d090315624733ec2ee90043c3b6,ba9457487a4bde6e74b4c1695a75dceea9024aae9a77610029c1c1733b2c4e10,20261004T084442Z-483d17715a,32,gpu_activity_total_ms,272.205399875,272.2190195,0.8383764716765899,270.79831,274.013555,271.0430912,273.0417286
/cephfs/shared/impact/LLM_models/llama-2-7b-hf,FP16,2048,measured,passed,5dee9633ebdc78686d77fff8e22fe46b07065d090315624733ec2ee90043c3b6,ba9457487a4bde6e74b4c1695a75dceea9024aae9a77610029c1c1733b2c4e10,20261004T084442Z-483d17715a,32,consistency_error_pct,1.820167348799639e-14,2.276186462763313e-14,9.976818271139548e-15,0.0,4.570651851162717e-14,1.1378826959049007e-14,2.2932635879362974e-14
/cephfs/shared/impact/LLM_models/llama-2-7b-hf,FP16,2048,measured,passed,5dee9633ebdc78686d77fff8e22fe46b07065d090315624733ec2ee90043c3b6,ba9457487a4bde6e74b4c1695a75dceea9024aae9a77610029c1c1733b2c4e10,20261004T084442Z-483d17715a,32,nonlinear_ms,80.3015079375,80.26925199999997,0.29073055274866383,79.80970800000001,81.01349699999999,79.95407089999999,80.58068970000001
/cephfs/shared/impact/LLM_models/llama-2-7b-hf,FP16,2048,measured,passed,5dee9633ebdc78686d77fff8e22fe46b07065d090315624733ec2ee90043c3b6,ba9457487a4bde6e74b4c1695a75dceea9024aae9a77610029c1c1733b2c4e10,20261004T084442Z-483d17715a,32,quantization_overhead_ms,23.151204062500014,23.15030850000001,0.06838610003829602,23.035521000000013,23.31821000000003,23.06782570000002,23.220218900000013
/cephfs/shared/impact/LLM_models/llama-2-7b-hf,FP16,2048,measured,passed,5dee9633ebdc78686d77fff8e22fe46b07065d090315624733ec2ee90043c3b6,ba9457487a4bde6e74b4c1695a75dceea9024aae9a77610029c1c1733b2c4e10,20261004T084442Z-483d17715a,32,other_ms,54.971076,54.96728949999999,0.12075970082718634,54.761439,55.263163,54.81329229999998,55.08908860000001
/cephfs/shared/impact/LLM_models/llama-2-7b-hf,FP16,2048,measured,passed,5dee9633ebdc78686d77fff8e22fe46b07065d090315624733ec2ee90043c3b6,ba9457487a4bde6e74b4c1695a75dceea9024aae9a77610029c1c1733b2c4e10,20261004T084442Z-483d17715a,32,compute_total_ms,249.0499840625,249.05783249999996,0.7723842460893934,247.718855,250.69534499999997,247.9514488,249.77795450000002
/cephfs/shared/impact/LLM_models/llama-2-7b-hf,FP16,2048,measured,passed,5dee9633ebdc78686d77fff8e22fe46b07065d090315624733ec2ee90043c3b6,ba9457487a4bde6e74b4c1695a75dceea9024aae9a77610029c1c1733b2c4e10,20261004T084442Z-483d17715a,32,linear_pct,45.68454384095468,45.686118802386076,0.033105658388353255,45.611765446998476,45.75768112462149,45.64376876303349,45.72447787863033
/cephfs/shared/impact/LLM_models/llama-2-7b-hf,FP16,2048,measured,passed,5dee9633ebdc78686d77fff8e22fe46b07065d090315624733ec2ee90043c3b6,ba9457487a4bde6e74b4c1695a75dceea9024aae9a77610029c1c1733b2c4e10,20261004T084442Z-483d17715a,32,nonlinear_pct,32.24308591825978,32.24475684738616,0.027255317209264458,32.18641053907447,32.3155170671398,32.21600928578818,32.27591059348775
/cephfs/shared/impact/LLM_models/llama-2-7b-hf,FP16,2048,measured,passed,5dee9633ebdc78686d77fff8e22fe46b07065d090315624733ec2ee90043c3b6,ba9457487a4bde6e74b4c1695a75dceea9024aae9a77610029c1c1733b2c4e10,20261004T084442Z-483d17715a,32,other_pct,22.07237024078554,22.0689982563009,0.0238023428548993,22.03090497667108,22.111179688008736,22.0440417293076,22.10650153543671
/cephfs/shared/impact/LLM_models/llama-2-7b-hf,FP16,4096,measured,passed,5dee9633ebdc78686d77fff8e22fe46b07065d090315624733ec2ee90043c3b6,ba9457487a4bde6e74b4c1695a75dceea9024aae9a77610029c1c1733b2c4e10,20261004T084442Z-483d17715a,32,linear_ms,235.62199771875,235.8288584999999,0.5687971691784951,233.98297200000022,236.32832399999998,234.70849270000008,236.15652369999998
/cephfs/shared/impact/LLM_models/llama-2-7b-hf,FP16,4096,measured,passed,5dee9633ebdc78686d77fff8e22fe46b07065d090315624733ec2ee90043c3b6,ba9457487a4bde6e74b4c1695a75dceea9024aae9a77610029c1c1733b2c4e10,20261004T084442Z-483d17715a,32,softmax_ms,126.97175631249999,127.06724599999998,0.4043532931807936,125.527103,127.45955799999996,126.47094650000003,127.33945320000001
/cephfs/shared/impact/LLM_models/llama-2-7b-hf,FP16,4096,measured,passed,5dee9633ebdc78686d77fff8e22fe46b07065d090315624733ec2ee90043c3b6,ba9457487a4bde6e74b4c1695a75dceea9024aae9a77610029c1c1733b2c4e10,20261004T084442Z-483d17715a,32,rope_ms,28.65354328125,28.663742999999993,0.07641334716219825,28.475209999999997,28.808347999999995,28.55839290000001,28.73588669999999
/cephfs/shared/impact/LLM_models/llama-2-7b-hf,FP16,4096,measured,passed,5dee9633ebdc78686d77fff8e22fe46b07065d090315624733ec2ee90043c3b6,ba9457487a4bde6e74b4c1695a75dceea9024aae9a77610029c1c1733b2c4e10,20261004T084442Z-483d17715a,32,silu_ms,3.967942625,3.970258500000001,0.007737748408644657,3.941724,3.9768220000000003,3.9580094,3.9753549
/cephfs/shared/impact/LLM_models/llama-2-7b-hf,FP16,4096,measured,passed,5dee9633ebdc78686d77fff8e22fe46b07065d090315624733ec2ee90043c3b6,ba9457487a4bde6e74b4c1695a75dceea9024aae9a77610029c1c1733b2c4e10,20261004T084442Z-483d17715a,32,rmsnorm_ms,33.06870978125002,33.07953650000003,0.0518274734534036,32.89378900000001,33.152318999999984,33.00257860000003,33.12177280000002
/cephfs/shared/impact/LLM_models/llama-2-7b-hf,FP16,4096,measured,passed,5dee9633ebdc78686d77fff8e22fe46b07065d090315624733ec2ee90043c3b6,ba9457487a4bde6e74b4c1695a75dceea9024aae9a77610029c1c1733b2c4e10,20261004T084442Z-483d17715a,32,attention_matmul_ms,76.2001665625,76.22344850000002,0.19237700730394694,75.589918,76.52437800000001,75.97055309999998,76.39398999999997
/cephfs/shared/impact/LLM_models/llama-2-7b-hf,FP16,4096,measured,passed,5dee9633ebdc78686d77fff8e22fe46b07065d090315624733ec2ee90043c3b6,ba9457487a4bde6e74b4c1695a75dceea9024aae9a77610029c1c1733b2c4e10,20261004T084442Z-483d17715a,32,other_compute_ms,143.20402375,143.24264950000003,0.24363234161057093,142.44326999999993,143.66556400000002,142.9195555,143.46067690000007
/cephfs/shared/impact/LLM_models/llama-2-7b-hf,FP16,4096,measured,passed,5dee9633ebdc78686d77fff8e22fe46b07065d090315624733ec2ee90043c3b6,ba9457487a4bde6e74b4c1695a75dceea9024aae9a77610029c1c1733b2c4e10,20261004T084442Z-483d17715a,32,quantize_ms,0.0,0.0,0.0,0.0,0.0,0.0,0.0
/cephfs/shared/impact/LLM_models/llama-2-7b-hf,FP16,4096,measured,passed,5dee9633ebdc78686d77fff8e22fe46b07065d090315624733ec2ee90043c3b6,ba9457487a4bde6e74b4c1695a75dceea9024aae9a77610029c1c1733b2c4e10,20261004T084442Z-483d17715a,32,dequantize_ms,0.0,0.0,0.0,0.0,0.0,0.0,0.0
/cephfs/shared/impact/LLM_models/llama-2-7b-hf,FP16,4096,measured,passed,5dee9633ebdc78686d77fff8e22fe46b07065d090315624733ec2ee90043c3b6,ba9457487a4bde6e74b4c1695a75dceea9024aae9a77610029c1c1733b2c4e10,20261004T084442Z-483d17715a,32,requantize_ms,0.0,0.0,0.0,0.0,0.0,0.0,0.0
/cephfs/shared/impact/LLM_models/llama-2-7b-hf,FP16,4096,measured,passed,5dee9633ebdc78686d77fff8e22fe46b07065d090315624733ec2ee90043c3b6,ba9457487a4bde6e74b4c1695a75dceea9024aae9a77610029c1c1733b2c4e10,20261004T084442Z-483d17715a,32,scale_ms,0.0,0.0,0.0,0.0,0.0,0.0,0.0
/cephfs/shared/impact/LLM_models/llama-2-7b-hf,FP16,4096,measured,passed,5dee9633ebdc78686d77fff8e22fe46b07065d090315624733ec2ee90043c3b6,ba9457487a4bde6e74b4c1695a75dceea9024aae9a77610029c1c1733b2c4e10,20261004T084442Z-483d17715a,32,packing_ms,0.0,0.0,0.0,0.0,0.0,0.0,0.0
/cephfs/shared/impact/LLM_models/llama-2-7b-hf,FP16,4096,measured,passed,5dee9633ebdc78686d77fff8e22fe46b07065d090315624733ec2ee90043c3b6,ba9457487a4bde6e74b4c1695a75dceea9024aae9a77610029c1c1733b2c4e10,20261004T084442Z-483d17715a,32,conversion_ms,94.49658056249993,94.53427749999994,0.22005215954638505,93.77284499999992,94.78952299999999,94.22034449999991,94.71779400000001
/cephfs/shared/impact/LLM_models/llama-2-7b-hf,FP16,4096,measured,passed,5dee9633ebdc78686d77fff8e22fe46b07065d090315624733ec2ee90043c3b6,ba9457487a4bde6e74b4c1695a75dceea9024aae9a77610029c1c1733b2c4e10,20261004T084442Z-483d17715a,32,physical_total_ms,735.1960315704346,735.7710266113281,1.8848591116303464,729.3909301757812,737.1504516601562,732.0417175292969,736.8605163574218
/cephfs/shared/impact/LLM_models/llama-2-7b-hf,FP16,4096,measured,passed,5dee9633ebdc78686d77fff8e22fe46b07065d090315624733ec2ee90043c3b6,ba9457487a4bde6e74b4c1695a75dceea9024aae9a77610029c1c1733b2c4e10,20261004T084442Z-483d17715a,32,profiled_physical_ms,774.8375244140625,775.1296081542969,1.84446383935763,770.507080078125,777.7079467773438,772.1845520019531,776.8781066894531
/cephfs/shared/impact/LLM_models/llama-2-7b-hf,FP16,4096,measured,passed,5dee9633ebdc78686d77fff8e22fe46b07065d090315624733ec2ee90043c3b6,ba9457487a4bde6e74b4c1695a75dceea9024aae9a77610029c1c1733b2c4e10,20261004T084442Z-483d17715a,32,gpu_kernel_total_ms,741.78777484375,742.2071765000001,1.692563510532061,736.177566,744.3693800000001,739.8869958,743.3304162
/cephfs/shared/impact/LLM_models/llama-2-7b-hf,FP16,4096,measured,passed,5dee9633ebdc78686d77fff8e22fe46b07065d090315624733ec2ee90043c3b6,ba9457487a4bde6e74b4c1695a75dceea9024aae9a77610029c1c1733b2c4e10,20261004T084442Z-483d17715a,32,gpu_activity_total_ms,742.24095753125,742.660891,1.693805597961328,736.626831,744.8255300000001,740.3399064000001,743.7856358
/cephfs/shared/impact/LLM_models/llama-2-7b-hf,FP16,4096,measured,passed,5dee9633ebdc78686d77fff8e22fe46b07065d090315624733ec2ee90043c3b6,ba9457487a4bde6e74b4c1695a75dceea9024aae9a77610029c1c1733b2c4e10,20261004T084442Z-483d17715a,32,consistency_error_pct,0.006021768960623192,2.6326243016863847e-14,0.007397014356624816,0.0,0.015057144153694257,1.7519196472963326e-14,0.014939136818696533
/cephfs/shared/impact/LLM_models/llama-2-7b-hf,FP16,4096,measured,passed,5dee9633ebdc78686d77fff8e22fe46b07065d090315624733ec2ee90043c3b6,ba9457487a4bde6e74b4c1695a75dceea9024aae9a77610029c1c1733b2c4e10,20261004T084442Z-483d17715a,32,nonlinear_ms,192.661952,192.7964305,0.5133310737234975,190.837826,193.39704699999993,192.08327680000002,193.13393330000002
/cephfs/shared/impact/LLM_models/llama-2-7b-hf,FP16,4096,measured,passed,5dee9633ebdc78686d77fff8e22fe46b07065d090315624733ec2ee90043c3b6,ba9457487a4bde6e74b4c1695a75dceea9024aae9a77610029c1c1733b2c4e10,20261004T084442Z-483d17715a,32,quantization_overhead_ms,94.49658056249993,94.53427749999994,0.22005215954638505,93.77284499999992,94.78952299999999,94.22034449999991,94.71779400000001
/cephfs/shared/impact/LLM_models/llama-2-7b-hf,FP16,4096,measured,passed,5dee9633ebdc78686d77fff8e22fe46b07065d090315624733ec2ee90043c3b6,ba9457487a4bde6e74b4c1695a75dceea9024aae9a77610029c1c1733b2c4e10,20261004T084442Z-483d17715a,32,other_ms,219.4041903125,219.44358599999998,0.4275644919180427,218.03318799999994,220.18994200000003,218.97154249999997,219.84034059999993
/cephfs/shared/impact/LLM_models/llama-2-7b-hf,FP16,4096,measured,passed,5dee9633ebdc78686d77fff8e22fe46b07065d090315624733ec2ee90043c3b6,ba9457487a4bde6e74b4c1695a75dceea9024aae9a77610029c1c1733b2c4e10,20261004T084442Z-483d17715a,32,compute_total_ms,647.68814003125,648.0518015,1.4608656616255273,642.8539860000001,649.910673,645.9086069000001,648.9988574000001
/cephfs/shared/impact/LLM_models/llama-2-7b-hf,FP16,4096,measured,passed,5dee9633ebdc78686d77fff8e22fe46b07065d090315624733ec2ee90043c3b6,ba9457487a4bde6e74b4c1695a75dceea9024aae9a77610029c1c1733b2c4e10,20261004T084442Z-483d17715a,32,linear_pct,36.378923267362566,36.37704119888231,0.02603033381656645,36.334201019220345,36.45488107263389,36.34729740445933,36.402756657932485
/cephfs/shared/impact/LLM_models/llama-2-7b-hf,FP16,4096,measured,passed,5dee9633ebdc78686d77fff8e22fe46b07065d090315624733ec2ee90043c3b6,ba9457487a4bde6e74b4c1695a75dceea9024aae9a77610029c1c1733b2c4e10,20261004T084442Z-483d17715a,32,nonlinear_pct,29.746075847258773,29.750873149955936,0.019927873840441163,29.686029822641558,29.779130955331905,29.731385954731564,29.76253102171159
/cephfs/shared/impact/LLM_models/llama-2-7b-hf,FP16,4096,measured,passed,5dee9633ebdc78686d77fff8e22fe46b07065d090315624733ec2ee90043c3b6,ba9457487a4bde6e74b4c1695a75dceea9024aae9a77610029c1c1733b2c4e10,20261004T084442Z-483d17715a,32,other_pct,33.87500088537866,33.872724630334446,0.019507298871482514,33.84448821545598,33.916440241221416,33.85200057076005,33.90496809937028
/cephfs/shared/impact/LLM_models/llama-2-7b-hf,W8A8,512,measured,passed,5dee9633ebdc78686d77fff8e22fe46b07065d090315624733ec2ee90043c3b6,ba9457487a4bde6e74b4c1695a75dceea9024aae9a77610029c1c1733b2c4e10,20261004T085224Z-f06f524204,32,linear_ms,21.7289630625,21.713089000000004,0.04452513235707536,21.674346999999983,21.832757999999995,21.681205599999995,21.78538219999999
/cephfs/shared/impact/LLM_models/llama-2-7b-hf,W8A8,512,measured,passed,5dee9633ebdc78686d77fff8e22fe46b07065d090315624733ec2ee90043c3b6,ba9457487a4bde6e74b4c1695a75dceea9024aae9a77610029c1c1733b2c4e10,20261004T085224Z-f06f524204,32,softmax_ms,1.2147078125,1.2148534999999998,0.0015111110724851042,1.212165,1.2177010000000001,1.2126161000000002,1.2168834
/cephfs/shared/impact/LLM_models/llama-2-7b-hf,W8A8,512,measured,passed,5dee9633ebdc78686d77fff8e22fe46b07065d090315624733ec2ee90043c3b6,ba9457487a4bde6e74b4c1695a75dceea9024aae9a77610029c1c1733b2c4e10,20261004T085224Z-f06f524204,32,rope_ms,3.8897634062500024,3.889727500000001,0.004339706158176555,3.8845120000000035,3.8966700000000025,3.8847822000000005,3.8952427000000047
/cephfs/shared/impact/LLM_models/llama-2-7b-hf,W8A8,512,measured,passed,5dee9633ebdc78686d77fff8e22fe46b07065d090315624733ec2ee90043c3b6,ba9457487a4bde6e74b4c1695a75dceea9024aae9a77610029c1c1733b2c4e10,20261004T085224Z-f06f524204,32,silu_ms,0.4755829375,0.47559749999999995,0.0006509744525733944,0.47463900000000003,0.47691300000000003,0.47474049999999995,0.47650670000000006
/cephfs/shared/impact/LLM_models/llama-2-7b-hf,W8A8,512,measured,passed,5dee9633ebdc78686d77fff8e22fe46b07065d090315624733ec2ee90043c3b6,ba9457487a4bde6e74b4c1695a75dceea9024aae9a77610029c1c1733b2c4e10,20261004T085224Z-f06f524204,32,rmsnorm_ms,4.246223968749997,4.246782499999998,0.004105113424107605,4.239209999999999,4.253064999999992,4.240603599999999,4.251607999999996
/cephfs/shared/impact/LLM_models/llama-2-7b-hf,W8A8,512,measured,passed,5dee9633ebdc78686d77fff8e22fe46b07065d090315624733ec2ee90043c3b6,ba9457487a4bde6e74b4c1695a75dceea9024aae9a77610029c1c1733b2c4e10,20261004T085224Z-f06f524204,32,attention_matmul_ms,1.5256684375,1.5256179999999997,0.001346248549584389,1.52328,1.527853,1.5236021,1.5274402
/cephfs/shared/impact/LLM_models/llama-2-7b-hf,W8A8,512,measured,passed,5dee9633ebdc78686d77fff8e22fe46b07065d090315624733ec2ee90043c3b6,ba9457487a4bde6e74b4c1695a75dceea9024aae9a77610029c1c1733b2c4e10,20261004T085224Z-f06f524204,32,other_compute_ms,3.0460786562500006,3.046182500000002,0.0019148119188250033,3.043096000000001,3.049158,3.0435603000000016,3.0488768000000004
/cephfs/shared/impact/LLM_models/llama-2-7b-hf,W8A8,512,measured,passed,5dee9633ebdc78686d77fff8e22fe46b07065d090315624733ec2ee90043c3b6,ba9457487a4bde6e74b4c1695a75dceea9024aae9a77610029c1c1733b2c4e10,20261004T085224Z-f06f524204,32,quantize_ms,10.37308890625,10.374646500000003,0.011189508946992393,10.355569999999997,10.392694999999987,10.35991949999999,10.386691700000007
/cephfs/shared/impact/LLM_models/llama-2-7b-hf,W8A8,512,measured,passed,5dee9633ebdc78686d77fff8e22fe46b07065d090315624733ec2ee90043c3b6,ba9457487a4bde6e74b4c1695a75dceea9024aae9a77610029c1c1733b2c4e10,20261004T085224Z-f06f524204,32,dequantize_ms,16.080354656250012,16.083252000000012,0.012773294622891049,16.060536999999997,16.101029000000004,16.06477330000001,16.095813200000016
/cephfs/shared/impact/LLM_models/llama-2-7b-hf,W8A8,512,measured,passed,5dee9633ebdc78686d77fff8e22fe46b07065d090315624733ec2ee90043c3b6,ba9457487a4bde6e74b4c1695a75dceea9024aae9a77610029c1c1733b2c4e10,20261004T085224Z-f06f524204,32,requantize_ms,0.0,0.0,0.0,0.0,0.0,0.0,0.0
/cephfs/shared/impact/LLM_models/llama-2-7b-hf,W8A8,512,measured,passed,5dee9633ebdc78686d77fff8e22fe46b07065d090315624733ec2ee90043c3b6,ba9457487a4bde6e74b4c1695a75dceea9024aae9a77610029c1c1733b2c4e10,20261004T085224Z-f06f524204,32,scale_ms,6.058567624999959,6.058425499999962,0.0033674983799122935,6.0516539999999575,6.064774999999955,6.053984199999957,6.062580899999961
/cephfs/shared/impact/LLM_models/llama-2-7b-hf,W8A8,512,measured,passed,5dee9633ebdc78686d77fff8e22fe46b07065d090315624733ec2ee90043c3b6,ba9457487a4bde6e74b4c1695a75dceea9024aae9a77610029c1c1733b2c4e10,20261004T085224Z-f06f524204,32,packing_ms,0.9662887500000006,0.9662560000000007,0.0010071517808539659,0.9646390000000014,0.9680650000000007,0.9651122000000005,0.9675825000000009
/cephfs/shared/impact/LLM_models/llama-2-7b-hf,W8A8,512,measured,passed,5dee9633ebdc78686d77fff8e22fe46b07065d090315624733ec2ee90043c3b6,ba9457487a4bde6e74b4c1695a75dceea9024aae9a77610029c1c1733b2c4e10,20261004T085224Z-f06f524204,32,conversion_ms,5.3350707812500024,5.335258000000005,0.004292819388868886,5.327240999999996,5.343503000000005,5.330347500000003,5.339858700000005
/cephfs/shared/impact/LLM_models/llama-2-7b-hf,W8A8,512,measured,passed,5dee9633ebdc78686d77fff8e22fe46b07065d090315624733ec2ee90043c3b6,ba9457487a4bde6e74b4c1695a75dceea9024aae9a77610029c1c1733b2c4e10,20261004T085224Z-f06f524204,32,physical_total_ms,99.035480260849,98.73694610595703,1.0764113631357086,98.03292846679688,103.77574157714844,98.25137252807617,99.8769645690918
/cephfs/shared/impact/LLM_models/llama-2-7b-hf,W8A8,512,measured,passed,5dee9633ebdc78686d77fff8e22fe46b07065d090315624733ec2ee90043c3b6,ba9457487a4bde6e74b4c1695a75dceea9024aae9a77610029c1c1733b2c4e10,20261004T085224Z-f06f524204,32,profiled_physical_ms,918.0360584259033,915.1739807128906,16.775761706140464,898.547607421875,975.9066772460938,900.560791015625,934.420556640625
/cephfs/shared/impact/LLM_models/llama-2-7b-hf,W8A8,512,measured,passed,5dee9633ebdc78686d77fff8e22fe46b07065d090315624733ec2ee90043c3b6,ba9457487a4bde6e74b4c1695a75dceea9024aae9a77610029c1c1733b2c4e10,20261004T085224Z-f06f524204,32,gpu_kernel_total_ms,73.97527218750002,73.98863300000002,0.07176445536859549,73.86842800000002,74.09947900000003,73.87560140000002,74.07169830000002
/cephfs/shared/impact/LLM_models/llama-2-7b-hf,W8A8,512,measured,passed,5dee9633ebdc78686d77fff8e22fe46b07065d090315624733ec2ee90043c3b6,ba9457487a4bde6e74b4c1695a75dceea9024aae9a77610029c1c1733b2c4e10,20261004T085224Z-f06f524204,32,gpu_activity_total_ms,74.94173575,74.9559945,0.07208789030826905,74.83443799999999,75.06658800000001,74.8400901,75.03960780000001
/cephfs/shared/impact/LLM_models/llama-2-7b-hf,W8A8,512,measured,passed,5dee9633ebdc78686d77fff8e22fe46b07065d090315624733ec2ee90043c3b6,ba9457487a4bde6e74b4c1695a75dceea9024aae9a77610029c1c1733b2c4e10,20261004T085224Z-f06f524204,32,consistency_error_pct,7.189715658881346e-14,6.87980305984294e-14,4.254641379941844e-14,1.9640049962611517e-14,1.7712733831945563e-13,1.9688911566869404e-14,1.1608971458330902e-13
/cephfs/shared/impact/LLM_models/llama-2-7b-hf,W8A8,512,measured,passed,5dee9633ebdc78686d77fff8e22fe46b07065d090315624733ec2ee90043c3b6,ba9457487a4bde6e74b4c1695a75dceea9024aae9a77610029c1c1733b2c4e10,20261004T085224Z-f06f524204,32,nonlinear_ms,9.826278125,9.827167000000003,0.009816415280110485,9.812430000000004,9.843638999999994,9.813731699999995,9.838562999999995
/cephfs/shared/impact/LLM_models/llama-2-7b-hf,W8A8,512,measured,passed,5dee9633ebdc78686d77fff8e22fe46b07065d090315624733ec2ee90043c3b6,ba9457487a4bde6e74b4c1695a75dceea9024aae9a77610029c1c1733b2c4e10,20261004T085224Z-f06f524204,32,quantization_overhead_ms,38.81337071874997,38.8186335,0.029900116310309695,38.77042199999996,38.86221899999997,38.77561089999997,38.84947359999998
/cephfs/shared/impact/LLM_models/llama-2-7b-hf,W8A8,512,measured,passed,5dee9633ebdc78686d77fff8e22fe46b07065d090315624733ec2ee90043c3b6,ba9457487a4bde6e74b4c1695a75dceea9024aae9a77610029c1c1733b2c4e10,20261004T085224Z-f06f524204,32,other_ms,4.571747093750001,4.571930500000001,0.0029660759823140993,4.5673200000000005,4.576303,4.568053600000002,4.575609100000002
/cephfs/shared/impact/LLM_models/llama-2-7b-hf,W8A8,512,measured,passed,5dee9633ebdc78686d77fff8e22fe46b07065d090315624733ec2ee90043c3b6,ba9457487a4bde6e74b4c1695a75dceea9024aae9a77610029c1c1733b2c4e10,20261004T085224Z-f06f524204,32,compute_total_ms,36.12698828125,36.11838200000001,0.050525477694653875,36.05852599999998,36.224235,36.06237199999999,36.1952613
/cephfs/shared/impact/LLM_models/llama-2-7b-hf,W8A8,512,measured,passed,5dee9633ebdc78686d77fff8e22fe46b07065d090315624733ec2ee90043c3b6,ba9457487a4bde6e74b4c1695a75dceea9024aae9a77610029c1c1733b2c4e10,20261004T085224Z-f06f524204,32,linear_pct,60.14601987667788,60.12310259423435,0.045661581627465,60.096648953036144,60.27113616063941,60.10887908368207,60.21490207270956
/cephfs/shared/impact/LLM_models/llama-2-7b-hf,W8A8,512,measured,passed,5dee9633ebdc78686d77fff8e22fe46b07065d090315624733ec2ee90043c3b6,ba9457487a4bde6e74b4c1695a75dceea9024aae9a77610029c1c1733b2c4e10,20261004T085224Z-f06f524204,32,nonlinear_pct,27.199303442836328,27.21083069225127,0.03173376567844315,27.10862493024353,27.240432566907497,27.14936879189809,27.223729668039113
/cephfs/shared/impact/LLM_models/llama-2-7b-hf,W8A8,512,measured,passed,5dee9633ebdc78686d77fff8e22fe46b07065d090315624733ec2ee90043c3b6,ba9457487a4bde6e74b4c1695a75dceea9024aae9a77610029c1c1733b2c4e10,20261004T085224Z-f06f524204,32,other_pct,12.654676680485792,12.660964046449603,0.014894346652522246,12.620238909117063,12.671069804683658,12.634695511228886,12.669257944050795
/cephfs/shared/impact/LLM_models/llama-2-7b-hf,W8A8,1024,measured,passed,5dee9633ebdc78686d77fff8e22fe46b07065d090315624733ec2ee90043c3b6,ba9457487a4bde6e74b4c1695a75dceea9024aae9a77610029c1c1733b2c4e10,20261004T085224Z-f06f524204,32,linear_ms,36.83704575,36.83397500000001,0.01659013628636073,36.801764999999975,36.874773000000005,36.8209293,36.85938289999999
/cephfs/shared/impact/LLM_models/llama-2-7b-hf,W8A8,1024,measured,passed,5dee9633ebdc78686d77fff8e22fe46b07065d090315624733ec2ee90043c3b6,ba9457487a4bde6e74b4c1695a75dceea9024aae9a77610029c1c1733b2c4e10,20261004T085224Z-f06f524204,32,softmax_ms,4.50684465625,4.5062845,0.002633894254243968,4.501780999999999,4.511803,4.503746300000001,4.5107031
/cephfs/shared/impact/LLM_models/llama-2-7b-hf,W8A8,1024,measured,passed,5dee9633ebdc78686d77fff8e22fe46b07065d090315624733ec2ee90043c3b6,ba9457487a4bde6e74b4c1695a75dceea9024aae9a77610029c1c1733b2c4e10,20261004T085224Z-f06f524204,32,rope_ms,6.997817843749997,6.997833999999995,0.0022164142373608726,6.992854000000001,7.002452999999999,6.995328000000002,7.000614799999996
/cephfs/shared/impact/LLM_models/llama-2-7b-hf,W8A8,1024,measured,passed,5dee9633ebdc78686d77fff8e22fe46b07065d090315624733ec2ee90043c3b6,ba9457487a4bde6e74b4c1695a75dceea9024aae9a77610029c1c1733b2c4e10,20261004T085224Z-f06f524204,32,silu_ms,0.9816301562499999,0.9816215,0.00042697254647524013,0.9808579999999999,0.982619,0.9811848999999999,0.9821608999999999
/cephfs/shared/impact/LLM_models/llama-2-7b-hf,W8A8,1024,measured,passed,5dee9633ebdc78686d77fff8e22fe46b07065d090315624733ec2ee90043c3b6,ba9457487a4bde6e74b4c1695a75dceea9024aae9a77610029c1c1733b2c4e10,20261004T085224Z-f06f524204,32,rmsnorm_ms,7.812783781250015,7.813073500000014,0.0024106129957166714,7.807827000000014,7.818231000000016,7.809423800000021,7.815383800000012
/cephfs/shared/impact/LLM_models/llama-2-7b-hf,W8A8,1024,measured,passed,5dee9633ebdc78686d77fff8e22fe46b07065d090315624733ec2ee90043c3b6,ba9457487a4bde6e74b4c1695a75dceea9024aae9a77610029c1c1733b2c4e10,20261004T085224Z-f06f524204,32,attention_matmul_ms,5.402944656250001,5.402983000000001,0.0015944103088174478,5.399342999999999,5.406664,5.401039100000002,5.404443800000001
/cephfs/shared/impact/LLM_models/llama-2-7b-hf,W8A8,1024,measured,passed,5dee9633ebdc78686d77fff8e22fe46b07065d090315624733ec2ee90043c3b6,ba9457487a4bde6e74b4c1695a75dceea9024aae9a77610029c1c1733b2c4e10,20261004T085224Z-f06f524204,32,other_compute_ms,9.786581687499998,9.786854499999997,0.0014875336686352005,9.782637999999999,9.788735999999998,9.785099299999997,9.788287500000001
/cephfs/shared/impact/LLM_models/llama-2-7b-hf,W8A8,1024,measured,passed,5dee9633ebdc78686d77fff8e22fe46b07065d090315624733ec2ee90043c3b6,ba9457487a4bde6e74b4c1695a75dceea9024aae9a77610029c1c1733b2c4e10,20261004T085224Z-f06f524204,32,quantize_ms,21.139177093749996,21.138588999999993,0.004328117599910461,21.132285,21.14679900000002,21.133726500000023,21.145349099999983
/cephfs/shared/impact/LLM_models/llama-2-7b-hf,W8A8,1024,measured,passed,5dee9633ebdc78686d77fff8e22fe46b07065d090315624733ec2ee90043c3b6,ba9457487a4bde6e74b4c1695a75dceea9024aae9a77610029c1c1733b2c4e10,20261004T085224Z-f06f524204,32,dequantize_ms,31.97925118749999,31.979878499999998,0.004962576843885172,31.964654999999983,31.98891599999997,31.973357899999954,31.984416299999996
/cephfs/shared/impact/LLM_models/llama-2-7b-hf,W8A8,1024,measured,passed,5dee9633ebdc78686d77fff8e22fe46b07065d090315624733ec2ee90043c3b6,ba9457487a4bde6e74b4c1695a75dceea9024aae9a77610029c1c1733b2c4e10,20261004T085224Z-f06f524204,32,requantize_ms,0.0,0.0,0.0,0.0,0.0,0.0,0.0
/cephfs/shared/impact/LLM_models/llama-2-7b-hf,W8A8,1024,measured,passed,5dee9633ebdc78686d77fff8e22fe46b07065d090315624733ec2ee90043c3b6,ba9457487a4bde6e74b4c1695a75dceea9024aae9a77610029c1c1733b2c4e10,20261004T085224Z-f06f524204,32,scale_ms,10.892624937499969,10.891872999999965,0.005220093880860692,10.879774999999961,10.902793999999957,10.88675559999996,10.899833299999965
/cephfs/shared/impact/LLM_models/llama-2-7b-hf,W8A8,1024,measured,passed,5dee9633ebdc78686d77fff8e22fe46b07065d090315624733ec2ee90043c3b6,ba9457487a4bde6e74b4c1695a75dceea9024aae9a77610029c1c1733b2c4e10,20261004T085224Z-f06f524204,32,packing_ms,1.5545670312499995,1.5545179999999996,0.0012534858616848697,1.5522929999999986,1.556939999999999,1.5529118999999991,1.5563499
/cephfs/shared/impact/LLM_models/llama-2-7b-hf,W8A8,1024,measured,passed,5dee9633ebdc78686d77fff8e22fe46b07065d090315624733ec2ee90043c3b6,ba9457487a4bde6e74b4c1695a75dceea9024aae9a77610029c1c1733b2c4e10,20261004T085224Z-f06f524204,32,conversion_ms,12.283240062500001,12.283387000000001,0.0017684670952369693,12.279518999999997,12.286189999999998,12.280728599999993,12.285530799999998
/cephfs/shared/impact/LLM_models/llama-2-7b-hf,W8A8,1024,measured,passed,5dee9633ebdc78686d77fff8e22fe46b07065d090315624733ec2ee90043c3b6,ba9457487a4bde6e74b4c1695a75dceea9024aae9a77610029c1c1733b2c4e10,20261004T085224Z-f06f524204,32,physical_total_ms,153.49210166931152,153.49214935302734,0.2127357448205642,153.05474853515625,154.1939239501953,153.2224136352539,153.70083770751953
/cephfs/shared/impact/LLM_models/llama-2-7b-hf,W8A8,1024,measured,passed,5dee9633ebdc78686d77fff8e22fe46b07065d090315624733ec2ee90043c3b6,ba9457487a4bde6e74b4c1695a75dceea9024aae9a77610029c1c1733b2c4e10,20261004T085224Z-f06f524204,32,profiled_physical_ms,919.6357173919678,913.0657043457031,17.02857931291061,901.15966796875,965.5592041015625,902.6867309570313,942.0364929199219
/cephfs/shared/impact/LLM_models/llama-2-7b-hf,W8A8,1024,measured,passed,5dee9633ebdc78686d77fff8e22fe46b07065d090315624733ec2ee90043c3b6,ba9457487a4bde6e74b4c1695a75dceea9024aae9a77610029c1c1733b2c4e10,20261004T085224Z-f06f524204,32,gpu_kernel_total_ms,148.6213045625,148.62284300000002,0.02197759776261561,148.566056,148.661175,148.60087180000002,148.6485378
/cephfs/shared/impact/LLM_models/llama-2-7b-hf,W8A8,1024,measured,passed,5dee9633ebdc78686d77fff8e22fe46b07065d090315624733ec2ee90043c3b6,ba9457487a4bde6e74b4c1695a75dceea9024aae9a77610029c1c1733b2c4e10,20261004T085224Z-f06f524204,32,gpu_activity_total_ms,150.1765534375,150.17677600000002,0.02173214120047243,150.1231,150.219362,150.1538436,150.2005072
/cephfs/shared/impact/LLM_models/llama-2-7b-hf,W8A8,1024,measured,passed,5dee9633ebdc78686d77fff8e22fe46b07065d090315624733ec2ee90043c3b6,ba9457487a4bde6e74b4c1695a75dceea9024aae9a77610029c1c1733b2c4e10,20261004T085224Z-f06f524204,32,consistency_error_pct,5.218975831077152e-14,3.932214025744358e-14,2.6218861913861142e-14,1.9630868100894605e-14,1.1784067924226107e-13,1.9641073486714842e-14,7.861903857572765e-14
/cephfs/shared/impact/LLM_models/llama-2-7b-hf,W8A8,1024,measured,passed,5dee9633ebdc78686d77fff8e22fe46b07065d090315624733ec2ee90043c3b6,ba9457487a4bde6e74b4c1695a75dceea9024aae9a77610029c1c1733b2c4e10,20261004T085224Z-f06f524204,32,nonlinear_ms,20.299076437500013,20.29802750000001,0.004615372734659631,20.290783000000012,20.307556000000012,20.294004900000008,20.30570870000001
/cephfs/shared/impact/LLM_models/llama-2-7b-hf,W8A8,1024,measured,passed,5dee9633ebdc78686d77fff8e22fe46b07065d090315624733ec2ee90043c3b6,ba9457487a4bde6e74b4c1695a75dceea9024aae9a77610029c1c1733b2c4e10,20261004T085224Z-f06f524204,32,quantization_overhead_ms,77.84886031249995,77.84663099999997,0.010202492179528545,77.82690599999997,77.8720489999999,77.8370385999999,77.86257639999998
/cephfs/shared/impact/LLM_models/llama-2-7b-hf,W8A8,1024,measured,passed,5dee9633ebdc78686d77fff8e22fe46b07065d090315624733ec2ee90043c3b6,ba9457487a4bde6e74b4c1695a75dceea9024aae9a77610029c1c1733b2c4e10,20261004T085224Z-f06f524204,32,other_ms,15.18952634375,15.189194000000004,0.00238885350567455,15.184016999999997,15.194810999999994,15.186891000000001,15.1924964
/cephfs/shared/impact/LLM_models/llama-2-7b-hf,W8A8,1024,measured,passed,5dee9633ebdc78686d77fff8e22fe46b07065d090315624733ec2ee90043c3b6,ba9457487a4bde6e74b4c1695a75dceea9024aae9a77610029c1c1733b2c4e10,20261004T085224Z-f06f524204,32,compute_total_ms,72.32564853125001,72.32284100000001,0.019517174757510723,72.28196399999999,72.36507600000002,72.3068146,72.35564670000001
/cephfs/shared/impact/LLM_models/llama-2-7b-hf,W8A8,1024,measured,passed,5dee9633ebdc78686d77fff8e22fe46b07065d090315624733ec2ee90043c3b6,ba9457487a4bde6e74b4c1695a75dceea9024aae9a77610029c1c1733b2c4e10,20261004T085224Z-f06f524204,32,linear_pct,50.932200278240636,50.93029600622961,0.010315881618325511,50.91417410849542,50.95658712498277,50.92132274144746,50.944456624361074
/cephfs/shared/impact/LLM_models/llama-2-7b-hf,W8A8,1024,measured,passed,5dee9633ebdc78686d77fff8e22fe46b07065d090315624733ec2ee90043c3b6,ba9457487a4bde6e74b4c1695a75dceea9024aae9a77610029c1c1733b2c4e10,20261004T085224Z-f06f524204,32,nonlinear_pct,28.06622226956463,28.06795349556269,0.007101404743676044,28.050971354204755,28.07750716956986,28.055996187833742,28.07571575840795
/cephfs/shared/impact/LLM_models/llama-2-7b-hf,W8A8,1024,measured,passed,5dee9633ebdc78686d77fff8e22fe46b07065d090315624733ec2ee90043c3b6,ba9457487a4bde6e74b4c1695a75dceea9024aae9a77610029c1c1733b2c4e10,20261004T085224Z-f06f524204,32,other_pct,21.001577452194734,21.001634257169773,0.004875840387167857,20.990314443945298,21.01264569955515,20.995183314053065,21.00691724639978
/cephfs/shared/impact/LLM_models/llama-2-7b-hf,W8A8,2048,measured,passed,5dee9633ebdc78686d77fff8e22fe46b07065d090315624733ec2ee90043c3b6,ba9457487a4bde6e74b4c1695a75dceea9024aae9a77610029c1c1733b2c4e10,20261004T085224Z-f06f524204,32,linear_ms,67.659186625,67.66960449999999,0.055141742895896614,67.53239799999999,67.774429,67.58863349999997,67.7105676
/cephfs/shared/impact/LLM_models/llama-2-7b-hf,W8A8,2048,measured,passed,5dee9633ebdc78686d77fff8e22fe46b07065d090315624733ec2ee90043c3b6,ba9457487a4bde6e74b4c1695a75dceea9024aae9a77610029c1c1733b2c4e10,20261004T085224Z-f06f524204,32,softmax_ms,45.4296863125,45.436274,0.01123220125623122,45.40822300000001,45.44251900000001,45.411796800000005,45.439919900000014
/cephfs/shared/impact/LLM_models/llama-2-7b-hf,W8A8,2048,measured,passed,5dee9633ebdc78686d77fff8e22fe46b07065d090315624733ec2ee90043c3b6,ba9457487a4bde6e74b4c1695a75dceea9024aae9a77610029c1c1733b2c4e10,20261004T085224Z-f06f524204,32,rope_ms,13.661164156249997,13.660405999999998,0.00709590598507293,13.649912999999989,13.677903999999995,13.652943799999997,13.671130799999993
/cephfs/shared/impact/LLM_models/llama-2-7b-hf,W8A8,2048,measured,passed,5dee9633ebdc78686d77fff8e22fe46b07065d090315624733ec2ee90043c3b6,ba9457487a4bde6e74b4c1695a75dceea9024aae9a77610029c1c1733b2c4e10,20261004T085224Z-f06f524204,32,silu_ms,1.88151296875,1.8815184999999999,0.0008947580492702742,1.8793109999999997,1.8833760000000002,1.8805255999999997,1.8824344
/cephfs/shared/impact/LLM_models/llama-2-7b-hf,W8A8,2048,measured,passed,5dee9633ebdc78686d77fff8e22fe46b07065d090315624733ec2ee90043c3b6,ba9457487a4bde6e74b4c1695a75dceea9024aae9a77610029c1c1733b2c4e10,20261004T085224Z-f06f524204,32,rmsnorm_ms,16.558756812499993,16.557881499999997,0.005700033482852139,16.548341000000008,16.57328600000001,16.553944999999995,16.565138999999974
/cephfs/shared/impact/LLM_models/llama-2-7b-hf,W8A8,2048,measured,passed,5dee9633ebdc78686d77fff8e22fe46b07065d090315624733ec2ee90043c3b6,ba9457487a4bde6e74b4c1695a75dceea9024aae9a77610029c1c1733b2c4e10,20261004T085224Z-f06f524204,32,attention_matmul_ms,18.81308475,18.813218000000003,0.007201731431600119,18.798096,18.829333000000002,18.8042557,18.820955899999998
/cephfs/shared/impact/LLM_models/llama-2-7b-hf,W8A8,2048,measured,passed,5dee9633ebdc78686d77fff8e22fe46b07065d090315624733ec2ee90043c3b6,ba9457487a4bde6e74b4c1695a75dceea9024aae9a77610029c1c1733b2c4e10,20261004T085224Z-f06f524204,32,other_compute_ms,35.2082019375,35.209034,0.006354094671367799,35.196422999999996,35.22032099999998,35.199323800000016,35.21466570000001
/cephfs/shared/impact/LLM_models/llama-2-7b-hf,W8A8,2048,measured,passed,5dee9633ebdc78686d77fff8e22fe46b07065d090315624733ec2ee90043c3b6,ba9457487a4bde6e74b4c1695a75dceea9024aae9a77610029c1c1733b2c4e10,20261004T085224Z-f06f524204,32,quantize_ms,48.227220343750005,48.2274005,0.005728672759703124,48.216455,48.23703700000006,48.22001120000002,48.234208400000014
/cephfs/shared/impact/LLM_models/llama-2-7b-hf,W8A8,2048,measured,passed,5dee9633ebdc78686d77fff8e22fe46b07065d090315624733ec2ee90043c3b6,ba9457487a4bde6e74b4c1695a75dceea9024aae9a77610029c1c1733b2c4e10,20261004T085224Z-f06f524204,32,dequantize_ms,63.21462284374999,63.21274149999993,0.011574344248435675,63.196551000000014,63.23665700000001,63.20047110000002,63.23130229999999
/cephfs/shared/impact/LLM_models/llama-2-7b-hf,W8A8,2048,measured,passed,5dee9633ebdc78686d77fff8e22fe46b07065d090315624733ec2ee90043c3b6,ba9457487a4bde6e74b4c1695a75dceea9024aae9a77610029c1c1733b2c4e10,20261004T085224Z-f06f524204,32,requantize_ms,0.0,0.0,0.0,0.0,0.0,0.0,0.0
/cephfs/shared/impact/LLM_models/llama-2-7b-hf,W8A8,2048,measured,passed,5dee9633ebdc78686d77fff8e22fe46b07065d090315624733ec2ee90043c3b6,ba9457487a4bde6e74b4c1695a75dceea9024aae9a77610029c1c1733b2c4e10,20261004T085224Z-f06f524204,32,scale_ms,20.79762749999997,20.796762499999993,0.006674979197740795,20.783316999999975,20.812699999999964,20.79077289999997,20.806451899999978
/cephfs/shared/impact/LLM_models/llama-2-7b-hf,W8A8,2048,measured,passed,5dee9633ebdc78686d77fff8e22fe46b07065d090315624733ec2ee90043c3b6,ba9457487a4bde6e74b4c1695a75dceea9024aae9a77610029c1c1733b2c4e10,20261004T085224Z-f06f524204,32,packing_ms,2.7185596249999997,2.7178239999999994,0.002228458323595139,2.715500999999999,2.723568,2.7162085,2.7214550999999996
/cephfs/shared/impact/LLM_models/llama-2-7b-hf,W8A8,2048,measured,passed,5dee9633ebdc78686d77fff8e22fe46b07065d090315624733ec2ee90043c3b6,ba9457487a4bde6e74b4c1695a75dceea9024aae9a77610029c1c1733b2c4e10,20261004T085224Z-f06f524204,32,conversion_ms,35.07476953124999,35.07466149999999,0.0058542196360737925,35.06298499999999,35.08617399999998,35.06712810000001,35.08177629999999
/cephfs/shared/impact/LLM_models/llama-2-7b-hf,W8A8,2048,measured,passed,5dee9633ebdc78686d77fff8e22fe46b07065d090315624733ec2ee90043c3b6,ba9457487a4bde6e74b4c1695a75dceea9024aae9a77610029c1c1733b2c4e10,20261004T085224Z-f06f524204,32,physical_total_ms,374.6054162979126,374.73858642578125,0.5424165188338271,373.5444030761719,375.8592529296875,373.8651184082031,375.2174468994141
/cephfs/shared/impact/LLM_models/llama-2-7b-hf,W8A8,2048,measured,passed,5dee9633ebdc78686d77fff8e22fe46b07065d090315624733ec2ee90043c3b6,ba9457487a4bde6e74b4c1695a75dceea9024aae9a77610029c1c1733b2c4e10,20261004T085224Z-f06f524204,32,profiled_physical_ms,911.1095275878906,910.48876953125,7.510910685930976,901.6110229492188,934.6004028320312,903.3882019042969,918.9224670410156
/cephfs/shared/impact/LLM_models/llama-2-7b-hf,W8A8,2048,measured,passed,5dee9633ebdc78686d77fff8e22fe46b07065d090315624733ec2ee90043c3b6,ba9457487a4bde6e74b4c1695a75dceea9024aae9a77610029c1c1733b2c4e10,20261004T085224Z-f06f524204,32,gpu_kernel_total_ms,366.5244316875,366.5281995,0.06135937600854523,366.383751,366.687309,366.44858589999996,366.5764902
/cephfs/shared/impact/LLM_models/llama-2-7b-hf,W8A8,2048,measured,passed,5dee9633ebdc78686d77fff8e22fe46b07065d090315624733ec2ee90043c3b6,ba9457487a4bde6e74b4c1695a75dceea9024aae9a77610029c1c1733b2c4e10,20261004T085224Z-f06f524204,32,gpu_activity_total_ms,369.24290496875,369.24541999999997,0.061350836644130505,369.100816,369.405684,369.1649046,369.2976461
/cephfs/shared/impact/LLM_models/llama-2-7b-hf,W8A8,2048,measured,passed,5dee9633ebdc78686d77fff8e22fe46b07065d090315624733ec2ee90043c3b6,ba9457487a4bde6e74b4c1695a75dceea9024aae9a77610029c1c1733b2c4e10,20261004T085224Z-f06f524204,32,consistency_error_pct,3.2992844798670346e-14,2.8539997110864055e-14,2.06386191268172e-14,0.0,8.557214574716656e-14,1.4263403319582115e-14,5.706860798452932e-14
/cephfs/shared/impact/LLM_models/llama-2-7b-hf,W8A8,2048,measured,passed,5dee9633ebdc78686d77fff8e22fe46b07065d090315624733ec2ee90043c3b6,ba9457487a4bde6e74b4c1695a75dceea9024aae9a77610029c1c1733b2c4e10,20261004T085224Z-f06f524204,32,nonlinear_ms,77.53112024999999,77.53661549999998,0.018818073584169932,77.49477200000001,77.570255,77.5001507,77.5506552
/cephfs/shared/impact/LLM_models/llama-2-7b-hf,W8A8,2048,measured,passed,5dee9633ebdc78686d77fff8e22fe46b07065d090315624733ec2ee90043c3b6,ba9457487a4bde6e74b4c1695a75dceea9024aae9a77610029c1c1733b2c4e10,20261004T085224Z-f06f524204,32,quantization_overhead_ms,170.03279984374996,170.03180600000002,0.023718167718914766,169.98859699999994,170.0791289999998,170.0050452,170.0651484
/cephfs/shared/impact/LLM_models/llama-2-7b-hf,W8A8,2048,measured,passed,5dee9633ebdc78686d77fff8e22fe46b07065d090315624733ec2ee90043c3b6,ba9457487a4bde6e74b4c1695a75dceea9024aae9a77610029c1c1733b2c4e10,20261004T085224Z-f06f524204,32,other_ms,54.0212866875,54.02111600000001,0.010430599427417028,53.99649900000001,54.039238,54.00790929999999,54.03581779999998
/cephfs/shared/impact/LLM_models/llama-2-7b-hf,W8A8,2048,measured,passed,5dee9633ebdc78686d77fff8e22fe46b07065d090315624733ec2ee90043c3b6,ba9457487a4bde6e74b4c1695a75dceea9024aae9a77610029c1c1733b2c4e10,20261004T085224Z-f06f524204,32,compute_total_ms,199.21159356249998,199.21986899999996,0.06114466018568136,199.10904599999995,199.366504,199.13099019999999,199.26906189999994
/cephfs/shared/impact/LLM_models/llama-2-7b-hf,W8A8,2048,measured,passed,5dee9633ebdc78686d77fff8e22fe46b07065d090315624733ec2ee90043c3b6,ba9457487a4bde6e74b4c1695a75dceea9024aae9a77610029c1c1733b2c4e10,20261004T085224Z-f06f524204,32,linear_pct,33.96347400176704,33.968271486309426,0.01861542563947564,33.9116986691665,33.99489264254741,33.938253500654056,33.97978721439626
/cephfs/shared/impact/LLM_models/llama-2-7b-hf,W8A8,2048,measured,passed,5dee9633ebdc78686d77fff8e22fe46b07065d090315624733ec2ee90043c3b6,ba9457487a4bde6e74b4c1695a75dceea9024aae9a77610029c1c1733b2c4e10,20261004T085224Z-f06f524204,32,nonlinear_pct,38.918982585617556,38.91469798745013,0.012433068149200279,38.898146295436206,38.95225389820167,38.90859752235862,38.93737096836164
/cephfs/shared/impact/LLM_models/llama-2-7b-hf,W8A8,2048,measured,passed,5dee9633ebdc78686d77fff8e22fe46b07065d090315624733ec2ee90043c3b6,ba9457487a4bde6e74b4c1695a75dceea9024aae9a77610029c1c1733b2c4e10,20261004T085224Z-f06f524204,32,other_pct,27.117543412615408,27.117328907774073,0.007845804092365622,27.102237294585862,27.136047432631845,27.108280618925065,27.127280513896398
/cephfs/shared/impact/LLM_models/llama-2-7b-hf,W8A8,4096,measured,passed,5dee9633ebdc78686d77fff8e22fe46b07065d090315624733ec2ee90043c3b6,ba9457487a4bde6e74b4c1695a75dceea9024aae9a77610029c1c1733b2c4e10,20261004T085224Z-f06f524204,32,linear_ms,136.8097490625,137.0544935,0.6926115982697579,135.11431699999994,137.46366799999998,135.52370190000005,137.40339159999994
/cephfs/shared/impact/LLM_models/llama-2-7b-hf,W8A8,4096,measured,passed,5dee9633ebdc78686d77fff8e22fe46b07065d090315624733ec2ee90043c3b6,ba9457487a4bde6e74b4c1695a75dceea9024aae9a77610029c1c1733b2c4e10,20261004T085224Z-f06f524204,32,softmax_ms,118.83787109375,119.06852599999999,0.6660368217237672,117.32217899999999,119.55176300000001,117.73754489999999,119.43211170000001
/cephfs/shared/impact/LLM_models/llama-2-7b-hf,W8A8,4096,measured,passed,5dee9633ebdc78686d77fff8e22fe46b07065d090315624733ec2ee90043c3b6,ba9457487a4bde6e74b4c1695a75dceea9024aae9a77610029c1c1733b2c4e10,20261004T085224Z-f06f524204,32,rope_ms,27.265520031250006,27.302701499999998,0.1195694320064795,26.98111200000003,27.392029999999988,27.0548841,27.384577099999994
/cephfs/shared/impact/LLM_models/llama-2-7b-hf,W8A8,4096,measured,passed,5dee9633ebdc78686d77fff8e22fe46b07065d090315624733ec2ee90043c3b6,ba9457487a4bde6e74b4c1695a75dceea9024aae9a77610029c1c1733b2c4e10,20261004T085224Z-f06f524204,32,silu_ms,3.7753897499999995,3.7782215,0.013790062682025624,3.7441559999999994,3.792444,3.7509407999999995,3.788518700000001
/cephfs/shared/impact/LLM_models/llama-2-7b-hf,W8A8,4096,measured,passed,5dee9633ebdc78686d77fff8e22fe46b07065d090315624733ec2ee90043c3b6,ba9457487a4bde6e74b4c1695a75dceea9024aae9a77610029c1c1733b2c4e10,20261004T085224Z-f06f524204,32,rmsnorm_ms,32.02424496874999,32.05099449999999,0.08466685351669999,31.833909000000002,32.128599999999985,31.88061100000001,32.11013009999998
/cephfs/shared/impact/LLM_models/llama-2-7b-hf,W8A8,4096,measured,passed,5dee9633ebdc78686d77fff8e22fe46b07065d090315624733ec2ee90043c3b6,ba9457487a4bde6e74b4c1695a75dceea9024aae9a77610029c1c1733b2c4e10,20261004T085224Z-f06f524204,32,attention_matmul_ms,72.5256231875,72.641043,0.3088478933861436,71.833341,72.88461200000002,72.0353498,72.82442099999997
/cephfs/shared/impact/LLM_models/llama-2-7b-hf,W8A8,4096,measured,passed,5dee9633ebdc78686d77fff8e22fe46b07065d090315624733ec2ee90043c3b6,ba9457487a4bde6e74b4c1695a75dceea9024aae9a77610029c1c1733b2c4e10,20261004T085224Z-f06f524204,32,other_compute_ms,139.30729821875002,139.39497050000006,0.33278359933404433,138.56071399999993,139.65953599999995,138.75132119999998,139.63828999999993
/cephfs/shared/impact/LLM_models/llama-2-7b-hf,W8A8,4096,measured,passed,5dee9633ebdc78686d77fff8e22fe46b07065d090315624733ec2ee90043c3b6,ba9457487a4bde6e74b4c1695a75dceea9024aae9a77610029c1c1733b2c4e10,20261004T085224Z-f06f524204,32,quantize_ms,96.5722771875,96.62328050000008,0.1625985428755537,96.18783199999989,96.75328099999992,96.2950970000001,96.73761549999999
/cephfs/shared/impact/LLM_models/llama-2-7b-hf,W8A8,4096,measured,passed,5dee9633ebdc78686d77fff8e22fe46b07065d090315624733ec2ee90043c3b6,ba9457487a4bde6e74b4c1695a75dceea9024aae9a77610029c1c1733b2c4e10,20261004T085224Z-f06f524204,32,dequantize_ms,125.53210996874998,125.62370299999992,0.3530432516339482,124.72179000000006,125.90033900000002,124.8914043,125.86965690000008
/cephfs/shared/impact/LLM_models/llama-2-7b-hf,W8A8,4096,measured,passed,5dee9633ebdc78686d77fff8e22fe46b07065d090315624733ec2ee90043c3b6,ba9457487a4bde6e74b4c1695a75dceea9024aae9a77610029c1c1733b2c4e10,20261004T085224Z-f06f524204,32,requantize_ms,0.0,0.0,0.0,0.0,0.0,0.0,0.0
/cephfs/shared/impact/LLM_models/llama-2-7b-hf,W8A8,4096,measured,passed,5dee9633ebdc78686d77fff8e22fe46b07065d090315624733ec2ee90043c3b6,ba9457487a4bde6e74b4c1695a75dceea9024aae9a77610029c1c1733b2c4e10,20261004T085224Z-f06f524204,32,scale_ms,39.28698803125001,39.285442,0.013019489255840943,39.26051099999998,39.312789,39.27283270000001,39.3048526
/cephfs/shared/impact/LLM_models/llama-2-7b-hf,W8A8,4096,measured,passed,5dee9633ebdc78686d77fff8e22fe46b07065d090315624733ec2ee90043c3b6,ba9457487a4bde6e74b4c1695a75dceea9024aae9a77610029c1c1733b2c4e10,20261004T085224Z-f06f524204,32,packing_ms,5.705282906249996,5.710299499999998,0.016884789899747794,5.663461,5.7266319999999915,5.676061599999994,5.720216399999992
/cephfs/shared/impact/LLM_models/llama-2-7b-hf,W8A8,4096,measured,passed,5dee9633ebdc78686d77fff8e22fe46b07065d090315624733ec2ee90043c3b6,ba9457487a4bde6e74b4c1695a75dceea9024aae9a77610029c1c1733b2c4e10,20261004T085224Z-f06f524204,32,conversion_ms,114.96631793749998,115.10058249999997,0.4485979623247545,113.94638200000004,115.44227300000006,114.1843822,115.40400099999988
/cephfs/shared/impact/LLM_models/llama-2-7b-hf,W8A8,4096,measured,passed,5dee9633ebdc78686d77fff8e22fe46b07065d090315624733ec2ee90043c3b6,ba9457487a4bde6e74b4c1695a75dceea9024aae9a77610029c1c1733b2c4e10,20261004T085224Z-f06f524204,32,physical_total_ms,910.8084297180176,911.7163391113281,3.243958344360778,903.90283203125,914.4344482421875,905.2186950683594,914.0539611816406
/cephfs/shared/impact/LLM_models/llama-2-7b-hf,W8A8,4096,measured,passed,5dee9633ebdc78686d77fff8e22fe46b07065d090315624733ec2ee90043c3b6,ba9457487a4bde6e74b4c1695a75dceea9024aae9a77610029c1c1733b2c4e10,20261004T085224Z-f06f524204,32,profiled_physical_ms,978.9389419555664,979.3612670898438,4.175539521853225,970.1982421875,991.0828857421875,973.1400207519531,982.121826171875
/cephfs/shared/impact/LLM_models/llama-2-7b-hf,W8A8,4096,measured,passed,5dee9633ebdc78686d77fff8e22fe46b07065d090315624733ec2ee90043c3b6,ba9457487a4bde6e74b4c1695a75dceea9024aae9a77610029c1c1733b2c4e10,20261004T085224Z-f06f524204,32,gpu_kernel_total_ms,906.93798040625,907.9621765,3.182397933453345,899.5796369999999,910.1983280000001,901.4319430999999,909.9396969
/cephfs/shared/impact/LLM_models/llama-2-7b-hf,W8A8,4096,measured,passed,5dee9633ebdc78686d77fff8e22fe46b07065d090315624733ec2ee90043c3b6,ba9457487a4bde6e74b4c1695a75dceea9024aae9a77610029c1c1733b2c4e10,20261004T085224Z-f06f524204,32,gpu_activity_total_ms,912.64442803125,913.6792519999999,3.199464823326226,905.253734,915.9260529999999,907.1027925999999,915.6693972
/cephfs/shared/impact/LLM_models/llama-2-7b-hf,W8A8,4096,measured,passed,5dee9633ebdc78686d77fff8e22fe46b07065d090315624733ec2ee90043c3b6,ba9457487a4bde6e74b4c1695a75dceea9024aae9a77610029c1c1733b2c4e10,20261004T085224Z-f06f524204,32,consistency_error_pct,2.4103009370636966e-14,2.144835165903645e-14,1.3046446573955654e-14,0.0,4.3158924317356755e-14,2.122998359597181e-15,4.282786974761327e-14
/cephfs/shared/impact/LLM_models/llama-2-7b-hf,W8A8,4096,measured,passed,5dee9633ebdc78686d77fff8e22fe46b07065d090315624733ec2ee90043c3b6,ba9457487a4bde6e74b4c1695a75dceea9024aae9a77610029c1c1733b2c4e10,20261004T085224Z-f06f524204,32,nonlinear_ms,181.90302584375,182.19631400000003,0.881269244529216,179.92311000000007,182.83023699999998,180.412846,182.7012841
/cephfs/shared/impact/LLM_models/llama-2-7b-hf,W8A8,4096,measured,passed,5dee9633ebdc78686d77fff8e22fe46b07065d090315624733ec2ee90043c3b6,ba9457487a4bde6e74b4c1695a75dceea9024aae9a77610029c1c1733b2c4e10,20261004T085224Z-f06f524204,32,quantization_overhead_ms,382.06297603125,382.3263764999999,0.9737892204812643,379.81603699999994,383.068412,380.32903610000005,382.9824925999998
/cephfs/shared/impact/LLM_models/llama-2-7b-hf,W8A8,4096,measured,passed,5dee9633ebdc78686d77fff8e22fe46b07065d090315624733ec2ee90043c3b6,ba9457487a4bde6e74b4c1695a75dceea9024aae9a77610029c1c1733b2c4e10,20261004T085224Z-f06f524204,32,other_ms,211.83292140625,212.03023600000006,0.6398816575550526,210.39405499999992,212.53546,210.78667099999998,212.47255669999996
/cephfs/shared/impact/LLM_models/llama-2-7b-hf,W8A8,4096,measured,passed,5dee9633ebdc78686d77fff8e22fe46b07065d090315624733ec2ee90043c3b6,ba9457487a4bde6e74b4c1695a75dceea9024aae9a77610029c1c1733b2c4e10,20261004T085224Z-f06f524204,32,compute_total_ms,530.5456963125,531.2930855,2.2052814689975433,525.431482,532.794263,526.7232188999999,532.5822370000001
/cephfs/shared/impact/LLM_models/llama-2-7b-hf,W8A8,4096,measured,passed,5dee9633ebdc78686d77fff8e22fe46b07065d090315624733ec2ee90043c3b6,ba9457487a4bde6e74b4c1695a75dceea9024aae9a77610029c1c1733b2c4e10,20261004T085224Z-f06f524204,32,linear_pct,25.786519204344852,25.798057584255105,0.027595568219172084,25.714926042440666,25.813778904384186,25.739077809239205,25.808292779310193
/cephfs/shared/impact/LLM_models/llama-2-7b-hf,W8A8,4096,measured,passed,5dee9633ebdc78686d77fff8e22fe46b07065d090315624733ec2ee90043c3b6,ba9457487a4bde6e74b4c1695a75dceea9024aae9a77610029c1c1733b2c4e10,20261004T085224Z-f06f524204,32,nonlinear_pct,34.285929689959055,34.289513657843486,0.024903585259096746,34.22555066721158,34.321437337243566,34.24773797797253,34.31038992381908
/cephfs/shared/impact/LLM_models/llama-2-7b-hf,W8A8,4096,measured,passed,5dee9633ebdc78686d77fff8e22fe46b07065d090315624733ec2ee90043c3b6,ba9457487a4bde6e74b4c1695a75dceea9024aae9a77610029c1c1733b2c4e10,20261004T085224Z-f06f524204,32,other_pct,39.92755110569609,39.90853867227905,0.047106120377890255,39.88438763863941,40.04214863547136,39.888505170471554,40.01849216464375
/cephfs/shared/impact/LLM_models/llama2-13b-hf,FP16,512,measured,passed,40c27a8aedea5475c19c3af676a21c722eae8ac0d9dcebf74df669298417d563,3bb82b90ab6cf09d73f609926c4187262b27e2e7b99a225aee971fcd40a59f16,20261005T133926Z-49cb46fc49,32,linear_ms,66.15254193749999,66.14362500000001,0.059459128302647664,66.063323,66.32984599999993,66.08344870000003,66.23653419999998
/cephfs/shared/impact/LLM_models/llama2-13b-hf,FP16,512,measured,passed,40c27a8aedea5475c19c3af676a21c722eae8ac0d9dcebf74df669298417d563,3bb82b90ab6cf09d73f609926c4187262b27e2e7b99a225aee971fcd40a59f16,20261005T133926Z-49cb46fc49,32,softmax_ms,1.8758725625000001,1.8758185000000003,0.0022576830106578512,1.8717230000000002,1.880137,1.8727250999999994,1.8789694000000001
/cephfs/shared/impact/LLM_models/llama2-13b-hf,FP16,512,measured,passed,40c27a8aedea5475c19c3af676a21c722eae8ac0d9dcebf74df669298417d563,3bb82b90ab6cf09d73f609926c4187262b27e2e7b99a225aee971fcd40a59f16,20261005T133926Z-49cb46fc49,32,rope_ms,5.787746500000008,5.7848600000000125,0.006472280816507484,5.778074000000006,5.80069800000001,5.78187330000001,5.796308000000002
/cephfs/shared/impact/LLM_models/llama2-13b-hf,FP16,512,measured,passed,40c27a8aedea5475c19c3af676a21c722eae8ac0d9dcebf74df669298417d563,3bb82b90ab6cf09d73f609926c4187262b27e2e7b99a225aee971fcd40a59f16,20261005T133926Z-49cb46fc49,32,silu_ms,0.78535884375,0.7852839999999999,0.0010089878387123236,0.7835680000000002,0.7872210000000001,0.7839782999999999,0.7867249999999999
/cephfs/shared/impact/LLM_models/llama2-13b-hf,FP16,512,measured,passed,40c27a8aedea5475c19c3af676a21c722eae8ac0d9dcebf74df669298417d563,3bb82b90ab6cf09d73f609926c4187262b27e2e7b99a225aee971fcd40a59f16,20261005T133926Z-49cb46fc49,32,rmsnorm_ms,6.221731249999982,6.222087499999982,0.005435395661771416,6.21006199999998,6.233057999999991,6.213674899999975,6.227619999999985
/cephfs/shared/impact/LLM_models/llama2-13b-hf,FP16,512,measured,passed,40c27a8aedea5475c19c3af676a21c722eae8ac0d9dcebf74df669298417d563,3bb82b90ab6cf09d73f609926c4187262b27e2e7b99a225aee971fcd40a59f16,20261005T133926Z-49cb46fc49,32,attention_matmul_ms,2.2519198437499997,2.251285,0.0025455796742636485,2.247699,2.2587099999999993,2.2492381,2.255358
/cephfs/shared/impact/LLM_models/llama2-13b-hf,FP16,512,measured,passed,40c27a8aedea5475c19c3af676a21c722eae8ac0d9dcebf74df669298417d563,3bb82b90ab6cf09d73f609926c4187262b27e2e7b99a225aee971fcd40a59f16,20261005T133926Z-49cb46fc49,32,other_compute_ms,4.620180625000001,4.620088000000003,0.0028290699571731828,4.613386000000002,4.6264689999999975,4.616884,4.6229082
/cephfs/shared/impact/LLM_models/llama2-13b-hf,FP16,512,measured,passed,40c27a8aedea5475c19c3af676a21c722eae8ac0d9dcebf74df669298417d563,3bb82b90ab6cf09d73f609926c4187262b27e2e7b99a225aee971fcd40a59f16,20261005T133926Z-49cb46fc49,32,quantize_ms,0.0,0.0,0.0,0.0,0.0,0.0,0.0
/cephfs/shared/impact/LLM_models/llama2-13b-hf,FP16,512,measured,passed,40c27a8aedea5475c19c3af676a21c722eae8ac0d9dcebf74df669298417d563,3bb82b90ab6cf09d73f609926c4187262b27e2e7b99a225aee971fcd40a59f16,20261005T133926Z-49cb46fc49,32,dequantize_ms,0.0,0.0,0.0,0.0,0.0,0.0,0.0
/cephfs/shared/impact/LLM_models/llama2-13b-hf,FP16,512,measured,passed,40c27a8aedea5475c19c3af676a21c722eae8ac0d9dcebf74df669298417d563,3bb82b90ab6cf09d73f609926c4187262b27e2e7b99a225aee971fcd40a59f16,20261005T133926Z-49cb46fc49,32,requantize_ms,0.0,0.0,0.0,0.0,0.0,0.0,0.0
/cephfs/shared/impact/LLM_models/llama2-13b-hf,FP16,512,measured,passed,40c27a8aedea5475c19c3af676a21c722eae8ac0d9dcebf74df669298417d563,3bb82b90ab6cf09d73f609926c4187262b27e2e7b99a225aee971fcd40a59f16,20261005T133926Z-49cb46fc49,32,scale_ms,0.0,0.0,0.0,0.0,0.0,0.0,0.0
/cephfs/shared/impact/LLM_models/llama2-13b-hf,FP16,512,measured,passed,40c27a8aedea5475c19c3af676a21c722eae8ac0d9dcebf74df669298417d563,3bb82b90ab6cf09d73f609926c4187262b27e2e7b99a225aee971fcd40a59f16,20261005T133926Z-49cb46fc49,32,packing_ms,0.0,0.0,0.0,0.0,0.0,0.0,0.0
/cephfs/shared/impact/LLM_models/llama2-13b-hf,FP16,512,measured,passed,40c27a8aedea5475c19c3af676a21c722eae8ac0d9dcebf74df669298417d563,3bb82b90ab6cf09d73f609926c4187262b27e2e7b99a225aee971fcd40a59f16,20261005T133926Z-49cb46fc49,32,conversion_ms,2.889520593750001,2.8891985000000013,0.0017546122420524061,2.885535000000001,2.8931860000000014,2.8876641000000003,2.8920636000000015
/cephfs/shared/impact/LLM_models/llama2-13b-hf,FP16,512,measured,passed,40c27a8aedea5475c19c3af676a21c722eae8ac0d9dcebf74df669298417d563,3bb82b90ab6cf09d73f609926c4187262b27e2e7b99a225aee971fcd40a59f16,20261005T133926Z-49cb46fc49,32,physical_total_ms,95.14208698272705,95.17245101928711,0.16662737041935233,94.78844451904297,95.4593276977539,94.9374397277832,95.33214111328125
/cephfs/shared/impact/LLM_models/llama2-13b-hf,FP16,512,measured,passed,40c27a8aedea5475c19c3af676a21c722eae8ac0d9dcebf74df669298417d563,3bb82b90ab6cf09d73f609926c4187262b27e2e7b99a225aee971fcd40a59f16,20261005T133926Z-49cb46fc49,32,profiled_physical_ms,448.3621892929077,446.70135498046875,6.32245562917531,442.9900817871094,471.70465087890625,443.7675384521484,457.7455108642578
/cephfs/shared/impact/LLM_models/llama2-13b-hf,FP16,512,measured,passed,40c27a8aedea5475c19c3af676a21c722eae8ac0d9dcebf74df669298417d563,3bb82b90ab6cf09d73f609926c4187262b27e2e7b99a225aee971fcd40a59f16,20261005T133926Z-49cb46fc49,32,gpu_kernel_total_ms,90.54105415625,90.5263755,0.0737471707770553,90.419599,90.764842,90.46190269999997,90.63960119999997
/cephfs/shared/impact/LLM_models/llama2-13b-hf,FP16,512,measured,passed,40c27a8aedea5475c19c3af676a21c722eae8ac0d9dcebf74df669298417d563,3bb82b90ab6cf09d73f609926c4187262b27e2e7b99a225aee971fcd40a59f16,20261005T133926Z-49cb46fc49,32,gpu_activity_total_ms,90.58463693750001,90.5702025,0.07379822286956031,90.463184,90.80868,90.505486,90.6831778
/cephfs/shared/impact/LLM_models/llama2-13b-hf,FP16,512,measured,passed,40c27a8aedea5475c19c3af676a21c722eae8ac0d9dcebf74df669298417d563,3bb82b90ab6cf09d73f609926c4187262b27e2e7b99a225aee971fcd40a59f16,20261005T133926Z-49cb46fc49,32,consistency_error_pct,2.5833503696457045e-14,1.6239449543871303e-14,1.1537362943382319e-14,1.6192835609636755e-14,4.863481250925082e-14,1.6200104242404647e-14,4.69464502897671e-14
/cephfs/shared/impact/LLM_models/llama2-13b-hf,FP16,512,measured,passed,40c27a8aedea5475c19c3af676a21c722eae8ac0d9dcebf74df669298417d563,3bb82b90ab6cf09d73f609926c4187262b27e2e7b99a225aee971fcd40a59f16,20261005T133926Z-49cb46fc49,32,nonlinear_ms,14.67070915624999,14.667969499999995,0.011934430921765823,14.64911799999998,14.699250999999988,14.657179699999995,14.685990099999989
/cephfs/shared/impact/LLM_models/llama2-13b-hf,FP16,512,measured,passed,40c27a8aedea5475c19c3af676a21c722eae8ac0d9dcebf74df669298417d563,3bb82b90ab6cf09d73f609926c4187262b27e2e7b99a225aee971fcd40a59f16,20261005T133926Z-49cb46fc49,32,quantization_overhead_ms,2.889520593750001,2.8891985000000013,0.0017546122420524061,2.885535000000001,2.8931860000000014,2.8876641000000003,2.8920636000000015
/cephfs/shared/impact/LLM_models/llama2-13b-hf,FP16,512,measured,passed,40c27a8aedea5475c19c3af676a21c722eae8ac0d9dcebf74df669298417d563,3bb82b90ab6cf09d73f609926c4187262b27e2e7b99a225aee971fcd40a59f16,20261005T133926Z-49cb46fc49,32,other_ms,6.87210046875,6.871623500000002,0.004704650225141949,6.864350000000002,6.885178999999997,6.866205699999999,6.877341
/cephfs/shared/impact/LLM_models/llama2-13b-hf,FP16,512,measured,passed,40c27a8aedea5475c19c3af676a21c722eae8ac0d9dcebf74df669298417d563,3bb82b90ab6cf09d73f609926c4187262b27e2e7b99a225aee971fcd40a59f16,20261005T133926Z-49cb46fc49,32,compute_total_ms,87.69535156249998,87.6815315,0.07128355320734923,87.57679099999999,87.91427599999992,87.61656259999998,87.79274069999997
/cephfs/shared/impact/LLM_models/llama2-13b-hf,FP16,512,measured,passed,40c27a8aedea5475c19c3af676a21c722eae8ac0d9dcebf74df669298417d563,3bb82b90ab6cf09d73f609926c4187262b27e2e7b99a225aee971fcd40a59f16,20261005T133926Z-49cb46fc49,32,linear_pct,75.43448638031869,75.43692048186122,0.01195592705308036,75.4057392040492,75.45063230934038,75.41731374690902,75.44674900767
/cephfs/shared/impact/LLM_models/llama2-13b-hf,FP16,512,measured,passed,40c27a8aedea5475c19c3af676a21c722eae8ac0d9dcebf74df669298417d563,3bb82b90ab6cf09d73f609926c4187262b27e2e7b99a225aee971fcd40a59f16,20261005T133926Z-49cb46fc49,32,nonlinear_pct,16.729177751644393,16.726768072915036,0.009085935240211621,16.71551797019719,16.75067763952376,16.719797585521263,16.742959737977912
/cephfs/shared/impact/LLM_models/llama2-13b-hf,FP16,512,measured,passed,40c27a8aedea5475c19c3af676a21c722eae8ac0d9dcebf74df669298417d563,3bb82b90ab6cf09d73f609926c4187262b27e2e7b99a225aee971fcd40a59f16,20261005T133926Z-49cb46fc49,32,other_pct,7.836335868036917,7.835969923455782,0.004669622098577715,7.826870784647679,7.8450352506583245,7.830578098192129,7.84196843178453
/cephfs/shared/impact/LLM_models/llama2-13b-hf,FP16,1024,measured,passed,40c27a8aedea5475c19c3af676a21c722eae8ac0d9dcebf74df669298417d563,3bb82b90ab6cf09d73f609926c4187262b27e2e7b99a225aee971fcd40a59f16,20261005T133926Z-49cb46fc49,32,linear_ms,110.40896121875001,110.43441099999998,0.17920029639119478,110.03954799999998,110.76087399999997,110.16995010000005,110.60629829999995
/cephfs/shared/impact/LLM_models/llama2-13b-hf,FP16,1024,measured,passed,40c27a8aedea5475c19c3af676a21c722eae8ac0d9dcebf74df669298417d563,3bb82b90ab6cf09d73f609926c4187262b27e2e7b99a225aee971fcd40a59f16,20261005T133926Z-49cb46fc49,32,softmax_ms,6.924942843749999,6.9242565,0.00641664411892936,6.913950000000002,6.9383729999999995,6.916901100000001,6.9329126
/cephfs/shared/impact/LLM_models/llama2-13b-hf,FP16,1024,measured,passed,40c27a8aedea5475c19c3af676a21c722eae8ac0d9dcebf74df669298417d563,3bb82b90ab6cf09d73f609926c4187262b27e2e7b99a225aee971fcd40a59f16,20261005T133926Z-49cb46fc49,32,rope_ms,10.850528874999998,10.847361499999995,0.022399580738803285,10.803814,10.887374999999997,10.821802299999993,10.880838299999997
/cephfs/shared/impact/LLM_models/llama2-13b-hf,FP16,1024,measured,passed,40c27a8aedea5475c19c3af676a21c722eae8ac0d9dcebf74df669298417d563,3bb82b90ab6cf09d73f609926c4187262b27e2e7b99a225aee971fcd40a59f16,20261005T133926Z-49cb46fc49,32,silu_ms,1.5469814375,1.5475244999999997,0.0021220890792999145,1.5421759999999995,1.5502749999999998,1.5438478999999996,1.5492361
/cephfs/shared/impact/LLM_models/llama2-13b-hf,FP16,1024,measured,passed,40c27a8aedea5475c19c3af676a21c722eae8ac0d9dcebf74df669298417d563,3bb82b90ab6cf09d73f609926c4187262b27e2e7b99a225aee971fcd40a59f16,20261005T133926Z-49cb46fc49,32,rmsnorm_ms,12.942489,12.94118250000001,0.01948735144949206,12.903970999999995,12.97628999999999,12.916349300000002,12.9665409
/cephfs/shared/impact/LLM_models/llama2-13b-hf,FP16,1024,measured,passed,40c27a8aedea5475c19c3af676a21c722eae8ac0d9dcebf74df669298417d563,3bb82b90ab6cf09d73f609926c4187262b27e2e7b99a225aee971fcd40a59f16,20261005T133926Z-49cb46fc49,32,attention_matmul_ms,8.24804465625,8.249027,0.01018499902801177,8.227585000000001,8.265721000000001,8.233936899999998,8.2616512
/cephfs/shared/impact/LLM_models/llama2-13b-hf,FP16,1024,measured,passed,40c27a8aedea5475c19c3af676a21c722eae8ac0d9dcebf74df669298417d563,3bb82b90ab6cf09d73f609926c4187262b27e2e7b99a225aee971fcd40a59f16,20261005T133926Z-49cb46fc49,32,other_compute_ms,15.119722718750001,15.118936999999999,0.014612113951928353,15.094206000000009,15.150628,15.099617600000002,15.137822700000001
/cephfs/shared/impact/LLM_models/llama2-13b-hf,FP16,1024,measured,passed,40c27a8aedea5475c19c3af676a21c722eae8ac0d9dcebf74df669298417d563,3bb82b90ab6cf09d73f609926c4187262b27e2e7b99a225aee971fcd40a59f16,20261005T133926Z-49cb46fc49,32,quantize_ms,0.0,0.0,0.0,0.0,0.0,0.0,0.0
/cephfs/shared/impact/LLM_models/llama2-13b-hf,FP16,1024,measured,passed,40c27a8aedea5475c19c3af676a21c722eae8ac0d9dcebf74df669298417d563,3bb82b90ab6cf09d73f609926c4187262b27e2e7b99a225aee971fcd40a59f16,20261005T133926Z-49cb46fc49,32,dequantize_ms,0.0,0.0,0.0,0.0,0.0,0.0,0.0
/cephfs/shared/impact/LLM_models/llama2-13b-hf,FP16,1024,measured,passed,40c27a8aedea5475c19c3af676a21c722eae8ac0d9dcebf74df669298417d563,3bb82b90ab6cf09d73f609926c4187262b27e2e7b99a225aee971fcd40a59f16,20261005T133926Z-49cb46fc49,32,requantize_ms,0.0,0.0,0.0,0.0,0.0,0.0,0.0
/cephfs/shared/impact/LLM_models/llama2-13b-hf,FP16,1024,measured,passed,40c27a8aedea5475c19c3af676a21c722eae8ac0d9dcebf74df669298417d563,3bb82b90ab6cf09d73f609926c4187262b27e2e7b99a225aee971fcd40a59f16,20261005T133926Z-49cb46fc49,32,scale_ms,0.0,0.0,0.0,0.0,0.0,0.0,0.0
/cephfs/shared/impact/LLM_models/llama2-13b-hf,FP16,1024,measured,passed,40c27a8aedea5475c19c3af676a21c722eae8ac0d9dcebf74df669298417d563,3bb82b90ab6cf09d73f609926c4187262b27e2e7b99a225aee971fcd40a59f16,20261005T133926Z-49cb46fc49,32,packing_ms,0.0,0.0,0.0,0.0,0.0,0.0,0.0
/cephfs/shared/impact/LLM_models/llama2-13b-hf,FP16,1024,measured,passed,40c27a8aedea5475c19c3af676a21c722eae8ac0d9dcebf74df669298417d563,3bb82b90ab6cf09d73f609926c4187262b27e2e7b99a225aee971fcd40a59f16,20261005T133926Z-49cb46fc49,32,conversion_ms,9.90500909375002,9.904295000000026,0.010180000539831585,9.88675700000001,9.925070000000025,9.890924900000025,9.918997500000023
/cephfs/shared/impact/LLM_models/llama2-13b-hf,FP16,1024,measured,passed,40c27a8aedea5475c19c3af676a21c722eae8ac0d9dcebf74df669298417d563,3bb82b90ab6cf09d73f609926c4187262b27e2e7b99a225aee971fcd40a59f16,20261005T133926Z-49cb46fc49,32,physical_total_ms,190.22686576843262,190.31195831298828,0.47673177186842924,189.16717529296875,190.88925170898438,189.48575744628906,190.7431900024414
/cephfs/shared/impact/LLM_models/llama2-13b-hf,FP16,1024,measured,passed,40c27a8aedea5475c19c3af676a21c722eae8ac0d9dcebf74df669298417d563,3bb82b90ab6cf09d73f609926c4187262b27e2e7b99a225aee971fcd40a59f16,20261005T133926Z-49cb46fc49,32,profiled_physical_ms,452.19846057891846,449.98939514160156,6.959411567487708,443.23614501953125,467.7659606933594,446.07574462890625,464.4130004882812
/cephfs/shared/impact/LLM_models/llama2-13b-hf,FP16,1024,measured,passed,40c27a8aedea5475c19c3af676a21c722eae8ac0d9dcebf74df669298417d563,3bb82b90ab6cf09d73f609926c4187262b27e2e7b99a225aee971fcd40a59f16,20261005T133926Z-49cb46fc49,32,gpu_kernel_total_ms,175.61066109375,175.636231,0.23482540256406745,175.09725599999996,176.11030799999995,175.26996149999997,175.91690849999998
/cephfs/shared/impact/LLM_models/llama2-13b-hf,FP16,1024,measured,passed,40c27a8aedea5475c19c3af676a21c722eae8ac0d9dcebf74df669298417d563,3bb82b90ab6cf09d73f609926c4187262b27e2e7b99a225aee971fcd40a59f16,20261005T133926Z-49cb46fc49,32,gpu_activity_total_ms,175.94650584375,175.972011,0.23528424105915047,175.43198800000002,176.446224,175.60434329999998,176.2536511
/cephfs/shared/impact/LLM_models/llama2-13b-hf,FP16,1024,measured,passed,40c27a8aedea5475c19c3af676a21c722eae8ac0d9dcebf74df669298417d563,3bb82b90ab6cf09d73f609926c4187262b27e2e7b99a225aee971fcd40a59f16,20261005T133926Z-49cb46fc49,32,consistency_error_pct,2.1918140613290012e-14,1.7138966120027345e-14,1.455042152207137e-14,0.0,5.137281387509142e-14,0.0,3.430344616297833e-14
/cephfs/shared/impact/LLM_models/llama2-13b-hf,FP16,1024,measured,passed,40c27a8aedea5475c19c3af676a21c722eae8ac0d9dcebf74df669298417d563,3bb82b90ab6cf09d73f609926c4187262b27e2e7b99a225aee971fcd40a59f16,20261005T133926Z-49cb46fc49,32,nonlinear_ms,32.26494215625,32.25788850000002,0.04685175110240341,32.17041299999999,32.342007999999986,32.20347709999998,32.3276774
/cephfs/shared/impact/LLM_models/llama2-13b-hf,FP16,1024,measured,passed,40c27a8aedea5475c19c3af676a21c722eae8ac0d9dcebf74df669298417d563,3bb82b90ab6cf09d73f609926c4187262b27e2e7b99a225aee971fcd40a59f16,20261005T133926Z-49cb46fc49,32,quantization_overhead_ms,9.90500909375002,9.904295000000026,0.010180000539831585,9.88675700000001,9.925070000000025,9.890924900000025,9.918997500000023
/cephfs/shared/impact/LLM_models/llama2-13b-hf,FP16,1024,measured,passed,40c27a8aedea5475c19c3af676a21c722eae8ac0d9dcebf74df669298417d563,3bb82b90ab6cf09d73f609926c4187262b27e2e7b99a225aee971fcd40a59f16,20261005T133926Z-49cb46fc49,32,other_ms,23.367767375,23.367475499999998,0.024290506738162937,23.326316000000006,23.413596,23.332456600000004,23.398306899999998
/cephfs/shared/impact/LLM_models/llama2-13b-hf,FP16,1024,measured,passed,40c27a8aedea5475c19c3af676a21c722eae8ac0d9dcebf74df669298417d563,3bb82b90ab6cf09d73f609926c4187262b27e2e7b99a225aee971fcd40a59f16,20261005T133926Z-49cb46fc49,32,compute_total_ms,166.04167075,166.06368499999996,0.22989061230085225,165.56030699999997,166.51647799999995,165.70900369999993,166.33019689999995
/cephfs/shared/impact/LLM_models/llama2-13b-hf,FP16,1024,measured,passed,40c27a8aedea5475c19c3af676a21c722eae8ac0d9dcebf74df669298417d563,3bb82b90ab6cf09d73f609926c4187262b27e2e7b99a225aee971fcd40a59f16,20261005T133926Z-49cb46fc49,32,linear_pct,66.4947132605127,66.50510507928317,0.02878928954550373,66.4343782326417,66.55380115050247,66.45714592506124,66.5236580329328
/cephfs/shared/impact/LLM_models/llama2-13b-hf,FP16,1024,measured,passed,40c27a8aedea5475c19c3af676a21c722eae8ac0d9dcebf74df669298417d563,3bb82b90ab6cf09d73f609926c4187262b27e2e7b99a225aee971fcd40a59f16,20261005T133926Z-49cb46fc49,32,nonlinear_pct,19.43183960544216,19.428384103786602,0.017013125592802766,19.39334371956694,19.467481734643556,19.416190748503354,19.45198828670426
/cephfs/shared/impact/LLM_models/llama2-13b-hf,FP16,1024,measured,passed,40c27a8aedea5475c19c3af676a21c722eae8ac0d9dcebf74df669298417d563,3bb82b90ab6cf09d73f609926c4187262b27e2e7b99a225aee971fcd40a59f16,20261005T133926Z-49cb46fc49,32,other_pct,14.07344713404514,14.070389408868154,0.013171040972674916,14.051484210243137,14.098731759415243,14.058139690706852,14.091421107379528
/cephfs/shared/impact/LLM_models/llama2-13b-hf,FP16,2048,measured,passed,40c27a8aedea5475c19c3af676a21c722eae8ac0d9dcebf74df669298417d563,3bb82b90ab6cf09d73f609926c4187262b27e2e7b99a225aee971fcd40a59f16,20261005T133926Z-49cb46fc49,32,linear_ms,207.67776890624998,207.64605900000004,1.2480421722396813,205.14907200000002,209.42552399999985,205.99444970000005,209.1517461999998
/cephfs/shared/impact/LLM_models/llama2-13b-hf,FP16,2048,measured,passed,40c27a8aedea5475c19c3af676a21c722eae8ac0d9dcebf74df669298417d563,3bb82b90ab6cf09d73f609926c4187262b27e2e7b99a225aee971fcd40a59f16,20261005T133926Z-49cb46fc49,32,softmax_ms,79.483012125,79.525047,0.42392229493286443,78.454894,80.21937600000001,78.97694800000001,79.93606890000001
/cephfs/shared/impact/LLM_models/llama2-13b-hf,FP16,2048,measured,passed,40c27a8aedea5475c19c3af676a21c722eae8ac0d9dcebf74df669298417d563,3bb82b90ab6cf09d73f609926c4187262b27e2e7b99a225aee971fcd40a59f16,20261005T133926Z-49cb46fc49,32,rope_ms,22.957253593750004,22.971323500000004,0.10891781419858514,22.721244999999996,23.113221999999986,22.80659940000004,23.094464700000007
/cephfs/shared/impact/LLM_models/llama2-13b-hf,FP16,2048,measured,passed,40c27a8aedea5475c19c3af676a21c722eae8ac0d9dcebf74df669298417d563,3bb82b90ab6cf09d73f609926c4187262b27e2e7b99a225aee971fcd40a59f16,20261005T133926Z-49cb46fc49,32,silu_ms,3.124949375,3.1254489999999997,0.012224417436478988,3.1000099999999993,3.143179,3.1082347999999995,3.1387764
/cephfs/shared/impact/LLM_models/llama2-13b-hf,FP16,2048,measured,passed,40c27a8aedea5475c19c3af676a21c722eae8ac0d9dcebf74df669298417d563,3bb82b90ab6cf09d73f609926c4187262b27e2e7b99a225aee971fcd40a59f16,20261005T133926Z-49cb46fc49,32,rmsnorm_ms,26.919244156250002,26.927948999999963,0.08228290415474059,26.74412099999998,27.042551,26.8010661,27.009401800000017
/cephfs/shared/impact/LLM_models/llama2-13b-hf,FP16,2048,measured,passed,40c27a8aedea5475c19c3af676a21c722eae8ac0d9dcebf74df669298417d563,3bb82b90ab6cf09d73f609926c4187262b27e2e7b99a225aee971fcd40a59f16,20261005T133926Z-49cb46fc49,32,attention_matmul_ms,31.208628687500003,31.222092500000002,0.12353425625579686,30.952937000000023,31.388213000000007,31.046715700000007,31.35374789999999
/cephfs/shared/impact/LLM_models/llama2-13b-hf,FP16,2048,measured,passed,40c27a8aedea5475c19c3af676a21c722eae8ac0d9dcebf74df669298417d563,3bb82b90ab6cf09d73f609926c4187262b27e2e7b99a225aee971fcd40a59f16,20261005T133926Z-49cb46fc49,32,other_compute_ms,57.20469640625001,57.22625099999998,0.15477243898722648,56.82741800000001,57.46554600000001,57.01911340000001,57.375847500000006
/cephfs/shared/impact/LLM_models/llama2-13b-hf,FP16,2048,measured,passed,40c27a8aedea5475c19c3af676a21c722eae8ac0d9dcebf74df669298417d563,3bb82b90ab6cf09d73f609926c4187262b27e2e7b99a225aee971fcd40a59f16,20261005T133926Z-49cb46fc49,32,quantize_ms,0.0,0.0,0.0,0.0,0.0,0.0,0.0
/cephfs/shared/impact/LLM_models/llama2-13b-hf,FP16,2048,measured,passed,40c27a8aedea5475c19c3af676a21c722eae8ac0d9dcebf74df669298417d563,3bb82b90ab6cf09d73f609926c4187262b27e2e7b99a225aee971fcd40a59f16,20261005T133926Z-49cb46fc49,32,dequantize_ms,0.0,0.0,0.0,0.0,0.0,0.0,0.0
/cephfs/shared/impact/LLM_models/llama2-13b-hf,FP16,2048,measured,passed,40c27a8aedea5475c19c3af676a21c722eae8ac0d9dcebf74df669298417d563,3bb82b90ab6cf09d73f609926c4187262b27e2e7b99a225aee971fcd40a59f16,20261005T133926Z-49cb46fc49,32,requantize_ms,0.0,0.0,0.0,0.0,0.0,0.0,0.0
/cephfs/shared/impact/LLM_models/llama2-13b-hf,FP16,2048,measured,passed,40c27a8aedea5475c19c3af676a21c722eae8ac0d9dcebf74df669298417d563,3bb82b90ab6cf09d73f609926c4187262b27e2e7b99a225aee971fcd40a59f16,20261005T133926Z-49cb46fc49,32,scale_ms,0.0,0.0,0.0,0.0,0.0,0.0,0.0
/cephfs/shared/impact/LLM_models/llama2-13b-hf,FP16,2048,measured,passed,40c27a8aedea5475c19c3af676a21c722eae8ac0d9dcebf74df669298417d563,3bb82b90ab6cf09d73f609926c4187262b27e2e7b99a225aee971fcd40a59f16,20261005T133926Z-49cb46fc49,32,packing_ms,0.0,0.0,0.0,0.0,0.0,0.0,0.0
/cephfs/shared/impact/LLM_models/llama2-13b-hf,FP16,2048,measured,passed,40c27a8aedea5475c19c3af676a21c722eae8ac0d9dcebf74df669298417d563,3bb82b90ab6cf09d73f609926c4187262b27e2e7b99a225aee971fcd40a59f16,20261005T133926Z-49cb46fc49,32,conversion_ms,37.883177812499994,37.90148549999999,0.1440428186349003,37.53315799999999,38.14810699999999,37.701487900000004,38.03092340000001
/cephfs/shared/impact/LLM_models/llama2-13b-hf,FP16,2048,measured,passed,40c27a8aedea5475c19c3af676a21c722eae8ac0d9dcebf74df669298417d563,3bb82b90ab6cf09d73f609926c4187262b27e2e7b99a225aee971fcd40a59f16,20261005T133926Z-49cb46fc49,32,physical_total_ms,465.6485643386841,466.2462921142578,1.4252204728847053,462.496826171875,467.54425048828125,463.5339599609375,467.18439025878905
/cephfs/shared/impact/LLM_models/llama2-13b-hf,FP16,2048,measured,passed,40c27a8aedea5475c19c3af676a21c722eae8ac0d9dcebf74df669298417d563,3bb82b90ab6cf09d73f609926c4187262b27e2e7b99a225aee971fcd40a59f16,20261005T133926Z-49cb46fc49,32,profiled_physical_ms,505.563853263855,505.9447021484375,2.243910443803985,500.0380554199219,508.4424133300781,502.3284851074219,508.1579620361328
/cephfs/shared/impact/LLM_models/llama2-13b-hf,FP16,2048,measured,passed,40c27a8aedea5475c19c3af676a21c722eae8ac0d9dcebf74df669298417d563,3bb82b90ab6cf09d73f609926c4187262b27e2e7b99a225aee971fcd40a59f16,20261005T133926Z-49cb46fc49,32,gpu_kernel_total_ms,466.47964840625,466.61345600000004,2.2696474170027883,461.8936,469.67568300000005,463.30176750000004,469.03869760000003
/cephfs/shared/impact/LLM_models/llama2-13b-hf,FP16,2048,measured,passed,40c27a8aedea5475c19c3af676a21c722eae8ac0d9dcebf74df669298417d563,3bb82b90ab6cf09d73f609926c4187262b27e2e7b99a225aee971fcd40a59f16,20261005T133926Z-49cb46fc49,32,gpu_activity_total_ms,466.47964840625,466.61345600000004,2.269647417002784,461.8936,469.675683,463.3017675,469.0386976
/cephfs/shared/impact/LLM_models/llama2-13b-hf,FP16,2048,measured,passed,40c27a8aedea5475c19c3af676a21c722eae8ac0d9dcebf74df669298417d563,3bb82b90ab6cf09d73f609926c4187262b27e2e7b99a225aee971fcd40a59f16,20261005T133926Z-49cb46fc49,32,consistency_error_pct,1.8677675519897377e-14,1.3314378323733795e-14,1.539111074788317e-14,0.0,5.307947326180854e-14,0.0,3.9813225788878844e-14
/cephfs/shared/impact/LLM_models/llama2-13b-hf,FP16,2048,measured,passed,40c27a8aedea5475c19c3af676a21c722eae8ac0d9dcebf74df669298417d563,3bb82b90ab6cf09d73f609926c4187262b27e2e7b99a225aee971fcd40a59f16,20261005T133926Z-49cb46fc49,32,nonlinear_ms,132.48445925000001,132.54134749999997,0.6217927997770664,131.09903799999995,133.518328,131.69284830000004,133.19121800000002
/cephfs/shared/impact/LLM_models/llama2-13b-hf,FP16,2048,measured,passed,40c27a8aedea5475c19c3af676a21c722eae8ac0d9dcebf74df669298417d563,3bb82b90ab6cf09d73f609926c4187262b27e2e7b99a225aee971fcd40a59f16,20261005T133926Z-49cb46fc49,32,quantization_overhead_ms,37.883177812499994,37.90148549999999,0.1440428186349003,37.53315799999999,38.14810699999999,37.701487900000004,38.03092340000001
/cephfs/shared/impact/LLM_models/llama2-13b-hf,FP16,2048,measured,passed,40c27a8aedea5475c19c3af676a21c722eae8ac0d9dcebf74df669298417d563,3bb82b90ab6cf09d73f609926c4187262b27e2e7b99a225aee971fcd40a59f16,20261005T133926Z-49cb46fc49,32,other_ms,88.41332509375,88.45239300000003,0.27677015680971234,87.78035500000003,88.85375900000003,88.07441750000001,88.71257870000001
/cephfs/shared/impact/LLM_models/llama2-13b-hf,FP16,2048,measured,passed,40c27a8aedea5475c19c3af676a21c722eae8ac0d9dcebf74df669298417d563,3bb82b90ab6cf09d73f609926c4187262b27e2e7b99a225aee971fcd40a59f16,20261005T133926Z-49cb46fc49,32,compute_total_ms,428.57555325,428.68584500000003,2.122495046054997,424.282732,431.588361,425.81697710000003,430.99818440000007
/cephfs/shared/impact/LLM_models/llama2-13b-hf,FP16,2048,measured,passed,40c27a8aedea5475c19c3af676a21c722eae8ac0d9dcebf74df669298417d563,3bb82b90ab6cf09d73f609926c4187262b27e2e7b99a225aee971fcd40a59f16,20261005T133926Z-49cb46fc49,32,linear_pct,48.457444538549005,48.46779273562986,0.061048005820994684,48.3519729952149,48.557303519234615,48.37476390210982,48.542154638422375
/cephfs/shared/impact/LLM_models/llama2-13b-hf,FP16,2048,measured,passed,40c27a8aedea5475c19c3af676a21c722eae8ac0d9dcebf74df669298417d563,3bb82b90ab6cf09d73f609926c4187262b27e2e7b99a225aee971fcd40a59f16,20261005T133926Z-49cb46fc49,32,nonlinear_pct,30.912792193298934,30.920539803926275,0.027416443127946753,30.8545161258546,30.956906001791484,30.87598584404171,30.94389639545261
/cephfs/shared/impact/LLM_models/llama2-13b-hf,FP16,2048,measured,passed,40c27a8aedea5475c19c3af676a21c722eae8ac0d9dcebf74df669298417d563,3bb82b90ab6cf09d73f609926c4187262b27e2e7b99a225aee971fcd40a59f16,20261005T133926Z-49cb46fc49,32,other_pct,20.62976326815206,20.623338933572306,0.040535433903699035,20.567058120799135,20.714839273732217,20.583068253347175,20.683203125128113
/cephfs/shared/impact/LLM_models/llama2-13b-hf,FP16,4096,measured,passed,40c27a8aedea5475c19c3af676a21c722eae8ac0d9dcebf74df669298417d563,3bb82b90ab6cf09d73f609926c4187262b27e2e7b99a225aee971fcd40a59f16,20261005T133926Z-49cb46fc49,32,linear_ms,423.34632199999993,423.54882399999985,0.7721092240193248,420.8755299999998,424.41858000000013,421.98748489999997,424.0234705999998
/cephfs/shared/impact/LLM_models/llama2-13b-hf,FP16,4096,measured,passed,40c27a8aedea5475c19c3af676a21c722eae8ac0d9dcebf74df669298417d563,3bb82b90ab6cf09d73f609926c4187262b27e2e7b99a225aee971fcd40a59f16,20261005T133926Z-49cb46fc49,32,softmax_ms,202.35027084375,202.48035699999997,0.40712696937491155,200.95314799999997,202.847102,201.78342920000003,202.68092649999997
/cephfs/shared/impact/LLM_models/llama2-13b-hf,FP16,4096,measured,passed,40c27a8aedea5475c19c3af676a21c722eae8ac0d9dcebf74df669298417d563,3bb82b90ab6cf09d73f609926c4187262b27e2e7b99a225aee971fcd40a59f16,20261005T133926Z-49cb46fc49,32,rope_ms,44.69642078125,44.7124505,0.06492785790236488,44.511418000000006,44.770613,44.580392899999964,44.760150399999965
/cephfs/shared/impact/LLM_models/llama2-13b-hf,FP16,4096,measured,passed,40c27a8aedea5475c19c3af676a21c722eae8ac0d9dcebf74df669298417d563,3bb82b90ab6cf09d73f609926c4187262b27e2e7b99a225aee971fcd40a59f16,20261005T133926Z-49cb46fc49,32,silu_ms,6.225249312499999,6.226893499999998,0.008655171992616643,6.197264,6.239343000000001,6.211547300000001,6.233877199999999
/cephfs/shared/impact/LLM_models/llama2-13b-hf,FP16,4096,measured,passed,40c27a8aedea5475c19c3af676a21c722eae8ac0d9dcebf74df669298417d563,3bb82b90ab6cf09d73f609926c4187262b27e2e7b99a225aee971fcd40a59f16,20261005T133926Z-49cb46fc49,32,rmsnorm_ms,51.11124581250004,51.12305800000005,0.048493281147143304,50.970251000000026,51.17111500000009,51.030502900000016,51.15668110000003
/cephfs/shared/impact/LLM_models/llama2-13b-hf,FP16,4096,measured,passed,40c27a8aedea5475c19c3af676a21c722eae8ac0d9dcebf74df669298417d563,3bb82b90ab6cf09d73f609926c4187262b27e2e7b99a225aee971fcd40a59f16,20261005T133926Z-49cb46fc49,32,attention_matmul_ms,119.00413925,118.89914300000001,0.45830073753080525,118.05066900000003,119.93530199999995,118.57664850000002,119.73187739999999
/cephfs/shared/impact/LLM_models/llama2-13b-hf,FP16,4096,measured,passed,40c27a8aedea5475c19c3af676a21c722eae8ac0d9dcebf74df669298417d563,3bb82b90ab6cf09d73f609926c4187262b27e2e7b99a225aee971fcd40a59f16,20261005T133926Z-49cb46fc49,32,other_compute_ms,225.51163843749998,225.56140349999998,0.21815212975486448,224.7477220000001,225.7594189999999,225.21852439999992,225.7266318000001
/cephfs/shared/impact/LLM_models/llama2-13b-hf,FP16,4096,measured,passed,40c27a8aedea5475c19c3af676a21c722eae8ac0d9dcebf74df669298417d563,3bb82b90ab6cf09d73f609926c4187262b27e2e7b99a225aee971fcd40a59f16,20261005T133926Z-49cb46fc49,32,quantize_ms,0.0,0.0,0.0,0.0,0.0,0.0,0.0
/cephfs/shared/impact/LLM_models/llama2-13b-hf,FP16,4096,measured,passed,40c27a8aedea5475c19c3af676a21c722eae8ac0d9dcebf74df669298417d563,3bb82b90ab6cf09d73f609926c4187262b27e2e7b99a225aee971fcd40a59f16,20261005T133926Z-49cb46fc49,32,dequantize_ms,0.0,0.0,0.0,0.0,0.0,0.0,0.0
/cephfs/shared/impact/LLM_models/llama2-13b-hf,FP16,4096,measured,passed,40c27a8aedea5475c19c3af676a21c722eae8ac0d9dcebf74df669298417d563,3bb82b90ab6cf09d73f609926c4187262b27e2e7b99a225aee971fcd40a59f16,20261005T133926Z-49cb46fc49,32,requantize_ms,0.0,0.0,0.0,0.0,0.0,0.0,0.0
/cephfs/shared/impact/LLM_models/llama2-13b-hf,FP16,4096,measured,passed,40c27a8aedea5475c19c3af676a21c722eae8ac0d9dcebf74df669298417d563,3bb82b90ab6cf09d73f609926c4187262b27e2e7b99a225aee971fcd40a59f16,20261005T133926Z-49cb46fc49,32,scale_ms,0.0,0.0,0.0,0.0,0.0,0.0,0.0
/cephfs/shared/impact/LLM_models/llama2-13b-hf,FP16,4096,measured,passed,40c27a8aedea5475c19c3af676a21c722eae8ac0d9dcebf74df669298417d563,3bb82b90ab6cf09d73f609926c4187262b27e2e7b99a225aee971fcd40a59f16,20261005T133926Z-49cb46fc49,32,packing_ms,0.0,0.0,0.0,0.0,0.0,0.0,0.0
/cephfs/shared/impact/LLM_models/llama2-13b-hf,FP16,4096,measured,passed,40c27a8aedea5475c19c3af676a21c722eae8ac0d9dcebf74df669298417d563,3bb82b90ab6cf09d73f609926c4187262b27e2e7b99a225aee971fcd40a59f16,20261005T133926Z-49cb46fc49,32,conversion_ms,149.596312375,149.65220150000005,0.19042053095592398,148.93493699999996,149.84826800000002,149.33450140000005,149.7382671
/cephfs/shared/impact/LLM_models/llama2-13b-hf,FP16,4096,measured,passed,40c27a8aedea5475c19c3af676a21c722eae8ac0d9dcebf74df669298417d563,3bb82b90ab6cf09d73f609926c4187262b27e2e7b99a225aee971fcd40a59f16,20261005T133926Z-49cb46fc49,32,physical_total_ms,1216.3754653930664,1216.3397216796875,2.016350675963256,1210.1961669921875,1219.38427734375,1214.3746826171875,1218.7645874023438
/cephfs/shared/impact/LLM_models/llama2-13b-hf,FP16,4096,measured,passed,40c27a8aedea5475c19c3af676a21c722eae8ac0d9dcebf74df669298417d563,3bb82b90ab6cf09d73f609926c4187262b27e2e7b99a225aee971fcd40a59f16,20261005T133926Z-49cb46fc49,32,profiled_physical_ms,1259.9482307434082,1260.0191650390625,2.1362051824628914,1255.8624267578125,1268.35400390625,1257.1113525390624,1260.95458984375
/cephfs/shared/impact/LLM_models/llama2-13b-hf,FP16,4096,measured,passed,40c27a8aedea5475c19c3af676a21c722eae8ac0d9dcebf74df669298417d563,3bb82b90ab6cf09d73f609926c4187262b27e2e7b99a225aee971fcd40a59f16,20261005T133926Z-49cb46fc49,32,gpu_kernel_total_ms,1222.6545385625,1223.227582,1.765198550106666,1216.4024299999999,1224.3296169999999,1219.8323000999999,1224.0783763
/cephfs/shared/impact/LLM_models/llama2-13b-hf,FP16,4096,measured,passed,40c27a8aedea5475c19c3af676a21c722eae8ac0d9dcebf74df669298417d563,3bb82b90ab6cf09d73f609926c4187262b27e2e7b99a225aee971fcd40a59f16,20261005T133926Z-49cb46fc49,32,gpu_activity_total_ms,1222.6545385625,1223.227582,1.7651985501066603,1216.4024299999999,1224.329617,1219.8323001,1224.0783763
/cephfs/shared/impact/LLM_models/llama2-13b-hf,FP16,4096,measured,passed,40c27a8aedea5475c19c3af676a21c722eae8ac0d9dcebf74df669298417d563,3bb82b90ab6cf09d73f609926c4187262b27e2e7b99a225aee971fcd40a59f16,20261005T133926Z-49cb46fc49,32,consistency_error_pct,0.07213602786145625,0.08871804571518695,0.04179295877892566,0.0,0.17729902559842786,2.3356325645300082e-14,0.08914399927757558
/cephfs/shared/impact/LLM_models/llama2-13b-hf,FP16,4096,measured,passed,40c27a8aedea5475c19c3af676a21c722eae8ac0d9dcebf74df669298417d563,3bb82b90ab6cf09d73f609926c4187262b27e2e7b99a225aee971fcd40a59f16,20261005T133926Z-49cb46fc49,32,nonlinear_ms,304.38318675000005,304.558552,0.5040499825980541,302.632081,304.90856400000007,303.6577666,304.77079249999997
/cephfs/shared/impact/LLM_models/llama2-13b-hf,FP16,4096,measured,passed,40c27a8aedea5475c19c3af676a21c722eae8ac0d9dcebf74df669298417d563,3bb82b90ab6cf09d73f609926c4187262b27e2e7b99a225aee971fcd40a59f16,20261005T133926Z-49cb46fc49,32,quantization_overhead_ms,149.596312375,149.65220150000005,0.19042053095592398,148.93493699999996,149.84826800000002,149.33450140000005,149.7382671
/cephfs/shared/impact/LLM_models/llama2-13b-hf,FP16,4096,measured,passed,40c27a8aedea5475c19c3af676a21c722eae8ac0d9dcebf74df669298417d563,3bb82b90ab6cf09d73f609926c4187262b27e2e7b99a225aee971fcd40a59f16,20261005T133926Z-49cb46fc49,32,other_ms,344.51577768749996,344.532524,0.5593724868944872,343.01371600000004,345.62438199999997,343.82400559999985,345.23625689999994
/cephfs/shared/impact/LLM_models/llama2-13b-hf,FP16,4096,measured,passed,40c27a8aedea5475c19c3af676a21c722eae8ac0d9dcebf74df669298417d563,3bb82b90ab6cf09d73f609926c4187262b27e2e7b99a225aee971fcd40a59f16,20261005T133926Z-49cb46fc49,32,compute_total_ms,1072.2452864375,1072.6783624999998,1.6026078823703125,1066.521327,1074.0013689999998,1069.8097311999998,1073.4528329000002
/cephfs/shared/impact/LLM_models/llama2-13b-hf,FP16,4096,measured,passed,40c27a8aedea5475c19c3af676a21c722eae8ac0d9dcebf74df669298417d563,3bb82b90ab6cf09d73f609926c4187262b27e2e7b99a225aee971fcd40a59f16,20261005T133926Z-49cb46fc49,32,linear_pct,39.48221771957118,39.48037263889428,0.030323760201941587,39.42371156571698,39.54488858355542,39.44810718009357,39.52667653860818
/cephfs/shared/impact/LLM_models/llama2-13b-hf,FP16,4096,measured,passed,40c27a8aedea5475c19c3af676a21c722eae8ac0d9dcebf74df669298417d563,3bb82b90ab6cf09d73f609926c4187262b27e2e7b99a225aee971fcd40a59f16,20261005T133926Z-49cb46fc49,32,nonlinear_pct,28.387457502371657,28.389115148814824,0.018605996837335572,28.347377886302773,28.42669977881731,28.36063846077432,28.406855658830608
/cephfs/shared/impact/LLM_models/llama2-13b-hf,FP16,4096,measured,passed,40c27a8aedea5475c19c3af676a21c722eae8ac0d9dcebf74df669298417d563,3bb82b90ab6cf09d73f609926c4187262b27e2e7b99a225aee971fcd40a59f16,20261005T133926Z-49cb46fc49,32,other_pct,32.130324778057165,32.119881069979904,0.03354354369143257,32.04891771862146,32.2123066338281,32.10175882377007,32.174755084108334
/cephfs/shared/impact/LLM_models/llama2-13b-hf,W8A8,512,measured,passed,40c27a8aedea5475c19c3af676a21c722eae8ac0d9dcebf74df669298417d563,3bb82b90ab6cf09d73f609926c4187262b27e2e7b99a225aee971fcd40a59f16,20261005T135239Z-9f9fb2ce65,32,linear_ms,40.153499375,40.15219049999999,0.017549411187163928,40.121703000000025,40.18707400000001,40.13265479999998,40.178328999999984
/cephfs/shared/impact/LLM_models/llama2-13b-hf,W8A8,512,measured,passed,40c27a8aedea5475c19c3af676a21c722eae8ac0d9dcebf74df669298417d563,3bb82b90ab6cf09d73f609926c4187262b27e2e7b99a225aee971fcd40a59f16,20261005T135239Z-9f9fb2ce65,32,softmax_ms,1.87150515625,1.8716494999999997,0.001346368691041776,1.8688679999999998,1.8751110000000002,1.8694969,1.8728731000000005
/cephfs/shared/impact/LLM_models/llama2-13b-hf,W8A8,512,measured,passed,40c27a8aedea5475c19c3af676a21c722eae8ac0d9dcebf74df669298417d563,3bb82b90ab6cf09d73f609926c4187262b27e2e7b99a225aee971fcd40a59f16,20261005T135239Z-9f9fb2ce65,32,rope_ms,5.782140281250004,5.782256500000001,0.0016500222136208791,5.778854000000008,5.784546,5.779644099999997,5.783873300000002
/cephfs/shared/impact/LLM_models/llama2-13b-hf,W8A8,512,measured,passed,40c27a8aedea5475c19c3af676a21c722eae8ac0d9dcebf74df669298417d563,3bb82b90ab6cf09d73f609926c4187262b27e2e7b99a225aee971fcd40a59f16,20261005T135239Z-9f9fb2ce65,32,silu_ms,0.78455940625,0.7845725000000001,0.0005159686699275505,0.783247,0.7854620000000001,0.7839303999999999,0.7851307000000001
/cephfs/shared/impact/LLM_models/llama2-13b-hf,W8A8,512,measured,passed,40c27a8aedea5475c19c3af676a21c722eae8ac0d9dcebf74df669298417d563,3bb82b90ab6cf09d73f609926c4187262b27e2e7b99a225aee971fcd40a59f16,20261005T135239Z-9f9fb2ce65,32,rmsnorm_ms,6.166006937499978,6.1659524999999755,0.0027582643436614915,6.159990999999979,6.171323999999978,6.162767599999978,6.169732199999974
/cephfs/shared/impact/LLM_models/llama2-13b-hf,W8A8,512,measured,passed,40c27a8aedea5475c19c3af676a21c722eae8ac0d9dcebf74df669298417d563,3bb82b90ab6cf09d73f609926c4187262b27e2e7b99a225aee971fcd40a59f16,20261005T135239Z-9f9fb2ce65,32,attention_matmul_ms,2.2726129375,2.2724455,0.0009938746574278978,2.271211,2.2758480000000008,2.2715669999999992,2.2739532
/cephfs/shared/impact/LLM_models/llama2-13b-hf,W8A8,512,measured,passed,40c27a8aedea5475c19c3af676a21c722eae8ac0d9dcebf74df669298417d563,3bb82b90ab6cf09d73f609926c4187262b27e2e7b99a225aee971fcd40a59f16,20261005T135239Z-9f9fb2ce65,32,other_compute_ms,4.840266906249998,4.840231499999998,0.0014383055747681298,4.837144,4.843954999999997,4.8385007999999985,4.841876199999995
/cephfs/shared/impact/LLM_models/llama2-13b-hf,W8A8,512,measured,passed,40c27a8aedea5475c19c3af676a21c722eae8ac0d9dcebf74df669298417d563,3bb82b90ab6cf09d73f609926c4187262b27e2e7b99a225aee971fcd40a59f16,20261005T135239Z-9f9fb2ce65,32,quantize_ms,15.940084218749991,15.939683999999982,0.003890816090983193,15.932033999999975,15.950952999999995,15.936039099999984,15.943385699999991
/cephfs/shared/impact/LLM_models/llama2-13b-hf,W8A8,512,measured,passed,40c27a8aedea5475c19c3af676a21c722eae8ac0d9dcebf74df669298417d563,3bb82b90ab6cf09d73f609926c4187262b27e2e7b99a225aee971fcd40a59f16,20261005T135239Z-9f9fb2ce65,32,dequantize_ms,24.319144249999997,24.31921049999999,0.004760327211571085,24.309003000000022,24.331058,24.313476799999993,24.323544399999985
/cephfs/shared/impact/LLM_models/llama2-13b-hf,W8A8,512,measured,passed,40c27a8aedea5475c19c3af676a21c722eae8ac0d9dcebf74df669298417d563,3bb82b90ab6cf09d73f609926c4187262b27e2e7b99a225aee971fcd40a59f16,20261005T135239Z-9f9fb2ce65,32,requantize_ms,0.0,0.0,0.0,0.0,0.0,0.0,0.0
/cephfs/shared/impact/LLM_models/llama2-13b-hf,W8A8,512,measured,passed,40c27a8aedea5475c19c3af676a21c722eae8ac0d9dcebf74df669298417d563,3bb82b90ab6cf09d73f609926c4187262b27e2e7b99a225aee971fcd40a59f16,20261005T135239Z-9f9fb2ce65,32,scale_ms,9.314245374999976,9.314054999999975,0.0022698747549667526,9.31056299999998,9.319831999999984,9.311467499999972,9.317495699999968
/cephfs/shared/impact/LLM_models/llama2-13b-hf,W8A8,512,measured,passed,40c27a8aedea5475c19c3af676a21c722eae8ac0d9dcebf74df669298417d563,3bb82b90ab6cf09d73f609926c4187262b27e2e7b99a225aee971fcd40a59f16,20261005T135239Z-9f9fb2ce65,32,packing_ms,1.350251781250001,1.3501900000000013,0.0008537292285999084,1.3484050000000016,1.351729000000002,1.3491823000000018,1.3513145000000009
/cephfs/shared/impact/LLM_models/llama2-13b-hf,W8A8,512,measured,passed,40c27a8aedea5475c19c3af676a21c722eae8ac0d9dcebf74df669298417d563,3bb82b90ab6cf09d73f609926c4187262b27e2e7b99a225aee971fcd40a59f16,20261005T135239Z-9f9fb2ce65,32,conversion_ms,7.942258125000006,7.942279000000002,0.0020957396992710518,7.938206999999999,7.945921000000009,7.939586400000006,7.945181300000009
/cephfs/shared/impact/LLM_models/llama2-13b-hf,W8A8,512,measured,passed,40c27a8aedea5475c19c3af676a21c722eae8ac0d9dcebf74df669298417d563,3bb82b90ab6cf09d73f609926c4187262b27e2e7b99a225aee971fcd40a59f16,20261005T135239Z-9f9fb2ce65,32,physical_total_ms,125.73348355293274,125.59649658203125,0.6934020863840501,125.11465454101562,129.00682067871094,125.26636505126953,126.0086898803711
/cephfs/shared/impact/LLM_models/llama2-13b-hf,W8A8,512,measured,passed,40c27a8aedea5475c19c3af676a21c722eae8ac0d9dcebf74df669298417d563,3bb82b90ab6cf09d73f609926c4187262b27e2e7b99a225aee971fcd40a59f16,20261005T135239Z-9f9fb2ce65,32,profiled_physical_ms,1151.8983154296875,1143.016357421875,22.782761400895907,1130.0146484375,1238.7572021484375,1133.41435546875,1171.39296875
/cephfs/shared/impact/LLM_models/llama2-13b-hf,W8A8,512,measured,passed,40c27a8aedea5475c19c3af676a21c722eae8ac0d9dcebf74df669298417d563,3bb82b90ab6cf09d73f609926c4187262b27e2e7b99a225aee971fcd40a59f16,20261005T135239Z-9f9fb2ce65,32,gpu_kernel_total_ms,119.3874846875,119.384467,0.024166417394922337,119.35141,119.43697400000002,119.3569751,119.42182380000001
/cephfs/shared/impact/LLM_models/llama2-13b-hf,W8A8,512,measured,passed,40c27a8aedea5475c19c3af676a21c722eae8ac0d9dcebf74df669298417d563,3bb82b90ab6cf09d73f609926c4187262b27e2e7b99a225aee971fcd40a59f16,20261005T135239Z-9f9fb2ce65,32,gpu_activity_total_ms,120.73780028125,120.73557199999999,0.023896569524667486,120.70119500000001,120.786248,120.70765940000001,120.77055059999999
/cephfs/shared/impact/LLM_models/llama2-13b-hf,W8A8,512,measured,passed,40c27a8aedea5475c19c3af676a21c722eae8ac0d9dcebf74df669298417d563,3bb82b90ab6cf09d73f609926c4187262b27e2e7b99a225aee971fcd40a59f16,20261005T135239Z-9f9fb2ce65,32,consistency_error_pct,9.293805376195522e-14,9.185542113355764e-14,2.742323006427998e-14,3.4452198341188037e-14,1.4922662020299634e-13,5.743311700600784e-14,1.263519601375173e-13
/cephfs/shared/impact/LLM_models/llama2-13b-hf,W8A8,512,measured,passed,40c27a8aedea5475c19c3af676a21c722eae8ac0d9dcebf74df669298417d563,3bb82b90ab6cf09d73f609926c4187262b27e2e7b99a225aee971fcd40a59f16,20261005T135239Z-9f9fb2ce65,32,nonlinear_ms,14.604211781249983,14.604539499999984,0.0038058025200429905,14.596427999999978,14.61155599999998,14.599456799999986,14.60925659999999
/cephfs/shared/impact/LLM_models/llama2-13b-hf,W8A8,512,measured,passed,40c27a8aedea5475c19c3af676a21c722eae8ac0d9dcebf74df669298417d563,3bb82b90ab6cf09d73f609926c4187262b27e2e7b99a225aee971fcd40a59f16,20261005T135239Z-9f9fb2ce65,32,quantization_overhead_ms,58.86598374999997,58.86516499999999,0.008529357125108319,58.851069999999986,58.885391000000006,58.85684659999997,58.87849849999998
/cephfs/shared/impact/LLM_models/llama2-13b-hf,W8A8,512,measured,passed,40c27a8aedea5475c19c3af676a21c722eae8ac0d9dcebf74df669298417d563,3bb82b90ab6cf09d73f609926c4187262b27e2e7b99a225aee971fcd40a59f16,20261005T135239Z-9f9fb2ce65,32,other_ms,7.112879843749998,7.112675499999996,0.0016745840717939245,7.1099169999999985,7.116381999999996,7.110794199999998,7.115018100000001
/cephfs/shared/impact/LLM_models/llama2-13b-hf,W8A8,512,measured,passed,40c27a8aedea5475c19c3af676a21c722eae8ac0d9dcebf74df669298417d563,3bb82b90ab6cf09d73f609926c4187262b27e2e7b99a225aee971fcd40a59f16,20261005T135239Z-9f9fb2ce65,32,compute_total_ms,61.87059099999998,61.867352499999996,0.01988076199292526,61.84069900000001,61.90869399999998,61.84427669999997,61.89890869999995
/cephfs/shared/impact/LLM_models/llama2-13b-hf,W8A8,512,measured,passed,40c27a8aedea5475c19c3af676a21c722eae8ac0d9dcebf74df669298417d563,3bb82b90ab6cf09d73f609926c4187262b27e2e7b99a225aee971fcd40a59f16,20261005T135239Z-9f9fb2ce65,32,linear_pct,64.8991667964769,64.90026926750494,0.009106829737718545,64.87912272789804,64.91345787394582,64.88645721677808,64.9103812333282
/cephfs/shared/impact/LLM_models/llama2-13b-hf,W8A8,512,measured,passed,40c27a8aedea5475c19c3af676a21c722eae8ac0d9dcebf74df669298417d563,3bb82b90ab6cf09d73f609926c4187262b27e2e7b99a225aee971fcd40a59f16,20261005T135239Z-9f9fb2ce65,32,nonlinear_pct,23.60444969305183,23.60375456653711,0.006251760871565436,23.59261204896357,23.616993721238476,23.597249983292272,23.613403949162954
/cephfs/shared/impact/LLM_models/llama2-13b-hf,W8A8,512,measured,passed,40c27a8aedea5475c19c3af676a21c722eae8ac0d9dcebf74df669298417d563,3bb82b90ab6cf09d73f609926c4187262b27e2e7b99a225aee971fcd40a59f16,20261005T135239Z-9f9fb2ce65,32,other_pct,11.496383510471272,11.496547820546319,0.003980683511863976,11.490497705366334,11.503883550863481,11.491192192478891,11.501738598332667
/cephfs/shared/impact/LLM_models/llama2-13b-hf,W8A8,1024,measured,passed,40c27a8aedea5475c19c3af676a21c722eae8ac0d9dcebf74df669298417d563,3bb82b90ab6cf09d73f609926c4187262b27e2e7b99a225aee971fcd40a59f16,20261005T135239Z-9f9fb2ce65,32,linear_ms,66.40119846875,66.40801549999998,0.023385859764015894,66.347593,66.44601800000004,66.3788997,66.42875899999999
/cephfs/shared/impact/LLM_models/llama2-13b-hf,W8A8,1024,measured,passed,40c27a8aedea5475c19c3af676a21c722eae8ac0d9dcebf74df669298417d563,3bb82b90ab6cf09d73f609926c4187262b27e2e7b99a225aee971fcd40a59f16,20261005T135239Z-9f9fb2ce65,32,softmax_ms,6.8960415625,6.896523999999998,0.002344210699237288,6.891502000000002,6.901470999999999,6.893460000000002,6.8986692
/cephfs/shared/impact/LLM_models/llama2-13b-hf,W8A8,1024,measured,passed,40c27a8aedea5475c19c3af676a21c722eae8ac0d9dcebf74df669298417d563,3bb82b90ab6cf09d73f609926c4187262b27e2e7b99a225aee971fcd40a59f16,20261005T135239Z-9f9fb2ce65,32,rope_ms,10.779001812499999,10.778937999999997,0.002572436668864204,10.774612999999988,10.784099999999988,10.775644700000004,10.782110300000008
/cephfs/shared/impact/LLM_models/llama2-13b-hf,W8A8,1024,measured,passed,40c27a8aedea5475c19c3af676a21c722eae8ac0d9dcebf74df669298417d563,3bb82b90ab6cf09d73f609926c4187262b27e2e7b99a225aee971fcd40a59f16,20261005T135239Z-9f9fb2ce65,32,silu_ms,1.51028196875,1.5101590000000003,0.0006120460389795859,1.5088710000000003,1.511262,1.5096312999999997,1.5111552999999998
/cephfs/shared/impact/LLM_models/llama2-13b-hf,W8A8,1024,measured,passed,40c27a8aedea5475c19c3af676a21c722eae8ac0d9dcebf74df669298417d563,3bb82b90ab6cf09d73f609926c4187262b27e2e7b99a225aee971fcd40a59f16,20261005T135239Z-9f9fb2ce65,32,rmsnorm_ms,12.841852062500003,12.841435000000004,0.004615904929538417,12.832655999999998,12.851683000000005,12.837229500000001,12.848015399999985
/cephfs/shared/impact/LLM_models/llama2-13b-hf,W8A8,1024,measured,passed,40c27a8aedea5475c19c3af676a21c722eae8ac0d9dcebf74df669298417d563,3bb82b90ab6cf09d73f609926c4187262b27e2e7b99a225aee971fcd40a59f16,20261005T135239Z-9f9fb2ce65,32,attention_matmul_ms,8.17210603125,8.1717345,0.0025973547521793714,8.167430000000001,8.177783999999997,8.1690981,8.1754603
/cephfs/shared/impact/LLM_models/llama2-13b-hf,W8A8,1024,measured,passed,40c27a8aedea5475c19c3af676a21c722eae8ac0d9dcebf74df669298417d563,3bb82b90ab6cf09d73f609926c4187262b27e2e7b99a225aee971fcd40a59f16,20261005T135239Z-9f9fb2ce65,32,other_compute_ms,15.198173281250002,15.197949000000001,0.002046283148735186,15.195054000000004,15.20458299999999,15.195879499999998,15.200671900000005
/cephfs/shared/impact/LLM_models/llama2-13b-hf,W8A8,1024,measured,passed,40c27a8aedea5475c19c3af676a21c722eae8ac0d9dcebf74df669298417d563,3bb82b90ab6cf09d73f609926c4187262b27e2e7b99a225aee971fcd40a59f16,20261005T135239Z-9f9fb2ce65,32,quantize_ms,35.46590243750001,35.46561550000001,0.006262334697768612,35.45106999999996,35.47885300000002,35.459228200000034,35.47366660000002
/cephfs/shared/impact/LLM_models/llama2-13b-hf,W8A8,1024,measured,passed,40c27a8aedea5475c19c3af676a21c722eae8ac0d9dcebf74df669298417d563,3bb82b90ab6cf09d73f609926c4187262b27e2e7b99a225aee971fcd40a59f16,20261005T135239Z-9f9fb2ce65,32,dequantize_ms,50.52224496875,50.523099000000016,0.00638850675410206,50.51203200000012,50.54077799999997,50.51375110000002,50.52899449999994
/cephfs/shared/impact/LLM_models/llama2-13b-hf,W8A8,1024,measured,passed,40c27a8aedea5475c19c3af676a21c722eae8ac0d9dcebf74df669298417d563,3bb82b90ab6cf09d73f609926c4187262b27e2e7b99a225aee971fcd40a59f16,20261005T135239Z-9f9fb2ce65,32,requantize_ms,0.0,0.0,0.0,0.0,0.0,0.0,0.0
/cephfs/shared/impact/LLM_models/llama2-13b-hf,W8A8,1024,measured,passed,40c27a8aedea5475c19c3af676a21c722eae8ac0d9dcebf74df669298417d563,3bb82b90ab6cf09d73f609926c4187262b27e2e7b99a225aee971fcd40a59f16,20261005T135239Z-9f9fb2ce65,32,scale_ms,17.089722062499977,17.088426499999972,0.006170983342659515,17.07733399999997,17.103973999999962,17.08374649999998,17.097584499999986
/cephfs/shared/impact/LLM_models/llama2-13b-hf,W8A8,1024,measured,passed,40c27a8aedea5475c19c3af676a21c722eae8ac0d9dcebf74df669298417d563,3bb82b90ab6cf09d73f609926c4187262b27e2e7b99a225aee971fcd40a59f16,20261005T135239Z-9f9fb2ce65,32,packing_ms,2.2298069374999994,2.229827499999999,0.002329005393939716,2.2228,2.233706999999999,2.2267987000000002,2.2325041999999993
/cephfs/shared/impact/LLM_models/llama2-13b-hf,W8A8,1024,measured,passed,40c27a8aedea5475c19c3af676a21c722eae8ac0d9dcebf74df669298417d563,3bb82b90ab6cf09d73f609926c4187262b27e2e7b99a225aee971fcd40a59f16,20261005T135239Z-9f9fb2ce65,32,conversion_ms,19.1174983125,19.117932999999997,0.00359082699107423,19.110585000000007,19.124533000000007,19.112906499999998,19.12188399999999
/cephfs/shared/impact/LLM_models/llama2-13b-hf,W8A8,1024,measured,passed,40c27a8aedea5475c19c3af676a21c722eae8ac0d9dcebf74df669298417d563,3bb82b90ab6cf09d73f609926c4187262b27e2e7b99a225aee971fcd40a59f16,20261005T135239Z-9f9fb2ce65,32,physical_total_ms,251.8519778251648,251.7969970703125,0.23360012281334247,251.4318389892578,252.27740478515625,251.56161346435547,252.1776596069336
/cephfs/shared/impact/LLM_models/llama2-13b-hf,W8A8,1024,measured,passed,40c27a8aedea5475c19c3af676a21c722eae8ac0d9dcebf74df669298417d563,3bb82b90ab6cf09d73f609926c4187262b27e2e7b99a225aee971fcd40a59f16,20261005T135239Z-9f9fb2ce65,32,profiled_physical_ms,1152.7534294128418,1146.8304443359375,23.888659399037074,1133.8856201171875,1274.3895263671875,1140.0274536132813,1160.6700927734375
/cephfs/shared/impact/LLM_models/llama2-13b-hf,W8A8,1024,measured,passed,40c27a8aedea5475c19c3af676a21c722eae8ac0d9dcebf74df669298417d563,3bb82b90ab6cf09d73f609926c4187262b27e2e7b99a225aee971fcd40a59f16,20261005T135239Z-9f9fb2ce65,32,gpu_kernel_total_ms,243.99921715624998,243.995707,0.03386853650381414,243.91341799999998,244.07585699999996,243.96416610000003,244.0457731
/cephfs/shared/impact/LLM_models/llama2-13b-hf,W8A8,1024,measured,passed,40c27a8aedea5475c19c3af676a21c722eae8ac0d9dcebf74df669298417d563,3bb82b90ab6cf09d73f609926c4187262b27e2e7b99a225aee971fcd40a59f16,20261005T135239Z-9f9fb2ce65,32,gpu_activity_total_ms,246.22957071874998,246.225615,0.03425467485707048,246.146477,246.302961,246.1951021,246.2764056
/cephfs/shared/impact/LLM_models/llama2-13b-hf,W8A8,1024,measured,passed,40c27a8aedea5475c19c3af676a21c722eae8ac0d9dcebf74df669298417d563,3bb82b90ab6cf09d73f609926c4187262b27e2e7b99a225aee971fcd40a59f16,20261005T135239Z-9f9fb2ce65,32,consistency_error_pct,4.484654809797541e-14,4.665991435444835e-14,2.2783882122663927e-14,1.1671467503165708e-14,9.33635022873061e-14,1.2842997942810145e-14,7.001336519479728e-14
/cephfs/shared/impact/LLM_models/llama2-13b-hf,W8A8,1024,measured,passed,40c27a8aedea5475c19c3af676a21c722eae8ac0d9dcebf74df669298417d563,3bb82b90ab6cf09d73f609926c4187262b27e2e7b99a225aee971fcd40a59f16,20261005T135239Z-9f9fb2ce65,32,nonlinear_ms,32.027177406250004,32.026621000000006,0.0054969086612022995,32.019181,32.041009999999986,32.0196985,32.034578799999984
/cephfs/shared/impact/LLM_models/llama2-13b-hf,W8A8,1024,measured,passed,40c27a8aedea5475c19c3af676a21c722eae8ac0d9dcebf74df669298417d563,3bb82b90ab6cf09d73f609926c4187262b27e2e7b99a225aee971fcd40a59f16,20261005T135239Z-9f9fb2ce65,32,quantization_overhead_ms,124.42517471874999,124.42622750000001,0.01561034298816504,124.39434400000006,124.46686199999999,124.40681649999993,124.43676979999994
/cephfs/shared/impact/LLM_models/llama2-13b-hf,W8A8,1024,measured,passed,40c27a8aedea5475c19c3af676a21c722eae8ac0d9dcebf74df669298417d563,3bb82b90ab6cf09d73f609926c4187262b27e2e7b99a225aee971fcd40a59f16,20261005T135239Z-9f9fb2ce65,32,other_ms,23.370279312500003,23.369938500000004,0.003651823251539116,23.364404,23.38005299999999,23.366039499999992,23.375026800000008
/cephfs/shared/impact/LLM_models/llama2-13b-hf,W8A8,1024,measured,passed,40c27a8aedea5475c19c3af676a21c722eae8ac0d9dcebf74df669298417d563,3bb82b90ab6cf09d73f609926c4187262b27e2e7b99a225aee971fcd40a59f16,20261005T135239Z-9f9fb2ce65,32,compute_total_ms,121.7986551875,121.80082649999999,0.023244822916413384,121.74587000000001,121.84155400000004,121.77482080000001,121.83044259999996
/cephfs/shared/impact/LLM_models/llama2-13b-hf,W8A8,1024,measured,passed,40c27a8aedea5475c19c3af676a21c722eae8ac0d9dcebf74df669298417d563,3bb82b90ab6cf09d73f609926c4187262b27e2e7b99a225aee971fcd40a59f16,20261005T135239Z-9f9fb2ce65,32,linear_pct,54.51718381209617,54.51788408830602,0.009984361813287669,54.49554282811875,54.53477554956334,54.50434375930527,54.530038525475675
/cephfs/shared/impact/LLM_models/llama2-13b-hf,W8A8,1024,measured,passed,40c27a8aedea5475c19c3af676a21c722eae8ac0d9dcebf74df669298417d563,3bb82b90ab6cf09d73f609926c4187262b27e2e7b99a225aee971fcd40a59f16,20261005T135239Z-9f9fb2ce65,32,nonlinear_pct,26.295182369602507,26.29525631630023,0.006645970978792827,26.28340820406804,26.309885662512567,26.287008207424424,26.303676185343733
/cephfs/shared/impact/LLM_models/llama2-13b-hf,W8A8,1024,measured,passed,40c27a8aedea5475c19c3af676a21c722eae8ac0d9dcebf74df669298417d563,3bb82b90ab6cf09d73f609926c4187262b27e2e7b99a225aee971fcd40a59f16,20261005T135239Z-9f9fb2ce65,32,other_pct,19.18763381830132,19.187203812204,0.004051083509353321,19.181363676716252,19.197542388912243,19.182638629852132,19.193648921091345
/cephfs/shared/impact/LLM_models/llama2-13b-hf,W8A8,2048,measured,passed,40c27a8aedea5475c19c3af676a21c722eae8ac0d9dcebf74df669298417d563,3bb82b90ab6cf09d73f609926c4187262b27e2e7b99a225aee971fcd40a59f16,20261005T135239Z-9f9fb2ce65,32,linear_ms,130.5232175625,130.57177000000001,0.15546812443212457,129.88796400000004,130.6743779999999,130.34124320000006,130.6524369
/cephfs/shared/impact/LLM_models/llama2-13b-hf,W8A8,2048,measured,passed,40c27a8aedea5475c19c3af676a21c722eae8ac0d9dcebf74df669298417d563,3bb82b90ab6cf09d73f609926c4187262b27e2e7b99a225aee971fcd40a59f16,20261005T135239Z-9f9fb2ce65,32,softmax_ms,70.9632366875,70.95752949999999,0.020048219894331438,70.936224,71.011909,70.93956349999999,70.99081740000001
/cephfs/shared/impact/LLM_models/llama2-13b-hf,W8A8,2048,measured,passed,40c27a8aedea5475c19c3af676a21c722eae8ac0d9dcebf74df669298417d563,3bb82b90ab6cf09d73f609926c4187262b27e2e7b99a225aee971fcd40a59f16,20261005T135239Z-9f9fb2ce65,32,rope_ms,21.041679093750002,21.046682999999994,0.012947746826922813,21.01766099999998,21.05848199999999,21.02292749999999,21.05440400000001
/cephfs/shared/impact/LLM_models/llama2-13b-hf,W8A8,2048,measured,passed,40c27a8aedea5475c19c3af676a21c722eae8ac0d9dcebf74df669298417d563,3bb82b90ab6cf09d73f609926c4187262b27e2e7b99a225aee971fcd40a59f16,20261005T135239Z-9f9fb2ce65,32,silu_ms,2.9181576875,2.9183354999999995,0.001058486973650066,2.9158050000000006,2.919982,2.9167222,2.9193816
/cephfs/shared/impact/LLM_models/llama2-13b-hf,W8A8,2048,measured,passed,40c27a8aedea5475c19c3af676a21c722eae8ac0d9dcebf74df669298417d563,3bb82b90ab6cf09d73f609926c4187262b27e2e7b99a225aee971fcd40a59f16,20261005T135239Z-9f9fb2ce65,32,rmsnorm_ms,25.35950037499998,25.35961499999997,0.006718905737281379,25.34427099999997,25.374325999999993,25.351186499999983,25.365896599999967
/cephfs/shared/impact/LLM_models/llama2-13b-hf,W8A8,2048,measured,passed,40c27a8aedea5475c19c3af676a21c722eae8ac0d9dcebf74df669298417d563,3bb82b90ab6cf09d73f609926c4187262b27e2e7b99a225aee971fcd40a59f16,20261005T135239Z-9f9fb2ce65,32,attention_matmul_ms,28.80055071875,28.800977000000003,0.010467536380930563,28.781564999999993,28.823066,28.786220099999998,28.812620899999995
/cephfs/shared/impact/LLM_models/llama2-13b-hf,W8A8,2048,measured,passed,40c27a8aedea5475c19c3af676a21c722eae8ac0d9dcebf74df669298417d563,3bb82b90ab6cf09d73f609926c4187262b27e2e7b99a225aee971fcd40a59f16,20261005T135239Z-9f9fb2ce65,32,other_compute_ms,54.64913281249999,54.647572000000004,0.00837035716059423,54.63281099999997,54.67131799999999,54.64215109999999,54.65769849999998
/cephfs/shared/impact/LLM_models/llama2-13b-hf,W8A8,2048,measured,passed,40c27a8aedea5475c19c3af676a21c722eae8ac0d9dcebf74df669298417d563,3bb82b90ab6cf09d73f609926c4187262b27e2e7b99a225aee971fcd40a59f16,20261005T135239Z-9f9fb2ce65,32,quantize_ms,74.26137559375003,74.26059700000002,0.01312231852022243,74.23678699999994,74.28796900000012,74.24725049999998,74.27954030000014
/cephfs/shared/impact/LLM_models/llama2-13b-hf,W8A8,2048,measured,passed,40c27a8aedea5475c19c3af676a21c722eae8ac0d9dcebf74df669298417d563,3bb82b90ab6cf09d73f609926c4187262b27e2e7b99a225aee971fcd40a59f16,20261005T135239Z-9f9fb2ce65,32,dequantize_ms,97.13568043749997,97.14022550000007,0.01760720868856653,97.09463999999994,97.15970900000015,97.11234140000002,97.15789810000001
/cephfs/shared/impact/LLM_models/llama2-13b-hf,W8A8,2048,measured,passed,40c27a8aedea5475c19c3af676a21c722eae8ac0d9dcebf74df669298417d563,3bb82b90ab6cf09d73f609926c4187262b27e2e7b99a225aee971fcd40a59f16,20261005T135239Z-9f9fb2ce65,32,requantize_ms,0.0,0.0,0.0,0.0,0.0,0.0,0.0
/cephfs/shared/impact/LLM_models/llama2-13b-hf,W8A8,2048,measured,passed,40c27a8aedea5475c19c3af676a21c722eae8ac0d9dcebf74df669298417d563,3bb82b90ab6cf09d73f609926c4187262b27e2e7b99a225aee971fcd40a59f16,20261005T135239Z-9f9fb2ce65,32,scale_ms,32.52236134374996,32.522318499999926,0.020134440078262084,32.48667299999993,32.575421999999996,32.49991709999999,32.53872639999993
/cephfs/shared/impact/LLM_models/llama2-13b-hf,W8A8,2048,measured,passed,40c27a8aedea5475c19c3af676a21c722eae8ac0d9dcebf74df669298417d563,3bb82b90ab6cf09d73f609926c4187262b27e2e7b99a225aee971fcd40a59f16,20261005T135239Z-9f9fb2ce65,32,packing_ms,4.240999218750001,4.2413635,0.003095081766958425,4.235197999999994,4.246533000000001,4.235875900000002,4.2443029999999995
/cephfs/shared/impact/LLM_models/llama2-13b-hf,W8A8,2048,measured,passed,40c27a8aedea5475c19c3af676a21c722eae8ac0d9dcebf74df669298417d563,3bb82b90ab6cf09d73f609926c4187262b27e2e7b99a225aee971fcd40a59f16,20261005T135239Z-9f9fb2ce65,32,conversion_ms,54.55391531250001,54.55204450000001,0.009940836105671126,54.53777700000001,54.575859,54.54221399999999,54.56620200000002
/cephfs/shared/impact/LLM_models/llama2-13b-hf,W8A8,2048,measured,passed,40c27a8aedea5475c19c3af676a21c722eae8ac0d9dcebf74df669298417d563,3bb82b90ab6cf09d73f609926c4187262b27e2e7b99a225aee971fcd40a59f16,20261005T135239Z-9f9fb2ce65,32,physical_total_ms,607.894624710083,608.0940856933594,1.1408072489093346,605.1070556640625,609.3843383789062,606.1912841796875,609.1299011230469
/cephfs/shared/impact/LLM_models/llama2-13b-hf,W8A8,2048,measured,passed,40c27a8aedea5475c19c3af676a21c722eae8ac0d9dcebf74df669298417d563,3bb82b90ab6cf09d73f609926c4187262b27e2e7b99a225aee971fcd40a59f16,20261005T135239Z-9f9fb2ce65,32,profiled_physical_ms,1152.6330604553223,1149.4234619140625,13.576804148636139,1140.3333740234375,1188.8238525390625,1141.1010620117188,1177.6964355468751
/cephfs/shared/impact/LLM_models/llama2-13b-hf,W8A8,2048,measured,passed,40c27a8aedea5475c19c3af676a21c722eae8ac0d9dcebf74df669298417d563,3bb82b90ab6cf09d73f609926c4187262b27e2e7b99a225aee971fcd40a59f16,20261005T135239Z-9f9fb2ce65,32,gpu_kernel_total_ms,592.72750075,592.7540309999999,0.18391691804340815,591.9943269999999,592.9848979999999,592.6300702999998,592.9091086000001
/cephfs/shared/impact/LLM_models/llama2-13b-hf,W8A8,2048,measured,passed,40c27a8aedea5475c19c3af676a21c722eae8ac0d9dcebf74df669298417d563,3bb82b90ab6cf09d73f609926c4187262b27e2e7b99a225aee971fcd40a59f16,20261005T135239Z-9f9fb2ce65,32,gpu_activity_total_ms,596.96897034375,596.9979975,0.1843971055427902,596.237214,597.228169,596.8666708,597.1507349000001
/cephfs/shared/impact/LLM_models/llama2-13b-hf,W8A8,2048,measured,passed,40c27a8aedea5475c19c3af676a21c722eae8ac0d9dcebf74df669298417d563,3bb82b90ab6cf09d73f609926c4187262b27e2e7b99a225aee971fcd40a59f16,20261005T135239Z-9f9fb2ce65,32,consistency_error_pct,3.560200121567263e-14,3.4008173667186096e-14,1.948540110458524e-14,0.0,8.500408508113612e-14,1.699580554781136e-14,5.105102170159246e-14
/cephfs/shared/impact/LLM_models/llama2-13b-hf,W8A8,2048,measured,passed,40c27a8aedea5475c19c3af676a21c722eae8ac0d9dcebf74df669298417d563,3bb82b90ab6cf09d73f609926c4187262b27e2e7b99a225aee971fcd40a59f16,20261005T135239Z-9f9fb2ce65,32,nonlinear_ms,120.28257384374999,120.27828199999999,0.032930669996132075,120.224074,120.33869399999999,120.25037939999994,120.33324380000002
/cephfs/shared/impact/LLM_models/llama2-13b-hf,W8A8,2048,measured,passed,40c27a8aedea5475c19c3af676a21c722eae8ac0d9dcebf74df669298417d563,3bb82b90ab6cf09d73f609926c4187262b27e2e7b99a225aee971fcd40a59f16,20261005T135239Z-9f9fb2ce65,32,quantization_overhead_ms,262.71433190625,262.71546199999995,0.04472564109234462,262.6338779999998,262.7970319999999,262.66594369999996,262.77679150000006
/cephfs/shared/impact/LLM_models/llama2-13b-hf,W8A8,2048,measured,passed,40c27a8aedea5475c19c3af676a21c722eae8ac0d9dcebf74df669298417d563,3bb82b90ab6cf09d73f609926c4187262b27e2e7b99a225aee971fcd40a59f16,20261005T135239Z-9f9fb2ce65,32,other_ms,83.44968353124999,83.44936150000001,0.015382115016671737,83.425568,83.48262099999998,83.4293873,83.46963299999999
/cephfs/shared/impact/LLM_models/llama2-13b-hf,W8A8,2048,measured,passed,40c27a8aedea5475c19c3af676a21c722eae8ac0d9dcebf74df669298417d563,3bb82b90ab6cf09d73f609926c4187262b27e2e7b99a225aee971fcd40a59f16,20261005T135239Z-9f9fb2ce65,32,compute_total_ms,334.25547493749997,334.2707014999999,0.1605610735636914,333.60032000000007,334.47264399999983,334.14402670000004,334.40318339999993
/cephfs/shared/impact/LLM_models/llama2-13b-hf,W8A8,2048,measured,passed,40c27a8aedea5475c19c3af676a21c722eae8ac0d9dcebf74df669298417d563,3bb82b90ab6cf09d73f609926c4187262b27e2e7b99a225aee971fcd40a59f16,20261005T135239Z-9f9fb2ce65,32,linear_pct,39.04892730697021,39.05920470236015,0.029092028460642762,38.935203659277065,39.077339951382186,39.015163285818204,39.072111968377136
/cephfs/shared/impact/LLM_models/llama2-13b-hf,W8A8,2048,measured,passed,40c27a8aedea5475c19c3af676a21c722eae8ac0d9dcebf74df669298417d563,3bb82b90ab6cf09d73f609926c4187262b27e2e7b99a225aee971fcd40a59f16,20261005T135239Z-9f9fb2ce65,32,nonlinear_pct,35.98522863505765,35.97743894616133,0.017614672726267322,35.96650128609989,36.05236679629083,35.97032762728746,36.00369904268135
/cephfs/shared/impact/LLM_models/llama2-13b-hf,W8A8,2048,measured,passed,40c27a8aedea5475c19c3af676a21c722eae8ac0d9dcebf74df669298417d563,3bb82b90ab6cf09d73f609926c4187262b27e2e7b99a225aee971fcd40a59f16,20261005T135239Z-9f9fb2ce65,32,other_pct,24.965844057972138,24.96133070430259,0.011873638888541553,24.9527480273555,25.01242954443209,24.955881855345556,24.98147681092121
/cephfs/shared/impact/LLM_models/llama2-13b-hf,W8A8,4096,measured,passed,40c27a8aedea5475c19c3af676a21c722eae8ac0d9dcebf74df669298417d563,3bb82b90ab6cf09d73f609926c4187262b27e2e7b99a225aee971fcd40a59f16,20261005T135239Z-9f9fb2ce65,32,linear_ms,266.237251625,266.3912895,0.7172834560520246,263.8838419999999,267.0496009999999,265.1715273999999,266.83664930000003
/cephfs/shared/impact/LLM_models/llama2-13b-hf,W8A8,4096,measured,passed,40c27a8aedea5475c19c3af676a21c722eae8ac0d9dcebf74df669298417d563,3bb82b90ab6cf09d73f609926c4187262b27e2e7b99a225aee971fcd40a59f16,20261005T135239Z-9f9fb2ce65,32,softmax_ms,188.452267375,188.4989735,0.532923517952088,186.80299800000006,189.23069700000002,187.738073,188.92674039999997
/cephfs/shared/impact/LLM_models/llama2-13b-hf,W8A8,4096,measured,passed,40c27a8aedea5475c19c3af676a21c722eae8ac0d9dcebf74df669298417d563,3bb82b90ab6cf09d73f609926c4187262b27e2e7b99a225aee971fcd40a59f16,20261005T135239Z-9f9fb2ce65,32,rope_ms,42.5729229375,42.597549,0.08098868187191578,42.31969600000002,42.69581599999999,42.467622700000014,42.639748200000035
/cephfs/shared/impact/LLM_models/llama2-13b-hf,W8A8,4096,measured,passed,40c27a8aedea5475c19c3af676a21c722eae8ac0d9dcebf74df669298417d563,3bb82b90ab6cf09d73f609926c4187262b27e2e7b99a225aee971fcd40a59f16,20261005T135239Z-9f9fb2ce65,32,silu_ms,5.9632053125,5.966319499999999,0.010693654197361914,5.928145999999999,5.974271000000002,5.946122599999999,5.971703199999999
/cephfs/shared/impact/LLM_models/llama2-13b-hf,W8A8,4096,measured,passed,40c27a8aedea5475c19c3af676a21c722eae8ac0d9dcebf74df669298417d563,3bb82b90ab6cf09d73f609926c4187262b27e2e7b99a225aee971fcd40a59f16,20261005T135239Z-9f9fb2ce65,32,rmsnorm_ms,49.797374218750015,49.81192750000001,0.05782985149206938,49.60209299999996,49.862963000000036,49.72245760000003,49.846639199999984
/cephfs/shared/impact/LLM_models/llama2-13b-hf,W8A8,4096,measured,passed,40c27a8aedea5475c19c3af676a21c722eae8ac0d9dcebf74df669298417d563,3bb82b90ab6cf09d73f609926c4187262b27e2e7b99a225aee971fcd40a59f16,20261005T135239Z-9f9fb2ce65,32,attention_matmul_ms,114.13246446875,114.16559749999999,0.20566884133526306,113.49296600000001,114.43240900000002,113.9191145,114.31672859999998
/cephfs/shared/impact/LLM_models/llama2-13b-hf,W8A8,4096,measured,passed,40c27a8aedea5475c19c3af676a21c722eae8ac0d9dcebf74df669298417d563,3bb82b90ab6cf09d73f609926c4187262b27e2e7b99a225aee971fcd40a59f16,20261005T135239Z-9f9fb2ce65,32,other_compute_ms,218.71245937500004,218.74882100000008,0.2774607823871352,217.88735000000008,219.08035300000003,218.35271129999995,219.02637070000003
/cephfs/shared/impact/LLM_models/llama2-13b-hf,W8A8,4096,measured,passed,40c27a8aedea5475c19c3af676a21c722eae8ac0d9dcebf74df669298417d563,3bb82b90ab6cf09d73f609926c4187262b27e2e7b99a225aee971fcd40a59f16,20261005T135239Z-9f9fb2ce65,32,quantize_ms,150.58899496875,150.63378949999998,0.12578093253839473,150.172326,150.73924499999976,150.41491359999992,150.69175120000025
/cephfs/shared/impact/LLM_models/llama2-13b-hf,W8A8,4096,measured,passed,40c27a8aedea5475c19c3af676a21c722eae8ac0d9dcebf74df669298417d563,3bb82b90ab6cf09d73f609926c4187262b27e2e7b99a225aee971fcd40a59f16,20261005T135239Z-9f9fb2ce65,32,dequantize_ms,194.92942125000002,195.0192184999999,0.27623846281810394,194.03258100000008,195.30977899999985,194.53627900000018,195.14557329999997
/cephfs/shared/impact/LLM_models/llama2-13b-hf,W8A8,4096,measured,passed,40c27a8aedea5475c19c3af676a21c722eae8ac0d9dcebf74df669298417d563,3bb82b90ab6cf09d73f609926c4187262b27e2e7b99a225aee971fcd40a59f16,20261005T135239Z-9f9fb2ce65,32,requantize_ms,0.0,0.0,0.0,0.0,0.0,0.0,0.0
/cephfs/shared/impact/LLM_models/llama2-13b-hf,W8A8,4096,measured,passed,40c27a8aedea5475c19c3af676a21c722eae8ac0d9dcebf74df669298417d563,3bb82b90ab6cf09d73f609926c4187262b27e2e7b99a225aee971fcd40a59f16,20261005T135239Z-9f9fb2ce65,32,scale_ms,59.123303375000106,59.11981600000021,0.03133048562241065,59.06919200000012,59.19542599999995,59.087773000000155,59.16897999999999
/cephfs/shared/impact/LLM_models/llama2-13b-hf,W8A8,4096,measured,passed,40c27a8aedea5475c19c3af676a21c722eae8ac0d9dcebf74df669298417d563,3bb82b90ab6cf09d73f609926c4187262b27e2e7b99a225aee971fcd40a59f16,20261005T135239Z-9f9fb2ce65,32,packing_ms,9.060882437499997,9.063406000000004,0.011334585220688205,9.035543999999993,9.080107,9.040829399999987,9.071204000000002
/cephfs/shared/impact/LLM_models/llama2-13b-hf,W8A8,4096,measured,passed,40c27a8aedea5475c19c3af676a21c722eae8ac0d9dcebf74df669298417d563,3bb82b90ab6cf09d73f609926c4187262b27e2e7b99a225aee971fcd40a59f16,20261005T135239Z-9f9fb2ce65,32,conversion_ms,181.72702353125004,181.76072349999998,0.35591599376779937,180.64090100000024,182.25761600000013,181.22805850000006,182.05494160000012
/cephfs/shared/impact/LLM_models/llama2-13b-hf,W8A8,4096,measured,passed,40c27a8aedea5475c19c3af676a21c722eae8ac0d9dcebf74df669298417d563,3bb82b90ab6cf09d73f609926c4187262b27e2e7b99a225aee971fcd40a59f16,20261005T135239Z-9f9fb2ce65,32,physical_total_ms,1476.783187866211,1477.8223876953125,2.846773198751703,1468.9805908203125,1479.6549072265625,1472.5345092773437,1478.6449584960938
/cephfs/shared/impact/LLM_models/llama2-13b-hf,W8A8,4096,measured,passed,40c27a8aedea5475c19c3af676a21c722eae8ac0d9dcebf74df669298417d563,3bb82b90ab6cf09d73f609926c4187262b27e2e7b99a225aee971fcd40a59f16,20261005T135239Z-9f9fb2ce65,32,profiled_physical_ms,1559.1490325927734,1560.2269897460938,2.758915210162574,1549.4228515625,1561.906005859375,1555.890966796875,1561.5598266601562
/cephfs/shared/impact/LLM_models/llama2-13b-hf,W8A8,4096,measured,passed,40c27a8aedea5475c19c3af676a21c722eae8ac0d9dcebf74df669298417d563,3bb82b90ab6cf09d73f609926c4187262b27e2e7b99a225aee971fcd40a59f16,20261005T135239Z-9f9fb2ce65,32,gpu_kernel_total_ms,1472.3196954375,1473.0883485,2.557045049229324,1464.054865,1475.9862520000001,1468.6256999999998,1474.3504105
/cephfs/shared/impact/LLM_models/llama2-13b-hf,W8A8,4096,measured,passed,40c27a8aedea5475c19c3af676a21c722eae8ac0d9dcebf74df669298417d563,3bb82b90ab6cf09d73f609926c4187262b27e2e7b99a225aee971fcd40a59f16,20261005T135239Z-9f9fb2ce65,32,gpu_activity_total_ms,1481.38434615625,1482.1580920000001,2.5648378730130013,1473.0990279999999,1485.0636240000001,1477.6650535,1483.4381579
/cephfs/shared/impact/LLM_models/llama2-13b-hf,W8A8,4096,measured,passed,40c27a8aedea5475c19c3af676a21c722eae8ac0d9dcebf74df669298417d563,3bb82b90ab6cf09d73f609926c4187262b27e2e7b99a225aee971fcd40a59f16,20261005T135239Z-9f9fb2ce65,32,consistency_error_pct,2.88690074224735e-14,2.567044595356968e-14,2.006675040983782e-14,0.0,8.962007345698014e-14,1.2803036314845235e-15,5.1287101495946665e-14
/cephfs/shared/impact/LLM_models/llama2-13b-hf,W8A8,4096,measured,passed,40c27a8aedea5475c19c3af676a21c722eae8ac0d9dcebf74df669298417d563,3bb82b90ab6cf09d73f609926c4187262b27e2e7b99a225aee971fcd40a59f16,20261005T135239Z-9f9fb2ce65,32,nonlinear_ms,286.78576984375,286.889317,0.6726605159787745,284.652933,287.7637470000001,285.88804150000004,287.3578282
/cephfs/shared/impact/LLM_models/llama2-13b-hf,W8A8,4096,measured,passed,40c27a8aedea5475c19c3af676a21c722eae8ac0d9dcebf74df669298417d563,3bb82b90ab6cf09d73f609926c4187262b27e2e7b99a225aee971fcd40a59f16,20261005T135239Z-9f9fb2ce65,32,quantization_overhead_ms,595.4296255625002,595.5991104999998,0.7411537106857629,593.0767780000002,596.4982229999998,594.3335699000003,596.0579235
/cephfs/shared/impact/LLM_models/llama2-13b-hf,W8A8,4096,measured,passed,40c27a8aedea5475c19c3af676a21c722eae8ac0d9dcebf74df669298417d563,3bb82b90ab6cf09d73f609926c4187262b27e2e7b99a225aee971fcd40a59f16,20261005T135239Z-9f9fb2ce65,32,other_ms,332.84492384375,332.9420085000001,0.47296674560335267,331.3803160000001,333.5093619999999,332.2788298,333.29447939999994
/cephfs/shared/impact/LLM_models/llama2-13b-hf,W8A8,4096,measured,passed,40c27a8aedea5475c19c3af676a21c722eae8ac0d9dcebf74df669298417d563,3bb82b90ab6cf09d73f609926c4187262b27e2e7b99a225aee971fcd40a59f16,20261005T135239Z-9f9fb2ce65,32,compute_total_ms,885.8679453125001,886.4346845000002,1.818331576605818,879.917091,888.3227099999998,883.3383986999999,887.3875696
/cephfs/shared/impact/LLM_models/llama2-13b-hf,W8A8,4096,measured,passed,40c27a8aedea5475c19c3af676a21c722eae8ac0d9dcebf74df669298417d563,3bb82b90ab6cf09d73f609926c4187262b27e2e7b99a225aee971fcd40a59f16,20261005T135239Z-9f9fb2ce65,32,linear_pct,30.05379786447745,30.06014243548654,0.027025243654537977,29.98962569304156,30.107529437308834,30.01842665390559,30.08194652001913
/cephfs/shared/impact/LLM_models/llama2-13b-hf,W8A8,4096,measured,passed,40c27a8aedea5475c19c3af676a21c722eae8ac0d9dcebf74df669298417d563,3bb82b90ab6cf09d73f609926c4187262b27e2e7b99a225aee971fcd40a59f16,20261005T135239Z-9f9fb2ce65,32,nonlinear_pct,32.37340562967067,32.36656005208341,0.01570439555592864,32.349972049809864,32.40254161597175,32.357404323431446,32.396399926316974
/cephfs/shared/impact/LLM_models/llama2-13b-hf,W8A8,4096,measured,passed,40c27a8aedea5475c19c3af676a21c722eae8ac0d9dcebf74df669298417d563,3bb82b90ab6cf09d73f609926c4187262b27e2e7b99a225aee971fcd40a59f16,20261005T135239Z-9f9fb2ce65,32,other_pct,37.572796505851876,37.56761981464072,0.026762354352397988,37.53438959943408,37.660402257148576,37.545023250882814,37.61249943958529
