model,precision,seq_len,measurement_kind,validation_status,fairness_id,token_sha256,run_id,sample_id,linear_ms,softmax_ms,rope_ms,silu_ms,rmsnorm_ms,attention_matmul_ms,other_compute_ms,quantize_ms,dequantize_ms,requantize_ms,scale_ms,packing_ms,conversion_ms,physical_total_ms,profiled_physical_ms,gpu_kernel_total_ms,gpu_activity_total_ms,consistency_error_pct,nonlinear_ms,quantization_overhead_ms,other_ms,compute_total_ms,linear_pct,nonlinear_pct,other_pct
/cephfs/shared/impact/LLM_models/Mistral-7B-v0.1,FP16,1024,measured,passed,f14320a61590e30304593a87ece9b4334cc5aba1e048bc3de5d629e299f7ea48,484c19789eb884af8fa0f76a63b2bbfbfedf64037d91bc8eae4845ab4ac89b7c,20261004T081734Z-ff28eb8e05,0,64.44920699999999,4.520682000000001,5.740385000000004,1.2513740000000002,7.775881000000019,5.349397999999999,10.099843000000003,0.0,0.0,0.0,0.0,0.0,7.6278590000000195,112.3986587524414,473.00439453125,106.61612000000001,106.80418300000001,4.299377592409454e-14,19.288322000000022,7.6278590000000195,15.449241000000002,99.18677000000001,64.97762453601422,19.446466499514017,15.575908964471774
/cephfs/shared/impact/LLM_models/Mistral-7B-v0.1,FP16,1024,measured,passed,f14320a61590e30304593a87ece9b4334cc5aba1e048bc3de5d629e299f7ea48,484c19789eb884af8fa0f76a63b2bbfbfedf64037d91bc8eae4845ab4ac89b7c,20261004T081734Z-ff28eb8e05,1,64.41203599999999,4.515727000000001,5.73207700000001,1.2501550000000001,7.764020000000011,5.344022000000001,10.094754999999997,0.0,0.0,0.0,0.0,0.0,7.620432000000017,112.64838409423828,479.3106994628906,106.546562,106.735236,1.4334784662523387e-14,19.26197900000002,7.620432000000017,15.438776999999998,99.11279200000001,64.98862023783971,19.43440257439223,15.576977187768048
/cephfs/shared/impact/LLM_models/Mistral-7B-v0.1,FP16,1024,measured,passed,f14320a61590e30304593a87ece9b4334cc5aba1e048bc3de5d629e299f7ea48,484c19789eb884af8fa0f76a63b2bbfbfedf64037d91bc8eae4845ab4ac89b7c,20261004T081734Z-ff28eb8e05,2,64.444459,4.5233740000000004,5.748988000000009,1.251563,7.767511000000014,5.352882000000002,10.106887999999998,0.0,0.0,0.0,0.0,0.0,7.633291000000015,112.7093734741211,475.5234375,106.64675499999998,106.83443700000001,0.0,19.291436000000022,7.633291000000015,15.459769999999999,99.19566500000002,64.96701141123454,19.447861960500006,15.585126628265456
/cephfs/shared/impact/LLM_models/Mistral-7B-v0.1,FP16,1024,measured,passed,f14320a61590e30304593a87ece9b4334cc5aba1e048bc3de5d629e299f7ea48,484c19789eb884af8fa0f76a63b2bbfbfedf64037d91bc8eae4845ab4ac89b7c,20261004T081734Z-ff28eb8e05,3,64.42194100000005,4.5145740000000005,5.7357320000000085,1.249677,7.766570000000017,5.342769999999999,10.096831000000002,0.0,0.0,0.0,0.0,0.0,7.623759000000015,112.71676635742188,496.6824645996094,106.57125700000002,106.757047,5.730995166856501e-14,19.266553000000027,7.623759000000015,15.439601,99.12809500000007,64.98857967562071,19.43601660054096,15.57540372383832
/cephfs/shared/impact/LLM_models/Mistral-7B-v0.1,FP16,1024,measured,passed,f14320a61590e30304593a87ece9b4334cc5aba1e048bc3de5d629e299f7ea48,484c19789eb884af8fa0f76a63b2bbfbfedf64037d91bc8eae4845ab4ac89b7c,20261004T081734Z-ff28eb8e05,4,64.57010000000002,4.517910999999999,5.75884000000001,1.2525900000000003,7.791078000000006,5.357364999999997,10.106884000000004,0.0,0.0,0.0,0.0,0.0,7.6422480000000155,112.65824127197266,478.3826904296875,106.805226,106.993702,4.2910860817000236e-14,19.320419000000015,7.6422480000000155,15.464249000000002,99.35476800000004,64.98943261585595,19.445890105646473,15.564677278497593
/cephfs/shared/impact/LLM_models/Mistral-7B-v0.1,FP16,1024,measured,passed,f14320a61590e30304593a87ece9b4334cc5aba1e048bc3de5d629e299f7ea48,484c19789eb884af8fa0f76a63b2bbfbfedf64037d91bc8eae4845ab4ac89b7c,20261004T081734Z-ff28eb8e05,5,64.44095499999997,4.5122979999999995,5.733880000000008,1.24942,7.766649000000016,5.344181999999999,10.09524,0.0,0.0,0.0,0.0,0.0,7.6231260000000205,112.7402572631836,474.47308349609375,106.567115,106.754732,2.867068392940594e-14,19.262247000000023,7.6231260000000205,15.439422,99.14262400000001,64.99823426097736,19.428825083346617,15.572940655676007
/cephfs/shared/impact/LLM_models/Mistral-7B-v0.1,FP16,1024,measured,passed,f14320a61590e30304593a87ece9b4334cc5aba1e048bc3de5d629e299f7ea48,484c19789eb884af8fa0f76a63b2bbfbfedf64037d91bc8eae4845ab4ac89b7c,20261004T081734Z-ff28eb8e05,6,64.43344499999998,4.512146,5.738689000000009,1.2492260000000002,7.75975000000002,5.344344999999998,10.091436000000002,0.0,0.0,0.0,0.0,0.0,7.61953800000002,112.69014739990234,478.476318359375,106.577214,106.764193,1.433345520764786e-14,19.259811000000028,7.61953800000002,15.435780999999999,99.12903700000001,64.99956718030053,19.42903066838027,15.571402151319191
/cephfs/shared/impact/LLM_models/Mistral-7B-v0.1,FP16,1024,measured,passed,f14320a61590e30304593a87ece9b4334cc5aba1e048bc3de5d629e299f7ea48,484c19789eb884af8fa0f76a63b2bbfbfedf64037d91bc8eae4845ab4ac89b7c,20261004T081734Z-ff28eb8e05,7,64.46294599999999,4.516394,5.740409000000013,1.2505049999999998,7.7663410000000255,5.3437969999999995,10.101670000000006,0.0,0.0,0.0,0.0,0.0,7.625424000000025,112.68169403076172,475.4073486328125,106.618819,106.806403,5.731282291618439e-14,19.273649000000038,7.625424000000025,15.445467000000004,99.18206200000003,64.99456121410338,19.43259558366515,15.572843202231468
/cephfs/shared/impact/LLM_models/Mistral-7B-v0.1,FP16,1024,measured,passed,f14320a61590e30304593a87ece9b4334cc5aba1e048bc3de5d629e299f7ea48,484c19789eb884af8fa0f76a63b2bbfbfedf64037d91bc8eae4845ab4ac89b7c,20261004T081734Z-ff28eb8e05,8,64.54671499999999,4.518505,5.751731000000007,1.250475,7.773866000000015,5.3474460000000015,10.099676000000006,0.0,0.0,0.0,0.0,0.0,7.633712000000016,112.93692779541016,477.33026123046875,106.733547,106.92298699999999,2.8650899146527756e-14,19.29457700000002,7.633712000000016,15.447122000000007,99.28841400000002,65.0093121640557,19.43285850048931,15.557829335454995
/cephfs/shared/impact/LLM_models/Mistral-7B-v0.1,FP16,1024,measured,passed,f14320a61590e30304593a87ece9b4334cc5aba1e048bc3de5d629e299f7ea48,484c19789eb884af8fa0f76a63b2bbfbfedf64037d91bc8eae4845ab4ac89b7c,20261004T081734Z-ff28eb8e05,9,64.469409,4.516175000000001,5.729406000000005,1.2502550000000001,7.7649500000000184,5.345303000000001,10.092369999999997,0.0,0.0,0.0,0.0,0.0,7.623826000000016,112.63929748535156,474.59197998046875,106.60139800000003,106.789117,2.866094491711219e-14,19.260786000000024,7.623826000000016,15.437672999999998,99.16786800000003,65.01038118516371,19.422406055961613,15.567212758874675
/cephfs/shared/impact/LLM_models/Mistral-7B-v0.1,FP16,1024,measured,passed,f14320a61590e30304593a87ece9b4334cc5aba1e048bc3de5d629e299f7ea48,484c19789eb884af8fa0f76a63b2bbfbfedf64037d91bc8eae4845ab4ac89b7c,20261004T081734Z-ff28eb8e05,10,64.48842800000001,4.521231,5.744990000000009,1.2507059999999999,7.765477000000013,5.347798000000003,10.097282999999992,0.0,0.0,0.0,0.0,0.0,7.62875500000002,112.6888656616211,477.00537109375,106.656045,106.843159,1.4329068094071285e-14,19.28240400000002,7.62875500000002,15.445080999999995,99.21591300000003,64.9980694125145,19.434789659195108,15.567140928290394
/cephfs/shared/impact/LLM_models/Mistral-7B-v0.1,FP16,1024,measured,passed,f14320a61590e30304593a87ece9b4334cc5aba1e048bc3de5d629e299f7ea48,484c19789eb884af8fa0f76a63b2bbfbfedf64037d91bc8eae4845ab4ac89b7c,20261004T081734Z-ff28eb8e05,11,64.51592499999998,4.5146060000000015,5.737677000000004,1.250477,7.7687870000000165,5.349239000000001,10.097385999999997,0.0,0.0,0.0,0.0,0.0,7.624272000000017,112.7200927734375,477.72137451171875,106.672047,106.85870299999999,5.727510937871069e-14,19.271547000000023,7.624272000000017,15.446624999999997,99.234097,65.01386816670481,19.420287565069515,15.565844268225664
/cephfs/shared/impact/LLM_models/Mistral-7B-v0.1,FP16,1024,measured,passed,f14320a61590e30304593a87ece9b4334cc5aba1e048bc3de5d629e299f7ea48,484c19789eb884af8fa0f76a63b2bbfbfedf64037d91bc8eae4845ab4ac89b7c,20261004T081734Z-ff28eb8e05,12,64.56586299999998,4.514348000000001,5.7485970000000135,1.2520710000000002,7.772307000000015,5.35641,10.109134,0.0,0.0,0.0,0.0,0.0,7.641449000000025,112.81977844238281,473.7611083984375,106.776095,106.965153,2.861582603091779e-14,19.28732300000003,7.641449000000025,15.465544,99.31873,65.00874809816837,19.41962306606219,15.571628835769447
/cephfs/shared/impact/LLM_models/Mistral-7B-v0.1,FP16,1024,measured,passed,f14320a61590e30304593a87ece9b4334cc5aba1e048bc3de5d629e299f7ea48,484c19789eb884af8fa0f76a63b2bbfbfedf64037d91bc8eae4845ab4ac89b7c,20261004T081734Z-ff28eb8e05,13,64.494566,4.514606000000001,5.728454000000001,1.2484000000000002,7.763609000000022,5.349273,10.092559,0.0,0.0,0.0,0.0,0.0,7.622290000000017,112.77401733398438,486.12213134765625,106.63151500000001,106.81743399999999,4.3134287948710396e-14,19.255069000000024,7.622290000000017,15.441832,99.19146700000003,65.02027639131498,19.41202160060806,15.567702008076958
/cephfs/shared/impact/LLM_models/Mistral-7B-v0.1,FP16,1024,measured,passed,f14320a61590e30304593a87ece9b4334cc5aba1e048bc3de5d629e299f7ea48,484c19789eb884af8fa0f76a63b2bbfbfedf64037d91bc8eae4845ab4ac89b7c,20261004T081734Z-ff28eb8e05,14,64.52807999999999,4.517264000000001,5.740876000000011,1.2505430000000004,7.77079600000001,5.346549,10.096100999999999,0.0,0.0,0.0,0.0,0.0,7.626860000000022,112.87548828125,476.7957763671875,106.68652,106.874424,2.863702203523993e-14,19.279479000000023,7.626860000000022,15.44265,99.25020900000001,65.01556082365528,19.42512685288151,15.559312323463217
/cephfs/shared/impact/LLM_models/Mistral-7B-v0.1,FP16,1024,measured,passed,f14320a61590e30304593a87ece9b4334cc5aba1e048bc3de5d629e299f7ea48,484c19789eb884af8fa0f76a63b2bbfbfedf64037d91bc8eae4845ab4ac89b7c,20261004T081734Z-ff28eb8e05,15,64.544354,4.519538,5.73283400000001,1.251184,7.768443000000011,5.343479000000001,10.097512,0.0,0.0,0.0,0.0,0.0,7.624978000000024,112.94332885742188,500.5516357421875,106.69301200000001,106.87908900000001,8.575628109750458e-14,19.271999000000022,7.624978000000024,15.440991,99.25734400000002,65.0272830189774,19.416194533676038,15.556522447346563
/cephfs/shared/impact/LLM_models/Mistral-7B-v0.1,FP16,1024,measured,passed,f14320a61590e30304593a87ece9b4334cc5aba1e048bc3de5d629e299f7ea48,484c19789eb884af8fa0f76a63b2bbfbfedf64037d91bc8eae4845ab4ac89b7c,20261004T081734Z-ff28eb8e05,16,64.49754699999997,4.5153430000000006,5.739589000000006,1.2499950000000002,7.759888000000017,5.345499,10.09668500000001,0.0,0.0,0.0,0.0,0.0,7.6212960000000205,113.04380798339844,484.10797119140625,106.63265999999999,106.817952,4.297616286533062e-14,19.264815000000024,7.6212960000000205,15.44218400000001,99.20454600000001,65.01470910415735,19.419286491165458,15.566004404677189
/cephfs/shared/impact/LLM_models/Mistral-7B-v0.1,FP16,1024,measured,passed,f14320a61590e30304593a87ece9b4334cc5aba1e048bc3de5d629e299f7ea48,484c19789eb884af8fa0f76a63b2bbfbfedf64037d91bc8eae4845ab4ac89b7c,20261004T081734Z-ff28eb8e05,17,64.524996,4.5153469999999984,5.743800000000007,1.249261,7.771702000000018,5.347606000000001,10.099822000000003,0.0,0.0,0.0,0.0,0.0,7.632941000000012,112.82281494140625,477.31219482421875,106.698712,106.88785899999999,2.86350641389921e-14,19.280110000000025,7.632941000000012,15.447428000000004,99.25253400000003,65.01093060253756,19.42530756947729,15.563761827985168
/cephfs/shared/impact/LLM_models/Mistral-7B-v0.1,FP16,1024,measured,passed,f14320a61590e30304593a87ece9b4334cc5aba1e048bc3de5d629e299f7ea48,484c19789eb884af8fa0f76a63b2bbfbfedf64037d91bc8eae4845ab4ac89b7c,20261004T081734Z-ff28eb8e05,18,64.521381,4.516207999999999,5.740319000000009,1.249768,7.7641540000000075,5.349143999999998,10.095338000000003,0.0,0.0,0.0,0.0,0.0,7.623947000000022,112.61913299560547,473.325439453125,106.67479900000001,106.859985,4.294597009263161e-14,19.270449000000017,7.623947000000022,15.444482,99.23631200000003,65.01791501481836,19.418747645519126,15.56333733966252
/cephfs/shared/impact/LLM_models/Mistral-7B-v0.1,FP16,1024,measured,passed,f14320a61590e30304593a87ece9b4334cc5aba1e048bc3de5d629e299f7ea48,484c19789eb884af8fa0f76a63b2bbfbfedf64037d91bc8eae4845ab4ac89b7c,20261004T081734Z-ff28eb8e05,19,64.53475300000002,4.517424,5.737640000000008,1.250766,7.767281000000005,5.3478319999999995,10.09463899999999,0.0,0.0,0.0,0.0,0.0,7.626288000000019,112.66413116455078,477.2949523925781,106.73581399999999,106.9224,5.725193604280595e-14,19.273111000000014,7.626288000000019,15.44247099999999,99.25033500000004,65.0222016882865,19.418686093099844,15.559112218613654
/cephfs/shared/impact/LLM_models/Mistral-7B-v0.1,FP16,1024,measured,passed,f14320a61590e30304593a87ece9b4334cc5aba1e048bc3de5d629e299f7ea48,484c19789eb884af8fa0f76a63b2bbfbfedf64037d91bc8eae4845ab4ac89b7c,20261004T081734Z-ff28eb8e05,20,64.59532100000001,4.518198,5.748838000000012,1.2520459999999993,7.7775010000000115,5.354548999999999,10.109106999999995,0.0,0.0,0.0,0.0,0.0,7.640475000000022,112.76191711425781,475.5143737792969,106.818923,107.00657399999999,5.726475806178957e-14,19.296583000000023,7.640475000000022,15.463655999999993,99.35556000000003,65.01429914943864,19.421744490192616,15.56395636036875
/cephfs/shared/impact/LLM_models/Mistral-7B-v0.1,FP16,1024,measured,passed,f14320a61590e30304593a87ece9b4334cc5aba1e048bc3de5d629e299f7ea48,484c19789eb884af8fa0f76a63b2bbfbfedf64037d91bc8eae4845ab4ac89b7c,20261004T081734Z-ff28eb8e05,21,64.661416,4.520815999999999,5.75004700000001,1.2540010000000001,7.787052000000015,5.357849,10.105744,0.0,0.0,0.0,0.0,0.0,7.638777000000026,113.13436889648438,473.50543212890625,106.89414799999999,107.08059,4.287186934695773e-14,19.311916000000025,7.638777000000026,15.463593,99.43692500000003,65.0275699897196,19.42127232916748,15.55115768111292
/cephfs/shared/impact/LLM_models/Mistral-7B-v0.1,FP16,1024,measured,passed,f14320a61590e30304593a87ece9b4334cc5aba1e048bc3de5d629e299f7ea48,484c19789eb884af8fa0f76a63b2bbfbfedf64037d91bc8eae4845ab4ac89b7c,20261004T081734Z-ff28eb8e05,22,64.54297200000003,4.515149000000001,5.740963000000013,1.2510199999999996,7.764947000000007,5.354069,10.097472999999997,0.0,0.0,0.0,0.0,0.0,7.630069000000022,112.64329528808594,477.476806640625,106.728587,106.917712,4.2938439122385075e-14,19.27207900000002,7.630069000000022,15.451541999999996,99.26659300000006,65.01983199927089,19.41446605304567,15.565701947683433
/cephfs/shared/impact/LLM_models/Mistral-7B-v0.1,FP16,1024,measured,passed,f14320a61590e30304593a87ece9b4334cc5aba1e048bc3de5d629e299f7ea48,484c19789eb884af8fa0f76a63b2bbfbfedf64037d91bc8eae4845ab4ac89b7c,20261004T081734Z-ff28eb8e05,23,64.61526500000004,4.513971,5.736292000000011,1.2498699999999998,7.774328000000014,5.349079999999997,10.099594000000003,0.0,0.0,0.0,0.0,0.0,7.6272460000000235,113.18153381347656,474.12811279296875,106.77966699999999,106.96564599999999,8.583299941534397e-14,19.274461000000024,7.6272460000000235,15.448674,99.33840000000005,65.04560673415315,19.402830124101065,15.551563141745783
/cephfs/shared/impact/LLM_models/Mistral-7B-v0.1,FP16,1024,measured,passed,f14320a61590e30304593a87ece9b4334cc5aba1e048bc3de5d629e299f7ea48,484c19789eb884af8fa0f76a63b2bbfbfedf64037d91bc8eae4845ab4ac89b7c,20261004T081734Z-ff28eb8e05,24,64.54472100000001,4.516784,5.74310600000001,1.250029,7.763222000000018,5.350395000000001,10.101555,0.0,0.0,0.0,0.0,0.0,7.626320000000018,112.89421081542969,479.7857360839844,106.698565,106.88561100000001,4.2950703874769785e-14,19.273141000000027,7.626320000000018,15.45195,99.26981200000003,65.01948548064138,19.41490631613166,15.565608203226974
/cephfs/shared/impact/LLM_models/Mistral-7B-v0.1,FP16,1024,measured,passed,f14320a61590e30304593a87ece9b4334cc5aba1e048bc3de5d629e299f7ea48,484c19789eb884af8fa0f76a63b2bbfbfedf64037d91bc8eae4845ab4ac89b7c,20261004T081734Z-ff28eb8e05,25,64.58917500000001,4.511086000000001,5.733816000000009,1.2510860000000001,7.769935000000016,5.3456589999999995,10.095790999999995,0.0,0.0,0.0,0.0,0.0,7.625721000000028,113.17235565185547,474.7647399902344,106.74009400000001,106.928231,5.724268083536663e-14,19.265923000000026,7.625721000000028,15.441449999999994,99.29654800000003,65.0467476472596,19.402409638651307,15.550842714089102
/cephfs/shared/impact/LLM_models/Mistral-7B-v0.1,FP16,1024,measured,passed,f14320a61590e30304593a87ece9b4334cc5aba1e048bc3de5d629e299f7ea48,484c19789eb884af8fa0f76a63b2bbfbfedf64037d91bc8eae4845ab4ac89b7c,20261004T081734Z-ff28eb8e05,26,64.58306000000003,4.516304,5.750857000000008,1.2518229999999997,7.776656000000019,5.348887,10.10219299999999,0.0,0.0,0.0,0.0,0.0,7.629880000000021,113.04307556152344,481.50018310546875,106.76090100000002,106.947111,2.8569725176783404e-14,19.295640000000027,7.629880000000021,15.45107999999999,99.32978000000006,65.01882919704443,19.425835836946398,15.555334966009168
/cephfs/shared/impact/LLM_models/Mistral-7B-v0.1,FP16,1024,measured,passed,f14320a61590e30304593a87ece9b4334cc5aba1e048bc3de5d629e299f7ea48,484c19789eb884af8fa0f76a63b2bbfbfedf64037d91bc8eae4845ab4ac89b7c,20261004T081734Z-ff28eb8e05,27,64.55816700000003,4.5154760000000005,5.73113500000001,1.2501289999999998,7.767470000000015,5.347450999999996,10.099024999999996,0.0,0.0,0.0,0.0,0.0,7.62719800000002,112.79443359375,474.7538146972656,106.70242699999999,106.89113800000001,5.726469460371752e-14,19.264210000000027,7.62719800000002,15.446475999999992,99.26885300000004,65.03365864416708,19.40609709673992,15.560244259093018
/cephfs/shared/impact/LLM_models/Mistral-7B-v0.1,FP16,1024,measured,passed,f14320a61590e30304593a87ece9b4334cc5aba1e048bc3de5d629e299f7ea48,484c19789eb884af8fa0f76a63b2bbfbfedf64037d91bc8eae4845ab4ac89b7c,20261004T081734Z-ff28eb8e05,28,64.64222199999998,4.5170119999999985,5.756692000000012,1.2520750000000003,7.77872700000001,5.350713999999998,10.104152000000003,0.0,0.0,0.0,0.0,0.0,7.63364400000002,113.0051498413086,489.7792053222656,106.83855499999999,107.025818,1.4305378073034705e-14,19.30450600000002,7.63364400000002,15.454866,99.40159399999999,65.03137364175467,19.4207207582607,15.547905599984645
/cephfs/shared/impact/LLM_models/Mistral-7B-v0.1,FP16,1024,measured,passed,f14320a61590e30304593a87ece9b4334cc5aba1e048bc3de5d629e299f7ea48,484c19789eb884af8fa0f76a63b2bbfbfedf64037d91bc8eae4845ab4ac89b7c,20261004T081734Z-ff28eb8e05,29,64.60247199999998,4.519474,5.74707100000001,1.2503810000000002,7.774759000000018,5.3502920000000005,10.100689000000001,0.0,0.0,0.0,0.0,0.0,7.636563000000012,113.21449279785156,477.732177734375,106.816543,107.003494,4.2970075179306397e-14,19.29168500000003,7.636563000000012,15.450981000000002,99.345138,65.02831774213246,19.41885168049193,15.552830577375614
/cephfs/shared/impact/LLM_models/Mistral-7B-v0.1,FP16,1024,measured,passed,f14320a61590e30304593a87ece9b4334cc5aba1e048bc3de5d629e299f7ea48,484c19789eb884af8fa0f76a63b2bbfbfedf64037d91bc8eae4845ab4ac89b7c,20261004T081734Z-ff28eb8e05,30,64.58463799999996,4.517746000000001,5.729502000000011,1.2497730000000002,7.762639000000015,5.341342,10.097840999999997,0.0,0.0,0.0,0.0,0.0,7.624593000000022,113.00131225585938,474.50408935546875,106.716196,106.90330499999999,1.4314100605175064e-14,19.259660000000025,7.624593000000022,15.439182999999996,99.28348099999998,65.05073890388671,19.398655049171804,15.550606046941484
/cephfs/shared/impact/LLM_models/Mistral-7B-v0.1,FP16,1024,measured,passed,f14320a61590e30304593a87ece9b4334cc5aba1e048bc3de5d629e299f7ea48,484c19789eb884af8fa0f76a63b2bbfbfedf64037d91bc8eae4845ab4ac89b7c,20261004T081734Z-ff28eb8e05,31,64.64262899999996,4.514739,5.738615000000007,1.250415,7.765460000000013,5.3540779999999994,10.103687,0.0,0.0,0.0,0.0,0.0,7.635856000000016,113.08656311035156,489.43035888671875,106.830594,107.018561,1.428911347477177e-14,19.26922900000002,7.635856000000016,15.457765,99.36962299999998,65.05270629838252,19.391468356481564,15.555825345135913
/cephfs/shared/impact/LLM_models/Mistral-7B-v0.1,FP16,2048,measured,passed,f14320a61590e30304593a87ece9b4334cc5aba1e048bc3de5d629e299f7ea48,484c19789eb884af8fa0f76a63b2bbfbfedf64037d91bc8eae4845ab4ac89b7c,20261004T081734Z-ff28eb8e05,0,119.48024800000003,45.691165000000005,9.859300000000013,2.4367619999999994,16.629691,18.694154,35.754890000000024,0.0,0.0,0.0,0.0,0.0,25.079956999999975,285.2931823730469,475.4959716796875,273.378252,273.59092499999997,0.002896854033391758,74.61691800000001,25.079956999999975,54.44904400000003,248.5462100000001,48.07164349840619,30.02134613116812,21.907010370425688
/cephfs/shared/impact/LLM_models/Mistral-7B-v0.1,FP16,2048,measured,passed,f14320a61590e30304593a87ece9b4334cc5aba1e048bc3de5d629e299f7ea48,484c19789eb884af8fa0f76a63b2bbfbfedf64037d91bc8eae4845ab4ac89b7c,20261004T081734Z-ff28eb8e05,1,119.49566200000004,45.64423099999999,9.846804999999994,2.43209,16.60964300000001,18.675675000000002,35.73144200000003,0.0,0.0,0.0,0.0,0.0,25.064123000000006,285.30267333984375,517.510498046875,273.287375,273.499671,0.0029156947701192413,74.53276899999999,25.064123000000006,54.40711700000003,248.43554800000004,48.09926073864438,30.000847141247267,21.89989212010836
/cephfs/shared/impact/LLM_models/Mistral-7B-v0.1,FP16,2048,measured,passed,f14320a61590e30304593a87ece9b4334cc5aba1e048bc3de5d629e299f7ea48,484c19789eb884af8fa0f76a63b2bbfbfedf64037d91bc8eae4845ab4ac89b7c,20261004T081734Z-ff28eb8e05,2,119.67935699999995,45.82282000000001,9.89489500000001,2.437665,16.637024,18.738934,35.79033099999999,0.0,0.0,0.0,0.0,0.0,25.131499999999978,285.65374755859375,476.6965026855469,273.960593,274.174511,4.564787785453167e-14,74.79240400000002,25.131499999999978,54.52926499999999,249.00102599999994,48.063800749158354,30.036986273301558,21.8992129775401
/cephfs/shared/impact/LLM_models/Mistral-7B-v0.1,FP16,2048,measured,passed,f14320a61590e30304593a87ece9b4334cc5aba1e048bc3de5d629e299f7ea48,484c19789eb884af8fa0f76a63b2bbfbfedf64037d91bc8eae4845ab4ac89b7c,20261004T081734Z-ff28eb8e05,3,119.72418999999992,45.861029,9.886961000000007,2.4385259999999995,16.65526700000001,18.734619000000002,35.79777100000002,0.0,0.0,0.0,0.0,0.0,25.135769999999983,285.780029296875,477.7643127441406,274.06219699999997,274.276338,0.0,74.84178300000002,25.135769999999983,54.53239000000002,249.09836299999995,48.06301757992683,30.045072195034873,21.891910225038306
/cephfs/shared/impact/LLM_models/Mistral-7B-v0.1,FP16,2048,measured,passed,f14320a61590e30304593a87ece9b4334cc5aba1e048bc3de5d629e299f7ea48,484c19789eb884af8fa0f76a63b2bbfbfedf64037d91bc8eae4845ab4ac89b7c,20261004T081734Z-ff28eb8e05,4,119.73325000000001,45.808141000000006,9.885878000000003,2.435614,16.64197999999997,18.738548,35.781566000000026,0.0,0.0,0.0,0.0,0.0,25.119656999999965,286.1061706542969,479.13690185546875,273.948267,274.16148300000003,3.425053624461771e-14,74.77161299999997,25.119656999999965,54.52011400000003,249.02497700000004,48.08081961995322,30.02574838105495,21.89343199899182
/cephfs/shared/impact/LLM_models/Mistral-7B-v0.1,FP16,2048,measured,passed,f14320a61590e30304593a87ece9b4334cc5aba1e048bc3de5d629e299f7ea48,484c19789eb884af8fa0f76a63b2bbfbfedf64037d91bc8eae4845ab4ac89b7c,20261004T081734Z-ff28eb8e05,5,119.76230900000003,45.841235000000005,9.874630000000025,2.43763,16.652100000000015,18.736639000000007,35.80131,0.0,0.0,0.0,0.0,0.0,25.135654999999996,286.1061096191406,473.81500244140625,274.047583,274.258727,0.002906605305565762,74.80559500000004,25.135654999999996,54.53794900000001,249.10585300000008,48.076874773392014,30.029641655991124,21.893483570616862
/cephfs/shared/impact/LLM_models/Mistral-7B-v0.1,FP16,2048,measured,passed,f14320a61590e30304593a87ece9b4334cc5aba1e048bc3de5d629e299f7ea48,484c19789eb884af8fa0f76a63b2bbfbfedf64037d91bc8eae4845ab4ac89b7c,20261004T081734Z-ff28eb8e05,6,119.74593399999996,45.78971799999999,9.875514000000004,2.4355529999999996,16.635348000000008,18.738036000000008,35.78507099999999,0.0,0.0,0.0,0.0,0.0,25.12020500000001,285.8541259765625,478.6971130371094,273.910748,274.124801,0.0,74.73613300000001,25.12020500000001,54.523106999999996,249.00517399999995,48.0897372839329,30.01388758291425,21.89637513315286
/cephfs/shared/impact/LLM_models/Mistral-7B-v0.1,FP16,2048,measured,passed,f14320a61590e30304593a87ece9b4334cc5aba1e048bc3de5d629e299f7ea48,484c19789eb884af8fa0f76a63b2bbfbfedf64037d91bc8eae4845ab4ac89b7c,20261004T081734Z-ff28eb8e05,7,119.87262699999994,45.84731600000001,9.88689100000003,2.4394240000000003,16.648671999999966,18.733885,35.79843900000001,0.0,0.0,0.0,0.0,0.0,25.14301999999998,286.474609375,475.1048889160156,274.160003,274.37581300000005,3.423683809220733e-14,74.822303,25.14301999999998,54.53232400000001,249.22725399999996,48.09772008321367,30.021717849525402,21.880562067260918
/cephfs/shared/impact/LLM_models/Mistral-7B-v0.1,FP16,2048,measured,passed,f14320a61590e30304593a87ece9b4334cc5aba1e048bc3de5d629e299f7ea48,484c19789eb884af8fa0f76a63b2bbfbfedf64037d91bc8eae4845ab4ac89b7c,20261004T081734Z-ff28eb8e05,8,119.80255000000001,45.70421800000001,9.856718000000022,2.437403,16.632320999999983,18.705947,35.75654000000001,0.0,0.0,0.0,0.0,0.0,25.087908999999996,286.4383239746094,484.2423095703125,273.776117,273.990902,0.0029312624617447718,74.63066000000002,25.087908999999996,54.46248700000001,248.89569700000004,48.133636476648284,29.984712833344002,21.88165069000771
/cephfs/shared/impact/LLM_models/Mistral-7B-v0.1,FP16,2048,measured,passed,f14320a61590e30304593a87ece9b4334cc5aba1e048bc3de5d629e299f7ea48,484c19789eb884af8fa0f76a63b2bbfbfedf64037d91bc8eae4845ab4ac89b7c,20261004T081734Z-ff28eb8e05,9,119.99496699999999,45.95304800000001,9.913961000000025,2.4429069999999995,16.669123999999986,18.764696,35.830148,0.0,0.0,0.0,0.0,0.0,25.181634000000006,286.4803466796875,477.3060302734375,274.543418,274.757781,0.0029160648586036807,74.97904000000003,25.181634000000006,54.594844,249.56885100000002,48.08090693978472,30.043428777095272,21.87566428312001
/cephfs/shared/impact/LLM_models/Mistral-7B-v0.1,FP16,2048,measured,passed,f14320a61590e30304593a87ece9b4334cc5aba1e048bc3de5d629e299f7ea48,484c19789eb884af8fa0f76a63b2bbfbfedf64037d91bc8eae4845ab4ac89b7c,20261004T081734Z-ff28eb8e05,10,119.93906900000003,45.808806,9.89626500000001,2.4381689999999994,16.654511999999993,18.754276,35.77518100000001,0.0,0.0,0.0,0.0,0.0,25.133254999999988,286.9532165527344,484.6907958984375,274.165866,274.379189,0.002901551846362024,74.797752,25.133254999999988,54.52945700000001,249.26627800000003,48.116845151432805,30.00716847868206,21.87598636988514
/cephfs/shared/impact/LLM_models/Mistral-7B-v0.1,FP16,2048,measured,passed,f14320a61590e30304593a87ece9b4334cc5aba1e048bc3de5d629e299f7ea48,484c19789eb884af8fa0f76a63b2bbfbfedf64037d91bc8eae4845ab4ac89b7c,20261004T081734Z-ff28eb8e05,11,119.94474199999996,45.799839000000006,9.87862000000002,2.437566,16.63911599999997,18.736299,35.780074000000006,0.0,0.0,0.0,0.0,0.0,25.12142599999999,287.1448974609375,487.3552551269531,274.147433,274.36442900000003,2.2806425125927406e-14,74.755141,25.12142599999999,54.516373,249.21625599999993,48.12877936822869,29.996093433006237,21.87512719876508
/cephfs/shared/impact/LLM_models/Mistral-7B-v0.1,FP16,2048,measured,passed,f14320a61590e30304593a87ece9b4334cc5aba1e048bc3de5d629e299f7ea48,484c19789eb884af8fa0f76a63b2bbfbfedf64037d91bc8eae4845ab4ac89b7c,20261004T081734Z-ff28eb8e05,12,119.99477099999993,45.86301400000001,9.891026000000016,2.4393229999999995,16.650779999999987,18.74761800000001,35.80540800000001,0.0,0.0,0.0,0.0,0.0,25.142469999999975,286.1385498046875,504.60540771484375,274.33491999999995,274.54164199999997,1.1296128647489748e-14,74.844143,25.142469999999975,54.55302600000002,249.39193999999995,48.114935470649115,30.01065030409564,21.874414225255244
/cephfs/shared/impact/LLM_models/Mistral-7B-v0.1,FP16,2048,measured,passed,f14320a61590e30304593a87ece9b4334cc5aba1e048bc3de5d629e299f7ea48,484c19789eb884af8fa0f76a63b2bbfbfedf64037d91bc8eae4845ab4ac89b7c,20261004T081734Z-ff28eb8e05,13,120.17269400000002,46.060711000000005,9.912261000000015,2.443365,16.68904600000002,18.806089999999998,35.861324999999994,0.0,0.0,0.0,0.0,0.0,25.222741000000013,286.7183532714844,478.63037109375,274.961325,275.17556199999996,0.002890909773136081,75.10538300000005,25.222741000000013,54.66741499999999,249.94549200000006,48.07956048273117,30.04870477920043,21.8717347380684
/cephfs/shared/impact/LLM_models/Mistral-7B-v0.1,FP16,2048,measured,passed,f14320a61590e30304593a87ece9b4334cc5aba1e048bc3de5d629e299f7ea48,484c19789eb884af8fa0f76a63b2bbfbfedf64037d91bc8eae4845ab4ac89b7c,20261004T081734Z-ff28eb8e05,14,120.07906500000011,45.89425200000002,9.909228000000022,2.441502,16.661275000000003,18.783141999999998,35.81480300000003,0.0,0.0,0.0,0.0,0.0,25.161775999999975,287.07037353515625,481.27490234375,274.52987,274.745043,6.832599742450844e-14,74.90625700000005,25.161775999999975,54.59794500000003,249.5832670000002,48.111825140905786,30.01253164940741,21.875643209686803
/cephfs/shared/impact/LLM_models/Mistral-7B-v0.1,FP16,2048,measured,passed,f14320a61590e30304593a87ece9b4334cc5aba1e048bc3de5d629e299f7ea48,484c19789eb884af8fa0f76a63b2bbfbfedf64037d91bc8eae4845ab4ac89b7c,20261004T081734Z-ff28eb8e05,15,120.02669800000004,45.808843999999986,9.88935200000001,2.4392009999999997,16.645993999999984,18.742072999999998,35.783218000000005,0.0,0.0,0.0,0.0,0.0,25.12437099999998,287.2879638671875,479.97601318359375,274.24692600000003,274.459024,3.4112424336048963e-14,74.78339099999998,25.12437099999998,54.525291,249.33538000000001,48.138654851148694,29.99309243638026,21.86825271247105
/cephfs/shared/impact/LLM_models/Mistral-7B-v0.1,FP16,2048,measured,passed,f14320a61590e30304593a87ece9b4334cc5aba1e048bc3de5d629e299f7ea48,484c19789eb884af8fa0f76a63b2bbfbfedf64037d91bc8eae4845ab4ac89b7c,20261004T081734Z-ff28eb8e05,16,120.05997700000005,45.771666,9.88505,2.436991,16.649044999999987,18.728454000000003,35.77809499999999,0.0,0.0,0.0,0.0,0.0,25.10330599999998,287.3978576660156,509.5934143066406,274.20033,274.412584,2.2768420391084102e-14,74.742752,25.10330599999998,54.50654899999999,249.30927800000006,48.157043317096296,29.979931994347993,21.863024688555704
/cephfs/shared/impact/LLM_models/Mistral-7B-v0.1,FP16,2048,measured,passed,f14320a61590e30304593a87ece9b4334cc5aba1e048bc3de5d629e299f7ea48,484c19789eb884af8fa0f76a63b2bbfbfedf64037d91bc8eae4845ab4ac89b7c,20261004T081734Z-ff28eb8e05,17,120.11712999999993,45.919706000000005,9.908919000000022,2.440256,16.678114000000026,18.774182000000003,35.83526000000002,0.0,0.0,0.0,0.0,0.0,25.160110999999997,287.029296875,482.1964111328125,274.634043,274.84623200000004,0.0029605169764475928,74.94699500000006,25.160110999999997,54.60944200000002,249.67356700000002,48.109670336067225,30.017993454629522,21.872336209303253
/cephfs/shared/impact/LLM_models/Mistral-7B-v0.1,FP16,2048,measured,passed,f14320a61590e30304593a87ece9b4334cc5aba1e048bc3de5d629e299f7ea48,484c19789eb884af8fa0f76a63b2bbfbfedf64037d91bc8eae4845ab4ac89b7c,20261004T081734Z-ff28eb8e05,18,120.23476899999997,45.950959,9.916531000000004,2.442593,16.680455999999996,18.781445,35.83262400000001,0.0,0.0,0.0,0.0,0.0,25.181205999999996,287.765625,475.76275634765625,274.81178,275.029477,3.411393627525973e-14,74.990539,25.181205999999996,54.614069000000015,249.839377,48.12482741661655,30.015500318830846,21.8596722645526
/cephfs/shared/impact/LLM_models/Mistral-7B-v0.1,FP16,2048,measured,passed,f14320a61590e30304593a87ece9b4334cc5aba1e048bc3de5d629e299f7ea48,484c19789eb884af8fa0f76a63b2bbfbfedf64037d91bc8eae4845ab4ac89b7c,20261004T081734Z-ff28eb8e05,19,120.21141500000004,45.86562099999999,9.88961000000002,2.439712,16.661417999999987,18.757959999999997,35.809856,0.0,0.0,0.0,0.0,0.0,25.14179899999999,287.7032775878906,478.5730895996094,274.574664,274.78832900000003,3.415145417214269e-14,74.85636099999999,25.14179899999999,54.567816,249.63559200000003,48.15475791609076,29.986253322402835,21.85898876150641
/cephfs/shared/impact/LLM_models/Mistral-7B-v0.1,FP16,2048,measured,passed,f14320a61590e30304593a87ece9b4334cc5aba1e048bc3de5d629e299f7ea48,484c19789eb884af8fa0f76a63b2bbfbfedf64037d91bc8eae4845ab4ac89b7c,20261004T081734Z-ff28eb8e05,20,120.28163299999994,45.88482399999999,9.89664400000001,2.4419800000000005,16.66593200000001,18.756518999999997,35.815608000000026,0.0,0.0,0.0,0.0,0.0,25.162621999999992,287.1771545410156,476.3287353515625,274.665694,274.880101,2.2763091750100525e-14,74.88938,25.162621999999992,54.57212700000002,249.74313999999998,48.16213690594262,29.986561392637256,21.851301701420116
/cephfs/shared/impact/LLM_models/Mistral-7B-v0.1,FP16,2048,measured,passed,f14320a61590e30304593a87ece9b4334cc5aba1e048bc3de5d629e299f7ea48,484c19789eb884af8fa0f76a63b2bbfbfedf64037d91bc8eae4845ab4ac89b7c,20261004T081734Z-ff28eb8e05,21,120.38316900000001,46.00601399999999,9.918879000000013,2.4437729999999998,16.676784,18.776233999999995,35.85020400000001,0.0,0.0,0.0,0.0,0.0,25.208513999999994,287.5698547363281,479.84686279296875,275.046356,275.263732,3.4067682248675414e-14,75.04545,25.208513999999994,54.62643800000001,250.05505700000003,48.142665237120156,30.011570611827292,21.845764151052542
/cephfs/shared/impact/LLM_models/Mistral-7B-v0.1,FP16,2048,measured,passed,f14320a61590e30304593a87ece9b4334cc5aba1e048bc3de5d629e299f7ea48,484c19789eb884af8fa0f76a63b2bbfbfedf64037d91bc8eae4845ab4ac89b7c,20261004T081734Z-ff28eb8e05,22,120.25730800000001,45.849567,9.906914000000006,2.4409889999999996,16.66855,18.747206999999996,35.795334999999994,0.0,0.0,0.0,0.0,0.0,25.143582999999996,287.9757995605469,479.10198974609375,274.55438999999996,274.768992,1.1385743760725899e-14,74.86602,25.143582999999996,54.54254199999999,249.66587,48.16729975947454,29.986485537650783,21.84621470287468
/cephfs/shared/impact/LLM_models/Mistral-7B-v0.1,FP16,2048,measured,passed,f14320a61590e30304593a87ece9b4334cc5aba1e048bc3de5d629e299f7ea48,484c19789eb884af8fa0f76a63b2bbfbfedf64037d91bc8eae4845ab4ac89b7c,20261004T081734Z-ff28eb8e05,23,120.41912900000003,46.091807,9.92924400000002,2.4449280000000004,16.69467599999999,18.815045000000005,35.888574,0.0,0.0,0.0,0.0,0.0,25.24001100000001,288.2054138183594,474.1991271972656,275.305298,275.522294,3.406758451664436e-14,75.16065500000002,25.24001100000001,54.703619,250.28340300000005,48.11311000114538,30.03021938294486,21.856670615909753
/cephfs/shared/impact/LLM_models/Mistral-7B-v0.1,FP16,2048,measured,passed,f14320a61590e30304593a87ece9b4334cc5aba1e048bc3de5d629e299f7ea48,484c19789eb884af8fa0f76a63b2bbfbfedf64037d91bc8eae4845ab4ac89b7c,20261004T081734Z-ff28eb8e05,24,120.32497700000006,45.948621,9.908852000000007,2.4418209999999996,16.66671100000001,18.793825,35.85054700000001,0.0,0.0,0.0,0.0,0.0,25.174421000000006,288.56585693359375,482.9052429199219,274.878248,275.092977,0.002906546883214292,74.96600500000002,25.174421000000006,54.64437200000001,249.9353540000001,48.142439664618244,29.99415800935469,21.863402326027067
/cephfs/shared/impact/LLM_models/Mistral-7B-v0.1,FP16,2048,measured,passed,f14320a61590e30304593a87ece9b4334cc5aba1e048bc3de5d629e299f7ea48,484c19789eb884af8fa0f76a63b2bbfbfedf64037d91bc8eae4845ab4ac89b7c,20261004T081734Z-ff28eb8e05,25,120.39099800000001,45.957125000000005,9.917026999999992,2.4424000000000006,16.674374,18.789678,35.83872700000002,0.0,0.0,0.0,0.0,0.0,25.185538,288.22686767578125,476.9183654785156,275.047267,275.26122200000003,3.408668598844105e-14,74.990926,25.185538,54.628405000000015,250.01032900000004,48.1544096524108,29.995131121162594,21.8504592264266
/cephfs/shared/impact/LLM_models/Mistral-7B-v0.1,FP16,2048,measured,passed,f14320a61590e30304593a87ece9b4334cc5aba1e048bc3de5d629e299f7ea48,484c19789eb884af8fa0f76a63b2bbfbfedf64037d91bc8eae4845ab4ac89b7c,20261004T081734Z-ff28eb8e05,26,120.34263400000005,45.92407599999999,9.908025000000016,2.4426549999999994,16.672375999999996,18.773801,35.82528599999999,0.0,0.0,0.0,0.0,0.0,25.171677000000013,288.7591552734375,479.3351135253906,274.87366499999996,275.087296,3.412990498011466e-14,74.94713200000001,25.171677000000013,54.59908699999999,249.88885300000004,48.15846427531525,29.992186966419027,21.849348758265734
/cephfs/shared/impact/LLM_models/Mistral-7B-v0.1,FP16,2048,measured,passed,f14320a61590e30304593a87ece9b4334cc5aba1e048bc3de5d629e299f7ea48,484c19789eb884af8fa0f76a63b2bbfbfedf64037d91bc8eae4845ab4ac89b7c,20261004T081734Z-ff28eb8e05,27,120.41102200000009,46.015750999999995,9.916563000000021,2.443999,16.674266000000003,18.80542299999999,35.85252500000003,0.0,0.0,0.0,0.0,0.0,25.189785999999984,288.0977478027344,473.7095031738281,275.100734,275.316631,0.0,75.05057900000001,25.189785999999984,54.65794800000002,250.11954900000012,48.141387780928724,30.005882906817483,21.852729312253793
/cephfs/shared/impact/LLM_models/Mistral-7B-v0.1,FP16,2048,measured,passed,f14320a61590e30304593a87ece9b4334cc5aba1e048bc3de5d629e299f7ea48,484c19789eb884af8fa0f76a63b2bbfbfedf64037d91bc8eae4845ab4ac89b7c,20261004T081734Z-ff28eb8e05,28,120.35640099999998,45.853669,9.897218000000006,2.4415999999999998,16.65711799999998,18.749485999999994,35.801886,0.0,0.0,0.0,0.0,0.0,25.140253999999995,287.96124267578125,479.9188537597656,274.685244,274.89772700000003,1.1426826711689466e-14,74.84960499999998,25.140253999999995,54.551372,249.75737799999996,48.18932756412905,29.968926483525145,21.841745952345804
/cephfs/shared/impact/LLM_models/Mistral-7B-v0.1,FP16,2048,measured,passed,f14320a61590e30304593a87ece9b4334cc5aba1e048bc3de5d629e299f7ea48,484c19789eb884af8fa0f76a63b2bbfbfedf64037d91bc8eae4845ab4ac89b7c,20261004T081734Z-ff28eb8e05,29,120.33582099999994,45.807458999999994,9.882547000000024,2.4412480000000003,16.664177,18.717969000000004,35.785793999999996,0.0,0.0,0.0,0.0,0.0,25.12703099999998,287.88751220703125,482.98223876953125,274.54780400000004,274.762046,1.1369296668206394e-14,74.79543100000002,25.12703099999998,54.503763,249.63501499999995,48.20470437610684,29.961914998182458,21.833380625710706
/cephfs/shared/impact/LLM_models/Mistral-7B-v0.1,FP16,2048,measured,passed,f14320a61590e30304593a87ece9b4334cc5aba1e048bc3de5d629e299f7ea48,484c19789eb884af8fa0f76a63b2bbfbfedf64037d91bc8eae4845ab4ac89b7c,20261004T081734Z-ff28eb8e05,30,120.49871300000005,45.855275000000006,9.897651000000005,2.440671,16.662233,18.747245000000003,35.80175699999998,0.0,0.0,0.0,0.0,0.0,25.147865999999997,288.1500244140625,484.5483093261719,274.872187,275.08608399999997,2.274300153163463e-14,74.85583000000001,25.147865999999997,54.54900199999999,249.90354500000007,48.218088702983394,29.95388880938043,21.82802248763617
/cephfs/shared/impact/LLM_models/Mistral-7B-v0.1,FP16,2048,measured,passed,f14320a61590e30304593a87ece9b4334cc5aba1e048bc3de5d629e299f7ea48,484c19789eb884af8fa0f76a63b2bbfbfedf64037d91bc8eae4845ab4ac89b7c,20261004T081734Z-ff28eb8e05,31,120.67887499999998,46.012657,9.920687000000004,2.4436150000000003,16.684059,18.802156999999998,35.84784799999999,0.0,0.0,0.0,0.0,0.0,25.205216999999994,288.2077331542969,477.1201171875,275.40717800000004,275.62529,2.270503203671792e-14,75.061018,25.205216999999994,54.65000499999999,250.389898,48.196383306166766,29.97765429019026,21.825962403642976
/cephfs/shared/impact/LLM_models/Mistral-7B-v0.1,FP16,4096,measured,passed,f14320a61590e30304593a87ece9b4334cc5aba1e048bc3de5d629e299f7ea48,484c19789eb884af8fa0f76a63b2bbfbfedf64037d91bc8eae4845ab4ac89b7c,20261004T081734Z-ff28eb8e05,0,249.5109709999998,125.665368,19.26904899999998,5.085378,32.796445999999975,74.69718199999998,144.097853,0.0,0.0,0.0,0.0,0.0,98.73241499999997,745.01953125,791.218994140625,749.4151479999999,749.797046,3.491530638167991e-14,182.81624099999996,98.73241499999997,218.79503499999998,651.1222469999998,38.32014220825723,28.077099475914547,33.60275831582822
/cephfs/shared/impact/LLM_models/Mistral-7B-v0.1,FP16,4096,measured,passed,f14320a61590e30304593a87ece9b4334cc5aba1e048bc3de5d629e299f7ea48,484c19789eb884af8fa0f76a63b2bbfbfedf64037d91bc8eae4845ab4ac89b7c,20261004T081734Z-ff28eb8e05,1,249.51747899999995,125.729389,19.267124,5.084449,32.80719199999998,74.74259,144.22845999999998,0.0,0.0,0.0,0.0,0.0,98.7138059999999,744.7144775390625,791.9906616210938,749.83762,750.218326,1.7450026562125235e-14,182.888154,98.7138059999999,218.97105,651.376683,38.30617298900151,28.07717236019024,33.61665465080825
/cephfs/shared/impact/LLM_models/Mistral-7B-v0.1,FP16,4096,measured,passed,f14320a61590e30304593a87ece9b4334cc5aba1e048bc3de5d629e299f7ea48,484c19789eb884af8fa0f76a63b2bbfbfedf64037d91bc8eae4845ab4ac89b7c,20261004T081734Z-ff28eb8e05,2,250.31404400000002,125.978054,19.32070100000001,5.102338999999999,32.852862000000044,74.877106,144.35045899999997,0.0,0.0,0.0,0.0,0.0,98.86193199999991,744.5369262695312,793.082763671875,751.2759520000001,751.6574969999999,1.741538144818984e-14,183.25395600000004,98.86193199999991,219.22756499999997,652.7955650000001,38.344936366104136,28.072181525926883,33.58288210796896
/cephfs/shared/impact/LLM_models/Mistral-7B-v0.1,FP16,4096,measured,passed,f14320a61590e30304593a87ece9b4334cc5aba1e048bc3de5d629e299f7ea48,484c19789eb884af8fa0f76a63b2bbfbfedf64037d91bc8eae4845ab4ac89b7c,20261004T081734Z-ff28eb8e05,3,250.44606299999992,126.25557099999999,19.353818999999998,5.10429,32.87278499999999,74.94232400000001,144.47834700000004,0.0,0.0,0.0,0.0,0.0,98.94109699999996,744.8109130859375,795.5534057617188,752.0111639999999,752.3942959999999,0.0,183.58646499999998,98.94109699999996,219.42067100000006,653.4531989999999,38.32654938154185,28.094814637214743,33.5786359812434
/cephfs/shared/impact/LLM_models/Mistral-7B-v0.1,FP16,4096,measured,passed,f14320a61590e30304593a87ece9b4334cc5aba1e048bc3de5d629e299f7ea48,484c19789eb884af8fa0f76a63b2bbfbfedf64037d91bc8eae4845ab4ac89b7c,20261004T081734Z-ff28eb8e05,4,250.71737400000004,126.40984500000003,19.36938500000001,5.101443999999999,32.89028100000002,75.03583800000001,144.48082400000007,0.0,0.0,0.0,0.0,0.0,99.0685429999999,745.8624877929688,794.3003540039062,752.658728,753.041228,0.0,183.77095500000007,99.0685429999999,219.51666200000008,654.0049910000002,38.33569734944117,28.09931996375239,33.56498268680644
/cephfs/shared/impact/LLM_models/Mistral-7B-v0.1,FP16,4096,measured,passed,f14320a61590e30304593a87ece9b4334cc5aba1e048bc3de5d629e299f7ea48,484c19789eb884af8fa0f76a63b2bbfbfedf64037d91bc8eae4845ab4ac89b7c,20261004T081734Z-ff28eb8e05,5,250.68890800000023,126.42144,19.340575000000015,5.101889999999999,32.89215800000001,75.03609400000002,144.58673599999995,0.0,0.0,0.0,0.0,0.0,98.99656800000001,747.3880615234375,795.1093139648438,752.7073110000001,753.091502,3.476157108460835e-14,183.75606300000004,98.99656800000001,219.62282999999996,654.0678010000001,38.32766383190298,28.094344763502583,33.57799140459445
/cephfs/shared/impact/LLM_models/Mistral-7B-v0.1,FP16,4096,measured,passed,f14320a61590e30304593a87ece9b4334cc5aba1e048bc3de5d629e299f7ea48,484c19789eb884af8fa0f76a63b2bbfbfedf64037d91bc8eae4845ab4ac89b7c,20261004T081734Z-ff28eb8e05,6,251.48816899999997,126.735895,19.412893999999984,5.121094000000001,32.958828000000004,75.268254,144.76674900000003,0.0,0.0,0.0,0.0,0.0,99.31373099999996,746.8312377929688,796.55224609375,754.735488,755.11799,1.7320956123812925e-14,184.22871099999998,99.31373099999996,220.03500300000002,655.7518829999999,38.351116560956946,28.094270985112825,33.55461245393024
/cephfs/shared/impact/LLM_models/Mistral-7B-v0.1,FP16,4096,measured,passed,f14320a61590e30304593a87ece9b4334cc5aba1e048bc3de5d629e299f7ea48,484c19789eb884af8fa0f76a63b2bbfbfedf64037d91bc8eae4845ab4ac89b7c,20261004T081734Z-ff28eb8e05,7,251.32701500000005,126.66793899999998,19.378251000000017,5.114014999999999,32.92750400000003,75.13280400000002,144.650308,0.0,0.0,0.0,0.0,0.0,99.239455,748.2169799804688,796.6568603515625,754.209216,754.5920379999999,1.7429311401998695e-14,184.08770900000002,99.239455,219.78311200000002,655.197836,38.35895071545994,28.096507479917864,33.5445418046222
/cephfs/shared/impact/LLM_models/Mistral-7B-v0.1,FP16,4096,measured,passed,f14320a61590e30304593a87ece9b4334cc5aba1e048bc3de5d629e299f7ea48,484c19789eb884af8fa0f76a63b2bbfbfedf64037d91bc8eae4845ab4ac89b7c,20261004T081734Z-ff28eb8e05,8,251.833344,126.94481,19.452424000000025,5.1262430000000005,32.97122099999999,75.38470800000002,144.88403600000007,0.0,0.0,0.0,0.0,0.0,99.37923799999999,747.1649780273438,797.0945434570312,755.6641110000002,756.047257,3.4620775488332953e-14,184.49469800000003,99.37923799999999,220.26874400000008,656.5967860000001,38.35433699488136,28.098629468466513,33.54703353665214
/cephfs/shared/impact/LLM_models/Mistral-7B-v0.1,FP16,4096,measured,passed,f14320a61590e30304593a87ece9b4334cc5aba1e048bc3de5d629e299f7ea48,484c19789eb884af8fa0f76a63b2bbfbfedf64037d91bc8eae4845ab4ac89b7c,20261004T081734Z-ff28eb8e05,9,251.81372,126.851622,19.46813600000002,5.125702999999999,32.97580799999999,75.31319200000002,144.89852499999998,0.0,0.0,0.0,0.0,0.0,99.37117400000002,748.9479370117188,797.7735595703125,755.546785,755.930753,0.0,184.42126900000002,99.37117400000002,220.211717,656.4467060000001,38.360116319937774,28.09386768405842,33.54601599600379
/cephfs/shared/impact/LLM_models/Mistral-7B-v0.1,FP16,4096,measured,passed,f14320a61590e30304593a87ece9b4334cc5aba1e048bc3de5d629e299f7ea48,484c19789eb884af8fa0f76a63b2bbfbfedf64037d91bc8eae4845ab4ac89b7c,20261004T081734Z-ff28eb8e05,10,252.0545309999999,126.989218,19.442085999999993,5.124705999999999,32.97847900000002,75.34382199999999,144.94615599999995,0.0,0.0,0.0,0.0,0.0,99.42029999999995,748.5808715820312,797.470458984375,756.1977549999999,756.581755,1.744084364988534e-14,184.534489,99.42029999999995,220.28997799999993,656.8789979999998,38.37153140341381,28.092615163805263,33.53585343278093
/cephfs/shared/impact/LLM_models/Mistral-7B-v0.1,FP16,4096,measured,passed,f14320a61590e30304593a87ece9b4334cc5aba1e048bc3de5d629e299f7ea48,484c19789eb884af8fa0f76a63b2bbfbfedf64037d91bc8eae4845ab4ac89b7c,20261004T081734Z-ff28eb8e05,11,252.09939299999994,127.00366499999997,19.493490999999995,5.127428,32.98721100000001,75.42011000000001,144.95701000000003,0.0,0.0,0.0,0.0,0.0,99.38524800000003,748.7372436523438,797.2658081054688,755.922671,756.306891,1.7284974774366653e-14,184.61179499999997,99.38524800000003,220.37712000000005,657.0883079999999,38.366135864952874,28.095431428677927,33.538432706369214
/cephfs/shared/impact/LLM_models/Mistral-7B-v0.1,FP16,4096,measured,passed,f14320a61590e30304593a87ece9b4334cc5aba1e048bc3de5d629e299f7ea48,484c19789eb884af8fa0f76a63b2bbfbfedf64037d91bc8eae4845ab4ac89b7c,20261004T081734Z-ff28eb8e05,12,252.01292499999997,126.794102,19.424467999999997,5.124932000000001,32.97366000000003,75.175687,144.65817800000005,0.0,0.0,0.0,0.0,0.0,99.32647899999989,749.2361450195312,796.8809814453125,755.1204329999999,755.504249,1.7311675955006812e-14,184.31716200000002,99.32647899999989,219.83386500000006,656.1639520000001,38.40700547963048,28.090107882061766,33.50288663830774
/cephfs/shared/impact/LLM_models/Mistral-7B-v0.1,FP16,4096,measured,passed,f14320a61590e30304593a87ece9b4334cc5aba1e048bc3de5d629e299f7ea48,484c19789eb884af8fa0f76a63b2bbfbfedf64037d91bc8eae4845ab4ac89b7c,20261004T081734Z-ff28eb8e05,13,252.05483399999994,127.01583099999996,19.42318499999999,5.124421999999998,32.989557999999974,75.28662899999999,144.82278499999998,0.0,0.0,0.0,0.0,0.0,99.425579,749.7569580078125,797.398681640625,755.859387,756.243522,1.7308728991530615e-14,184.55299599999992,99.425579,220.10941399999996,656.7172439999998,38.3810287156096,28.102352677067817,33.51661860732258
/cephfs/shared/impact/LLM_models/Mistral-7B-v0.1,FP16,4096,measured,passed,f14320a61590e30304593a87ece9b4334cc5aba1e048bc3de5d629e299f7ea48,484c19789eb884af8fa0f76a63b2bbfbfedf64037d91bc8eae4845ab4ac89b7c,20261004T081734Z-ff28eb8e05,14,251.78031299999995,126.98917800000004,19.42382100000002,5.118562999999999,32.935287,75.21386299999996,144.76643500000006,0.0,0.0,0.0,0.0,0.0,99.33300499999993,750.297607421875,798.2949829101562,755.150181,755.532944,1.7325030217903756e-14,184.46684900000005,99.33300499999993,219.980298,656.2274600000001,38.36784169318363,28.11019962498979,33.52195868182657
/cephfs/shared/impact/LLM_models/Mistral-7B-v0.1,FP16,4096,measured,passed,f14320a61590e30304593a87ece9b4334cc5aba1e048bc3de5d629e299f7ea48,484c19789eb884af8fa0f76a63b2bbfbfedf64037d91bc8eae4845ab4ac89b7c,20261004T081734Z-ff28eb8e05,15,251.96526800000015,127.044508,19.429152999999975,5.120005999999998,32.95806600000003,75.27644900000001,144.86445299999988,0.0,0.0,0.0,0.0,0.0,99.371479,750.5114135742188,796.9930419921875,755.744796,756.1294449999999,1.7310309673749134e-14,184.55173299999998,99.371479,220.1409019999999,656.657903,38.370857466098315,28.10469989881474,33.52444263508695
/cephfs/shared/impact/LLM_models/Mistral-7B-v0.1,FP16,4096,measured,passed,f14320a61590e30304593a87ece9b4334cc5aba1e048bc3de5d629e299f7ea48,484c19789eb884af8fa0f76a63b2bbfbfedf64037d91bc8eae4845ab4ac89b7c,20261004T081734Z-ff28eb8e05,16,251.7250789999999,127.01058500000002,19.413220000000006,5.120293000000002,32.94584900000001,75.22199300000001,144.87047499999994,0.0,0.0,0.0,0.0,0.0,99.31642300000003,751.13720703125,797.873046875,755.312432,755.69432,1.732033303394676e-14,184.48994700000003,99.31642300000003,220.09246799999994,656.3074939999999,38.354747020456834,28.110291088646335,33.534961890896824
/cephfs/shared/impact/LLM_models/Mistral-7B-v0.1,FP16,4096,measured,passed,f14320a61590e30304593a87ece9b4334cc5aba1e048bc3de5d629e299f7ea48,484c19789eb884af8fa0f76a63b2bbfbfedf64037d91bc8eae4845ab4ac89b7c,20261004T081734Z-ff28eb8e05,17,251.9563580000002,127.05142,19.41642200000001,5.122852000000001,32.97518399999998,75.239504,144.883149,0.0,0.0,0.0,0.0,0.0,99.41348599999996,750.692138671875,797.3993530273438,755.5845790000001,755.970186,1.7318724454436096e-14,184.56587799999997,99.41348599999996,220.122653,656.6448890000001,38.370261037697674,28.107411036286912,33.52232792601542
/cephfs/shared/impact/LLM_models/Mistral-7B-v0.1,FP16,4096,measured,passed,f14320a61590e30304593a87ece9b4334cc5aba1e048bc3de5d629e299f7ea48,484c19789eb884af8fa0f76a63b2bbfbfedf64037d91bc8eae4845ab4ac89b7c,20261004T081734Z-ff28eb8e05,18,252.2569979999999,127.22233899999999,19.433795999999997,5.122531,32.968565999999996,75.33767200000001,144.9083749999999,0.0,0.0,0.0,0.0,0.0,99.537623,750.7415161132812,798.2080078125,756.407871,756.7901260000001,1.7323540504161023e-14,184.747232,99.537623,220.24604699999992,657.2502769999999,38.38066058357857,28.10911436101229,33.51022505540914
/cephfs/shared/impact/LLM_models/Mistral-7B-v0.1,FP16,4096,measured,passed,f14320a61590e30304593a87ece9b4334cc5aba1e048bc3de5d629e299f7ea48,484c19789eb884af8fa0f76a63b2bbfbfedf64037d91bc8eae4845ab4ac89b7c,20261004T081734Z-ff28eb8e05,19,252.1551230000001,127.079734,19.45759200000001,5.124385000000002,32.98806600000002,75.25670799999999,144.943359,0.0,0.0,0.0,0.0,0.0,99.47399299999996,749.9271240234375,797.8944091796875,756.1955690000001,756.578708,1.7301175159215837e-14,184.64977700000003,99.47399299999996,220.200067,657.0049670000001,38.37948503667859,28.10477641335701,33.51573854996441
/cephfs/shared/impact/LLM_models/Mistral-7B-v0.1,FP16,4096,measured,passed,f14320a61590e30304593a87ece9b4334cc5aba1e048bc3de5d629e299f7ea48,484c19789eb884af8fa0f76a63b2bbfbfedf64037d91bc8eae4845ab4ac89b7c,20261004T081734Z-ff28eb8e05,20,252.08923400000018,126.973751,19.455924999999997,5.127235,32.96466700000002,75.264552,144.82691400000002,0.0,0.0,0.0,0.0,0.0,99.4262009999999,750.51806640625,797.39013671875,755.7545379999999,756.1386729999999,1.73117447584663e-14,184.521578,99.4262009999999,220.09146600000003,656.7022780000002,38.387141699545026,28.098208911649298,33.51464938880568
/cephfs/shared/impact/LLM_models/Mistral-7B-v0.1,FP16,4096,measured,passed,f14320a61590e30304593a87ece9b4334cc5aba1e048bc3de5d629e299f7ea48,484c19789eb884af8fa0f76a63b2bbfbfedf64037d91bc8eae4845ab4ac89b7c,20261004T081734Z-ff28eb8e05,21,252.3342930000001,126.79612600000002,19.500553000000007,5.129636000000001,32.97601699999999,75.37278199999997,144.72014099999996,0.0,0.0,0.0,0.0,0.0,99.30030299999994,750.9523315429688,798.4754638671875,756.310889,756.695797,0.0,184.402332,99.30030299999994,220.09292299999993,656.829548,38.41701302390253,28.074609700719495,33.50837727537798
/cephfs/shared/impact/LLM_models/Mistral-7B-v0.1,FP16,4096,measured,passed,f14320a61590e30304593a87ece9b4334cc5aba1e048bc3de5d629e299f7ea48,484c19789eb884af8fa0f76a63b2bbfbfedf64037d91bc8eae4845ab4ac89b7c,20261004T081734Z-ff28eb8e05,22,252.271123,127.09458500000002,19.48332799999999,5.127526,33.00647800000004,75.47262899999998,144.802172,0.0,0.0,0.0,0.0,0.0,99.47451199999996,749.1405639648438,797.2169799804688,756.34726,756.732353,1.7297144382278438e-14,184.71191700000006,99.47451199999996,220.274801,657.2578410000001,38.38236796326024,28.10341778790586,33.51421424883389
/cephfs/shared/impact/LLM_models/Mistral-7B-v0.1,FP16,4096,measured,passed,f14320a61590e30304593a87ece9b4334cc5aba1e048bc3de5d629e299f7ea48,484c19789eb884af8fa0f76a63b2bbfbfedf64037d91bc8eae4845ab4ac89b7c,20261004T081734Z-ff28eb8e05,23,252.23477000000014,127.06856200000001,19.47287300000002,5.127780999999999,32.991285999999995,75.32902999999999,144.82506399999994,0.0,0.0,0.0,0.0,0.0,99.4505419999999,749.7805786132812,798.2701416015625,756.1167,756.499908,1.7302632588129766e-14,184.66050200000004,99.4505419999999,220.15409399999993,657.0493660000002,38.38901352809464,28.104509578052006,33.506476893853346
/cephfs/shared/impact/LLM_models/Mistral-7B-v0.1,FP16,4096,measured,passed,f14320a61590e30304593a87ece9b4334cc5aba1e048bc3de5d629e299f7ea48,484c19789eb884af8fa0f76a63b2bbfbfedf64037d91bc8eae4845ab4ac89b7c,20261004T081734Z-ff28eb8e05,24,252.27292999999995,127.16511900000003,19.468180999999998,5.126562,32.99297600000001,75.392237,144.96934599999997,0.0,0.0,0.0,0.0,0.0,99.47953299999996,751.3290405273438,798.55224609375,756.5202009999999,756.9045,0.0,184.75283800000005,99.47953299999996,220.36158299999997,657.387351,38.375081238823526,28.10410600674914,33.52081275442733
/cephfs/shared/impact/LLM_models/Mistral-7B-v0.1,FP16,4096,measured,passed,f14320a61590e30304593a87ece9b4334cc5aba1e048bc3de5d629e299f7ea48,484c19789eb884af8fa0f76a63b2bbfbfedf64037d91bc8eae4845ab4ac89b7c,20261004T081734Z-ff28eb8e05,25,252.06761,127.11686500000005,19.440643000000005,5.1254100000000005,32.97706900000003,75.30698799999999,144.89726700000008,0.0,0.0,0.0,0.0,0.0,99.46298999999999,751.3767700195312,797.3308715820312,756.1034659999999,756.4877610000001,1.7302849529020045e-14,184.6599870000001,99.46298999999999,220.20425500000007,656.9318520000002,38.37043511173819,28.109458604847802,33.52010628341401
/cephfs/shared/impact/LLM_models/Mistral-7B-v0.1,FP16,4096,measured,passed,f14320a61590e30304593a87ece9b4334cc5aba1e048bc3de5d629e299f7ea48,484c19789eb884af8fa0f76a63b2bbfbfedf64037d91bc8eae4845ab4ac89b7c,20261004T081734Z-ff28eb8e05,26,252.0069760000001,127.06934200000002,19.424253000000018,5.119553999999999,32.97145200000003,75.32723300000002,144.872508,0.0,0.0,0.0,0.0,0.0,99.42739099999994,751.2103881835938,798.1804809570312,755.9710550000001,756.355,1.7306328884294094e-14,184.58460100000008,99.42739099999994,220.19974100000002,656.7913180000002,38.36941340323869,28.1039952784516,33.52659131830972
/cephfs/shared/impact/LLM_models/Mistral-7B-v0.1,FP16,4096,measured,passed,f14320a61590e30304593a87ece9b4334cc5aba1e048bc3de5d629e299f7ea48,484c19789eb884af8fa0f76a63b2bbfbfedf64037d91bc8eae4845ab4ac89b7c,20261004T081734Z-ff28eb8e05,27,251.9317550000001,126.98325199999996,19.452704,5.122690000000001,32.97900100000002,75.28622199999998,144.800516,0.0,0.0,0.0,0.0,0.0,99.42649799999994,750.9903564453125,798.3197631835938,755.471395,755.8543440000001,1.7317224693227513e-14,184.537647,99.42649799999994,220.08673799999997,656.55614,38.371700400212546,28.10691055299551,33.52138904679194
/cephfs/shared/impact/LLM_models/Mistral-7B-v0.1,FP16,4096,measured,passed,f14320a61590e30304593a87ece9b4334cc5aba1e048bc3de5d629e299f7ea48,484c19789eb884af8fa0f76a63b2bbfbfedf64037d91bc8eae4845ab4ac89b7c,20261004T081734Z-ff28eb8e05,28,252.223878,127.09433500000002,19.444358000000015,5.123201999999999,32.993187999999996,75.25588800000001,144.92193699999996,0.0,0.0,0.0,0.0,0.0,99.4452609999999,749.9678344726562,798.9259643554688,756.118456,756.5020470000001,1.7302437193246798e-14,184.65508300000002,99.4452609999999,220.17782499999998,657.056786,38.38692231389572,28.103367461454088,33.5097102246502
/cephfs/shared/impact/LLM_models/Mistral-7B-v0.1,FP16,4096,measured,passed,f14320a61590e30304593a87ece9b4334cc5aba1e048bc3de5d629e299f7ea48,484c19789eb884af8fa0f76a63b2bbfbfedf64037d91bc8eae4845ab4ac89b7c,20261004T081734Z-ff28eb8e05,29,252.2267600000001,127.04385899999998,19.475562999999998,5.130340000000001,32.984120999999995,75.31408599999999,144.854624,0.0,0.0,0.0,0.0,0.0,99.442564,750.271484375,797.9892578125,756.116901,756.499049,5.1907335358671347e-14,184.63388299999997,99.442564,220.16870999999998,657.0293530000001,38.38896372716548,28.10131421936638,33.509722053468124
/cephfs/shared/impact/LLM_models/Mistral-7B-v0.1,FP16,4096,measured,passed,f14320a61590e30304593a87ece9b4334cc5aba1e048bc3de5d629e299f7ea48,484c19789eb884af8fa0f76a63b2bbfbfedf64037d91bc8eae4845ab4ac89b7c,20261004T081734Z-ff28eb8e05,30,251.8330099999998,127.05339999999998,19.404664000000018,5.115522000000001,32.92768000000005,75.22650700000001,144.77344300000001,0.0,0.0,0.0,0.0,0.0,99.31448899999997,750.4906616210938,799.148681640625,755.158309,755.541894,0.0,184.50126600000004,99.31448899999997,219.99995,656.3342259999998,38.36962937843194,28.1108707562662,33.519499865301874
/cephfs/shared/impact/LLM_models/Mistral-7B-v0.1,FP16,4096,measured,passed,f14320a61590e30304593a87ece9b4334cc5aba1e048bc3de5d629e299f7ea48,484c19789eb884af8fa0f76a63b2bbfbfedf64037d91bc8eae4845ab4ac89b7c,20261004T081734Z-ff28eb8e05,31,252.19444500000003,127.18466500000001,19.454914,5.1281300000000005,32.98726999999999,75.349126,144.94069500000003,0.0,0.0,0.0,0.0,0.0,99.42407299999998,749.83642578125,797.9009399414062,756.257873,756.6420159999999,3.4560814156145744e-14,184.754979,99.42407299999998,220.28982100000002,657.239245,38.37178727816231,28.11076490114342,33.51744782069428
/cephfs/shared/impact/LLM_models/Mistral-7B-v0.1,FP16,512,measured,passed,f14320a61590e30304593a87ece9b4334cc5aba1e048bc3de5d629e299f7ea48,484c19789eb884af8fa0f76a63b2bbfbfedf64037d91bc8eae4845ab4ac89b7c,20261004T081734Z-ff28eb8e05,0,34.106395000000006,1.2178650000000002,3.705845000000001,0.652643,4.28257,1.5231860000000002,3.247236000000001,0.0,0.0,0.0,0.0,0.0,2.755216000000002,54.42019271850586,478.4718322753906,51.390525000000004,51.496155,2.9155890318818034e-14,9.858923,2.755216000000002,4.770422000000001,48.735740000000014,69.9823066193311,20.22934913884553,9.788344241823351
/cephfs/shared/impact/LLM_models/Mistral-7B-v0.1,FP16,512,measured,passed,f14320a61590e30304593a87ece9b4334cc5aba1e048bc3de5d629e299f7ea48,484c19789eb884af8fa0f76a63b2bbfbfedf64037d91bc8eae4845ab4ac89b7c,20261004T081734Z-ff28eb8e05,1,34.111642999999994,1.2162989999999996,3.7133490000000022,0.652712,4.284145,1.5234690000000002,3.2487320000000017,0.0,0.0,0.0,0.0,0.0,2.754776,54.33161544799805,476.287109375,51.41067100000001,51.515533000000005,0.0,9.866505000000002,2.754776,4.772201000000002,48.750349,69.97210009717058,20.238839726049964,9.789060176779456
/cephfs/shared/impact/LLM_models/Mistral-7B-v0.1,FP16,512,measured,passed,f14320a61590e30304593a87ece9b4334cc5aba1e048bc3de5d629e299f7ea48,484c19789eb884af8fa0f76a63b2bbfbfedf64037d91bc8eae4845ab4ac89b7c,20261004T081734Z-ff28eb8e05,2,34.083583,1.2169679999999998,3.7051560000000006,0.655817,4.280588000000005,1.5218040000000002,3.2482509999999998,0.0,0.0,0.0,0.0,0.0,2.7512600000000007,54.18902587890625,480.7748107910156,51.358205000000005,51.463427,4.3696972583183614e-14,9.858529000000006,2.7512600000000007,4.770055,48.712167,69.96934256691966,20.238329779087852,9.792327653992482
/cephfs/shared/impact/LLM_models/Mistral-7B-v0.1,FP16,512,measured,passed,f14320a61590e30304593a87ece9b4334cc5aba1e048bc3de5d629e299f7ea48,484c19789eb884af8fa0f76a63b2bbfbfedf64037d91bc8eae4845ab4ac89b7c,20261004T081734Z-ff28eb8e05,3,34.13127000000002,1.2187010000000003,3.7131860000000025,0.654883,4.284013000000003,1.5246849999999996,3.2512919999999994,0.0,0.0,0.0,0.0,0.0,2.754518000000003,53.99603271484375,471.1230163574219,51.421243000000004,51.526557000000004,7.284324690219536e-14,9.870783000000007,2.754518000000003,4.775976999999999,48.77803000000003,69.97262907091574,20.236124747145386,9.79124618193887
/cephfs/shared/impact/LLM_models/Mistral-7B-v0.1,FP16,512,measured,passed,f14320a61590e30304593a87ece9b4334cc5aba1e048bc3de5d629e299f7ea48,484c19789eb884af8fa0f76a63b2bbfbfedf64037d91bc8eae4845ab4ac89b7c,20261004T081734Z-ff28eb8e05,4,34.08649000000002,1.2163979999999999,3.7157970000000025,0.6527410000000001,4.282200000000002,1.522956,3.2492810000000016,0.0,0.0,0.0,0.0,0.0,2.7548720000000024,54.179359436035156,483.84967041015625,51.375326,51.480638,7.291242335319062e-14,9.867136000000004,2.7548720000000024,4.772237000000001,48.725863000000025,69.95564142188718,20.250305263962176,9.794053314150638
/cephfs/shared/impact/LLM_models/Mistral-7B-v0.1,FP16,512,measured,passed,f14320a61590e30304593a87ece9b4334cc5aba1e048bc3de5d629e299f7ea48,484c19789eb884af8fa0f76a63b2bbfbfedf64037d91bc8eae4845ab4ac89b7c,20261004T081734Z-ff28eb8e05,5,34.05517100000001,1.215723,3.7031940000000017,0.652358,4.271084999999999,1.5207860000000004,3.2454350000000014,0.0,0.0,0.0,0.0,0.0,2.749855000000003,54.20582580566406,479.8808288574219,51.30067499999999,51.405535,7.296100286276418e-14,9.842360000000001,2.749855000000003,4.766221000000002,48.66375200000001,69.98056993221567,20.225238695117465,9.79419137266687
/cephfs/shared/impact/LLM_models/Mistral-7B-v0.1,FP16,512,measured,passed,f14320a61590e30304593a87ece9b4334cc5aba1e048bc3de5d629e299f7ea48,484c19789eb884af8fa0f76a63b2bbfbfedf64037d91bc8eae4845ab4ac89b7c,20261004T081734Z-ff28eb8e05,6,34.07882900000002,1.2165920000000001,3.7070030000000016,0.65393,4.286144000000003,1.5201400000000003,3.250016000000001,0.0,0.0,0.0,0.0,0.0,2.7566429999999995,54.17878341674805,483.067626953125,51.363398000000004,51.468814,4.3759663417183775e-14,9.863669000000005,2.7566429999999995,4.770156000000001,48.71265400000003,69.95888378407795,20.248679121445527,9.792437094476515
/cephfs/shared/impact/LLM_models/Mistral-7B-v0.1,FP16,512,measured,passed,f14320a61590e30304593a87ece9b4334cc5aba1e048bc3de5d629e299f7ea48,484c19789eb884af8fa0f76a63b2bbfbfedf64037d91bc8eae4845ab4ac89b7c,20261004T081734Z-ff28eb8e05,7,34.080046,1.214894,3.7044460000000035,0.6531889999999999,4.2768310000000005,1.5232740000000007,3.2490510000000015,0.0,0.0,0.0,0.0,0.0,2.7527520000000036,54.163265228271484,475.5551452636719,51.350594,51.455875,1.4601537242049975e-14,9.849360000000004,2.7527520000000036,4.772325000000002,48.70173100000001,69.97707329950961,20.223839682412937,9.79908701807745
/cephfs/shared/impact/LLM_models/Mistral-7B-v0.1,FP16,512,measured,passed,f14320a61590e30304593a87ece9b4334cc5aba1e048bc3de5d629e299f7ea48,484c19789eb884af8fa0f76a63b2bbfbfedf64037d91bc8eae4845ab4ac89b7c,20261004T081734Z-ff28eb8e05,8,34.05804300000003,1.215563,3.7037480000000036,0.650788,4.271148,1.5193790000000005,3.2468320000000013,0.0,0.0,0.0,0.0,0.0,2.747482000000003,54.17385482788086,539.5999755859375,51.318048,51.422659,2.919152197557407e-14,9.841247000000005,2.747482000000003,4.766211000000002,48.665501000000035,69.98395639654467,20.22222477479477,9.793818828660571
/cephfs/shared/impact/LLM_models/Mistral-7B-v0.1,FP16,512,measured,passed,f14320a61590e30304593a87ece9b4334cc5aba1e048bc3de5d629e299f7ea48,484c19789eb884af8fa0f76a63b2bbfbfedf64037d91bc8eae4845ab4ac89b7c,20261004T081734Z-ff28eb8e05,9,34.11241399999997,1.2173570000000002,3.715237000000001,0.653572,4.281346,1.5224510000000002,3.2496590000000025,0.0,0.0,0.0,0.0,0.0,2.757972000000001,54.238975524902344,485.3179016113281,51.40305300000001,51.508652999999995,0.0,9.867512000000001,2.757972000000001,4.772110000000003,48.75203599999998,69.97126027721178,20.240204942415133,9.78853478037308
/cephfs/shared/impact/LLM_models/Mistral-7B-v0.1,FP16,512,measured,passed,f14320a61590e30304593a87ece9b4334cc5aba1e048bc3de5d629e299f7ea48,484c19789eb884af8fa0f76a63b2bbfbfedf64037d91bc8eae4845ab4ac89b7c,20261004T081734Z-ff28eb8e05,10,34.06616,1.216588,3.707162000000002,0.6569020000000001,4.274683,1.5226399999999998,3.2485090000000003,0.0,0.0,0.0,0.0,0.0,2.753365000000002,53.94847869873047,470.35784912109375,51.345926999999996,51.450981,1.4599865803559313e-14,9.855335000000002,2.753365000000002,4.771149,48.69264400000001,69.96161473589316,20.239884693876963,9.798500570229868
/cephfs/shared/impact/LLM_models/Mistral-7B-v0.1,FP16,512,measured,passed,f14320a61590e30304593a87ece9b4334cc5aba1e048bc3de5d629e299f7ea48,484c19789eb884af8fa0f76a63b2bbfbfedf64037d91bc8eae4845ab4ac89b7c,20261004T081734Z-ff28eb8e05,11,34.09766699999999,1.2163580000000003,3.7160030000000046,0.656295,4.283830999999998,1.525645,3.253202000000001,0.0,0.0,0.0,0.0,0.0,2.758781000000004,54.20787048339844,475.4134521484375,51.409479999999995,51.514697,4.375293056252418e-14,9.872487000000003,2.758781000000004,4.778847000000001,48.74900099999999,69.94536564964685,20.25167038807627,9.802963962276893
/cephfs/shared/impact/LLM_models/Mistral-7B-v0.1,FP16,512,measured,passed,f14320a61590e30304593a87ece9b4334cc5aba1e048bc3de5d629e299f7ea48,484c19789eb884af8fa0f76a63b2bbfbfedf64037d91bc8eae4845ab4ac89b7c,20261004T081734Z-ff28eb8e05,12,34.158019000000024,1.2192729999999998,3.7178660000000012,0.656933,4.294146000000003,1.5277309999999995,3.2567270000000006,0.0,0.0,0.0,0.0,0.0,2.7620380000000018,54.09116744995117,472.8802490234375,51.48137999999999,51.586888,5.781936110804854e-14,9.888218000000004,2.7620380000000018,4.784458,48.83069500000003,69.95194108951348,20.250004633356124,9.798054277130394
/cephfs/shared/impact/LLM_models/Mistral-7B-v0.1,FP16,512,measured,passed,f14320a61590e30304593a87ece9b4334cc5aba1e048bc3de5d629e299f7ea48,484c19789eb884af8fa0f76a63b2bbfbfedf64037d91bc8eae4845ab4ac89b7c,20261004T081734Z-ff28eb8e05,13,34.077583,1.21486,3.7078539999999998,0.654181,4.274561000000006,1.5237,3.250554000000002,0.0,0.0,0.0,0.0,0.0,2.753493000000003,54.13257598876953,486.49017333984375,51.351501,51.45697,2.9151229441623224e-14,9.851456000000006,2.753493000000003,4.774254000000002,48.703293,69.9697718591636,20.227494678850576,9.802733461985829
/cephfs/shared/impact/LLM_models/Mistral-7B-v0.1,FP16,512,measured,passed,f14320a61590e30304593a87ece9b4334cc5aba1e048bc3de5d629e299f7ea48,484c19789eb884af8fa0f76a63b2bbfbfedf64037d91bc8eae4845ab4ac89b7c,20261004T081734Z-ff28eb8e05,14,34.096576999999996,1.2154390000000004,3.706710000000004,0.654756,4.277286000000001,1.5228599999999999,3.2490860000000015,0.0,0.0,0.0,0.0,0.0,2.7548380000000017,54.23811340332031,470.4697265625,51.371613999999994,51.476673999999996,1.458432156287767e-14,9.854191000000005,2.7548380000000017,4.771946000000002,48.722714,69.98086559792213,20.2250453453804,9.794089056697459
/cephfs/shared/impact/LLM_models/Mistral-7B-v0.1,FP16,512,measured,passed,f14320a61590e30304593a87ece9b4334cc5aba1e048bc3de5d629e299f7ea48,484c19789eb884af8fa0f76a63b2bbfbfedf64037d91bc8eae4845ab4ac89b7c,20261004T081734Z-ff28eb8e05,15,34.09759599999999,1.219344,3.7137700000000002,0.6541810000000002,4.282280000000003,1.5225740000000005,3.253412,0.0,0.0,0.0,0.0,0.0,2.753781000000003,54.13324737548828,472.2720947265625,51.393711,51.498636,1.456230189154462e-14,9.869575000000003,2.753781000000003,4.7759860000000005,48.743157,69.95360600053047,20.248124264909645,9.79826973455987
/cephfs/shared/impact/LLM_models/Mistral-7B-v0.1,FP16,512,measured,passed,f14320a61590e30304593a87ece9b4334cc5aba1e048bc3de5d629e299f7ea48,484c19789eb884af8fa0f76a63b2bbfbfedf64037d91bc8eae4845ab4ac89b7c,20261004T081734Z-ff28eb8e05,16,34.066099000000015,1.2152109999999998,3.7051260000000035,0.6568050000000001,4.271202000000005,1.5208760000000001,3.247005000000003,0.0,0.0,0.0,0.0,0.0,2.7525400000000015,54.133182525634766,468.1892395019531,51.318758,51.423814,5.83918564457096e-14,9.848344000000008,2.7525400000000015,4.767881000000003,48.68232400000002,69.97632035808316,20.229814829711096,9.793864812205761
/cephfs/shared/impact/LLM_models/Mistral-7B-v0.1,FP16,512,measured,passed,f14320a61590e30304593a87ece9b4334cc5aba1e048bc3de5d629e299f7ea48,484c19789eb884af8fa0f76a63b2bbfbfedf64037d91bc8eae4845ab4ac89b7c,20261004T081734Z-ff28eb8e05,17,34.112962000000024,1.2165569999999999,3.7130180000000066,0.653511,4.279577000000004,1.5227339999999994,3.2515530000000017,0.0,0.0,0.0,0.0,0.0,2.754810000000002,54.30156707763672,471.58416748046875,51.40242500000001,51.507644,5.83155159173502e-14,9.86266300000001,2.754810000000002,4.774287000000001,48.74991200000004,69.9754329812944,20.23114010954523,9.793426909160365
/cephfs/shared/impact/LLM_models/Mistral-7B-v0.1,FP16,512,measured,passed,f14320a61590e30304593a87ece9b4334cc5aba1e048bc3de5d629e299f7ea48,484c19789eb884af8fa0f76a63b2bbfbfedf64037d91bc8eae4845ab4ac89b7c,20261004T081734Z-ff28eb8e05,18,34.10877400000001,1.2166450000000002,3.714808000000001,0.6551750000000001,4.280864000000002,1.5236619999999998,3.251077000000001,0.0,0.0,0.0,0.0,0.0,2.7539400000000023,54.42534255981445,472.3699951171875,51.396021999999995,51.500722,4.3736174789081836e-14,9.867492000000004,2.7539400000000023,4.774739,48.75100500000002,69.96527353641223,20.240591963181064,9.794134500406706
/cephfs/shared/impact/LLM_models/Mistral-7B-v0.1,FP16,512,measured,passed,f14320a61590e30304593a87ece9b4334cc5aba1e048bc3de5d629e299f7ea48,484c19789eb884af8fa0f76a63b2bbfbfedf64037d91bc8eae4845ab4ac89b7c,20261004T081734Z-ff28eb8e05,19,34.10985,1.2159179999999996,3.7074750000000036,0.6550469999999999,4.278729000000005,1.5200150000000001,3.248990000000002,0.0,0.0,0.0,0.0,0.0,2.752795000000001,54.32380676269531,469.62359619140625,51.38355,51.488832,0.0,9.857169000000008,2.752795000000001,4.769005000000002,48.73602400000001,69.9889880224944,20.225632275624303,9.785379701881304
/cephfs/shared/impact/LLM_models/Mistral-7B-v0.1,FP16,512,measured,passed,f14320a61590e30304593a87ece9b4334cc5aba1e048bc3de5d629e299f7ea48,484c19789eb884af8fa0f76a63b2bbfbfedf64037d91bc8eae4845ab4ac89b7c,20261004T081734Z-ff28eb8e05,20,34.136383,1.2199820000000003,3.7155430000000056,0.6556280000000001,4.285607000000001,1.5256200000000002,3.255453000000002,0.0,0.0,0.0,0.0,0.0,2.7608730000000006,54.16185760498047,488.9844970703125,51.452794,51.558199,4.3641519415618817e-14,9.876760000000006,2.7608730000000006,4.781073000000002,48.794216000000006,69.95989647625449,20.241661429707168,9.798442094038363
/cephfs/shared/impact/LLM_models/Mistral-7B-v0.1,FP16,512,measured,passed,f14320a61590e30304593a87ece9b4334cc5aba1e048bc3de5d629e299f7ea48,484c19789eb884af8fa0f76a63b2bbfbfedf64037d91bc8eae4845ab4ac89b7c,20261004T081734Z-ff28eb8e05,21,34.12887100000003,1.2165839999999999,3.7095480000000016,0.657031,4.280389,1.5221300000000002,3.2516770000000013,0.0,0.0,0.0,0.0,0.0,2.7570180000000013,54.15456008911133,471.40997314453125,51.416532,51.522167,1.4577515678300458e-14,9.863552000000002,2.7570180000000013,4.7738070000000015,48.766230000000036,69.98464101079786,20.22619341294169,9.789165576260453
/cephfs/shared/impact/LLM_models/Mistral-7B-v0.1,FP16,512,measured,passed,f14320a61590e30304593a87ece9b4334cc5aba1e048bc3de5d629e299f7ea48,484c19789eb884af8fa0f76a63b2bbfbfedf64037d91bc8eae4845ab4ac89b7c,20261004T081734Z-ff28eb8e05,22,34.12531400000001,1.215759,3.707299,0.6551410000000001,4.274293000000004,1.5232789999999994,3.251812000000003,0.0,0.0,0.0,0.0,0.0,2.7553330000000034,54.133182525634766,475.7413024902344,51.400604,51.505829,2.91217550693797e-14,9.852492000000003,2.7553330000000034,4.775091000000002,48.75289700000002,69.99648451660215,20.209039064899056,9.794476418498784
/cephfs/shared/impact/LLM_models/Mistral-7B-v0.1,FP16,512,measured,passed,f14320a61590e30304593a87ece9b4334cc5aba1e048bc3de5d629e299f7ea48,484c19789eb884af8fa0f76a63b2bbfbfedf64037d91bc8eae4845ab4ac89b7c,20261004T081734Z-ff28eb8e05,23,34.11634200000002,1.215372,3.7132240000000025,0.65546,4.282039000000001,1.5238529999999997,3.252020000000001,0.0,0.0,0.0,0.0,0.0,2.755738000000001,54.472801208496094,470.8309326171875,51.402129,51.507276,5.825964917707457e-14,9.866095000000003,2.755738000000001,4.775873000000001,48.75831000000002,69.97031275284152,20.234694352613943,9.794992894544537
/cephfs/shared/impact/LLM_models/Mistral-7B-v0.1,FP16,512,measured,passed,f14320a61590e30304593a87ece9b4334cc5aba1e048bc3de5d629e299f7ea48,484c19789eb884af8fa0f76a63b2bbfbfedf64037d91bc8eae4845ab4ac89b7c,20261004T081734Z-ff28eb8e05,24,34.11403099999999,1.213835,3.7087920000000016,0.654724,4.276711000000001,1.5217100000000001,3.2508850000000016,0.0,0.0,0.0,0.0,0.0,2.752568000000002,54.336448669433594,484.7763977050781,51.409519,51.51502,2.914141794349633e-14,9.854062000000003,2.752568000000002,4.772595000000002,48.740688,69.99086881990667,20.217322332421737,9.791808847671584
/cephfs/shared/impact/LLM_models/Mistral-7B-v0.1,FP16,512,measured,passed,f14320a61590e30304593a87ece9b4334cc5aba1e048bc3de5d629e299f7ea48,484c19789eb884af8fa0f76a63b2bbfbfedf64037d91bc8eae4845ab4ac89b7c,20261004T081734Z-ff28eb8e05,25,34.121897999999995,1.2170020000000001,3.713829,0.6563279999999999,4.282503000000001,1.5232140000000003,3.24954,0.0,0.0,0.0,0.0,0.0,2.7552570000000034,54.07958221435547,473.1439208984375,51.410164,51.514964,1.457459940538596e-14,9.869662000000002,2.7552570000000034,4.772754000000001,48.76431399999999,69.97309138809992,20.239517775232116,9.787390836667981
/cephfs/shared/impact/LLM_models/Mistral-7B-v0.1,FP16,512,measured,passed,f14320a61590e30304593a87ece9b4334cc5aba1e048bc3de5d629e299f7ea48,484c19789eb884af8fa0f76a63b2bbfbfedf64037d91bc8eae4845ab4ac89b7c,20261004T081734Z-ff28eb8e05,26,34.129357000000006,1.2171619999999999,3.7174010000000015,0.6565190000000001,4.287302000000007,1.5274050000000003,3.2551660000000013,0.0,0.0,0.0,0.0,0.0,2.7596040000000026,54.27289581298828,470.5008544921875,51.446473999999995,51.552261,4.368747959924176e-14,9.878384000000008,2.7596040000000026,4.782571000000002,48.790312000000014,69.9510939794769,20.246609613810225,9.802296406712873
/cephfs/shared/impact/LLM_models/Mistral-7B-v0.1,FP16,512,measured,passed,f14320a61590e30304593a87ece9b4334cc5aba1e048bc3de5d629e299f7ea48,484c19789eb884af8fa0f76a63b2bbfbfedf64037d91bc8eae4845ab4ac89b7c,20261004T081734Z-ff28eb8e05,27,34.14963800000001,1.216937,3.7158160000000033,0.6552680000000002,4.2842790000000015,1.5230570000000005,3.251485999999999,0.0,0.0,0.0,0.0,0.0,2.7582310000000025,54.09811019897461,481.5281677246094,51.449248000000004,51.554104,1.4561533426404732e-14,9.872300000000005,2.7582310000000025,4.7745429999999995,48.796481000000014,69.98381297208707,20.23158186345446,9.784605164458474
/cephfs/shared/impact/LLM_models/Mistral-7B-v0.1,FP16,512,measured,passed,f14320a61590e30304593a87ece9b4334cc5aba1e048bc3de5d629e299f7ea48,484c19789eb884af8fa0f76a63b2bbfbfedf64037d91bc8eae4845ab4ac89b7c,20261004T081734Z-ff28eb8e05,28,34.10608900000002,1.215081,3.7047560000000006,0.6538609999999999,4.277507999999997,1.5208770000000003,3.2498859999999996,0.0,0.0,0.0,0.0,0.0,2.7532080000000034,54.38252639770508,476.5596008300781,51.382696,51.487883000000004,2.915187887267829e-14,9.851205999999998,2.7532080000000034,4.770763,48.72805800000002,69.99271138611763,20.216701433083983,9.790587180798378
/cephfs/shared/impact/LLM_models/Mistral-7B-v0.1,FP16,512,measured,passed,f14320a61590e30304593a87ece9b4334cc5aba1e048bc3de5d629e299f7ea48,484c19789eb884af8fa0f76a63b2bbfbfedf64037d91bc8eae4845ab4ac89b7c,20261004T081734Z-ff28eb8e05,29,34.13831500000002,1.216075,3.7110740000000013,0.6549119999999997,4.283818000000001,1.5230540000000001,3.2513580000000006,0.0,0.0,0.0,0.0,0.0,2.755386000000003,54.353694915771484,474.6249694824219,51.428232,51.533771,4.366043200725915e-14,9.865879000000001,2.755386000000003,4.774412000000001,48.77860600000002,69.98624560939689,20.22583220192885,9.78792218867427
/cephfs/shared/impact/LLM_models/Mistral-7B-v0.1,FP16,512,measured,passed,f14320a61590e30304593a87ece9b4334cc5aba1e048bc3de5d629e299f7ea48,484c19789eb884af8fa0f76a63b2bbfbfedf64037d91bc8eae4845ab4ac89b7c,20261004T081734Z-ff28eb8e05,30,34.116719000000025,1.218538,3.7053820000000006,0.655175,4.275286000000001,1.5218990000000008,3.250472000000001,0.0,0.0,0.0,0.0,0.0,2.7547220000000014,54.2375373840332,471.7851257324219,51.390103999999994,51.495167,1.4579451234968377e-14,9.854381000000002,2.7547220000000014,4.7723710000000015,48.74347100000003,69.99238728813549,20.216822474542276,9.790790237322243
/cephfs/shared/impact/LLM_models/Mistral-7B-v0.1,FP16,512,measured,passed,f14320a61590e30304593a87ece9b4334cc5aba1e048bc3de5d629e299f7ea48,484c19789eb884af8fa0f76a63b2bbfbfedf64037d91bc8eae4845ab4ac89b7c,20261004T081734Z-ff28eb8e05,31,34.145619999999994,1.2164599999999999,3.7080590000000044,0.6538639999999999,4.281078000000005,1.5250380000000001,3.251843000000001,0.0,0.0,0.0,0.0,0.0,2.7543010000000017,54.46352005004883,480.6697692871094,51.430823000000004,51.536010000000005,0.0,9.85946100000001,2.7543010000000017,4.776881000000001,48.78196200000001,69.99640563862516,20.211284244778856,9.792310116595967
/cephfs/shared/impact/LLM_models/Mistral-7B-v0.1,W8A8,1024,measured,passed,f14320a61590e30304593a87ece9b4334cc5aba1e048bc3de5d629e299f7ea48,484c19789eb884af8fa0f76a63b2bbfbfedf64037d91bc8eae4845ab4ac89b7c,20261004T082658Z-d95bd213a6,0,39.45235299999997,4.494249999999999,5.777761000000012,1.2523929999999999,7.855042000000009,5.411059999999999,10.148298999999996,23.145540999999994,32.260058,0.0,11.664951999999992,1.6900690000000003,14.11829199999999,161.1473846435547,1024.2950439453125,155.595946,157.28601500000002,0.01534811050235302,19.37944600000002,82.87891199999997,15.559358999999995,74.39115799999999,53.033658919518324,26.050738449319503,20.915602631162155
/cephfs/shared/impact/LLM_models/Mistral-7B-v0.1,W8A8,1024,measured,passed,f14320a61590e30304593a87ece9b4334cc5aba1e048bc3de5d629e299f7ea48,484c19789eb884af8fa0f76a63b2bbfbfedf64037d91bc8eae4845ab4ac89b7c,20261004T082658Z-d95bd213a6,1,39.42775799999998,4.491594000000001,5.773078000000011,1.252814,7.860213000000017,5.412017000000002,10.158827999999993,23.14582699999997,32.26255300000002,0.0,11.662149999999995,1.6923760000000005,14.117272000000002,161.3140411376953,1020.95556640625,155.55944,157.251816,0.0,19.377699000000028,82.88017799999999,15.570844999999995,74.37630200000001,53.011183589095324,26.053592984496625,20.935223426408044
/cephfs/shared/impact/LLM_models/Mistral-7B-v0.1,W8A8,1024,measured,passed,f14320a61590e30304593a87ece9b4334cc5aba1e048bc3de5d629e299f7ea48,484c19789eb884af8fa0f76a63b2bbfbfedf64037d91bc8eae4845ab4ac89b7c,20261004T082658Z-d95bd213a6,2,39.456571999999994,4.490761999999999,5.776790000000011,1.253004,7.8622850000000115,5.407662999999999,10.159144999999993,23.136937999999986,32.257217999999995,0.0,11.652304999999991,1.6886510000000001,14.110949999999985,161.4510040283203,1030.1827392578125,155.54706800000002,157.23571900000002,1.9111707269185486e-14,19.38284100000002,82.84606199999996,15.566807999999993,74.406221,53.02859286456706,26.050027456709596,20.92137967872336
/cephfs/shared/impact/LLM_models/Mistral-7B-v0.1,W8A8,1024,measured,passed,f14320a61590e30304593a87ece9b4334cc5aba1e048bc3de5d629e299f7ea48,484c19789eb884af8fa0f76a63b2bbfbfedf64037d91bc8eae4845ab4ac89b7c,20261004T082658Z-d95bd213a6,3,39.449733000000016,4.491886,5.773626000000019,1.2526210000000002,7.865200000000014,5.410547,10.157982999999996,23.145279999999985,32.25867800000005,0.0,11.657707999999994,1.6882419999999991,14.114540999999992,161.31094360351562,1022.5355224609375,155.57494300000002,157.264302,7.642365843380077e-14,19.383333000000032,82.86444900000002,15.568529999999996,74.40159600000004,53.02269725504275,26.052308071455915,20.92499467350134
/cephfs/shared/impact/LLM_models/Mistral-7B-v0.1,W8A8,1024,measured,passed,f14320a61590e30304593a87ece9b4334cc5aba1e048bc3de5d629e299f7ea48,484c19789eb884af8fa0f76a63b2bbfbfedf64037d91bc8eae4845ab4ac89b7c,20261004T082658Z-d95bd213a6,4,39.47785199999999,4.4922640000000005,5.776272000000015,1.253068,7.860301000000007,5.411224999999999,10.160667,23.153135999999975,32.26379900000002,0.0,11.669613999999997,1.6875359999999995,14.117310999999994,161.47398376464844,1056.15869140625,155.61703,157.29819899999998,5.730219705910773e-14,19.38190500000002,82.89139599999999,15.571891999999998,74.43164900000002,53.03906675505735,26.039870485739225,20.921062759203405
/cephfs/shared/impact/LLM_models/Mistral-7B-v0.1,W8A8,1024,measured,passed,f14320a61590e30304593a87ece9b4334cc5aba1e048bc3de5d629e299f7ea48,484c19789eb884af8fa0f76a63b2bbfbfedf64037d91bc8eae4845ab4ac89b7c,20261004T082658Z-d95bd213a6,5,39.481126999999994,4.488586999999999,5.778739000000017,1.2522689999999999,7.858727000000014,5.409776000000003,10.159265999999997,23.15585399999999,32.268064000000045,0.0,11.661233000000012,1.69413,14.116816999999992,161.4646759033203,1041.443359375,155.64623,157.338788,3.818485521515577e-14,19.37832200000003,82.89609800000004,15.569042,74.42849100000002,53.045717398731064,26.036161340420062,20.918121260848878
/cephfs/shared/impact/LLM_models/Mistral-7B-v0.1,W8A8,1024,measured,passed,f14320a61590e30304593a87ece9b4334cc5aba1e048bc3de5d629e299f7ea48,484c19789eb884af8fa0f76a63b2bbfbfedf64037d91bc8eae4845ab4ac89b7c,20261004T082658Z-d95bd213a6,6,39.49338700000001,4.495272000000001,5.774417000000015,1.2527789999999999,7.850959000000017,5.411287999999999,10.149346999999999,23.151206999999985,32.268460999999995,0.0,11.672329999999986,1.6889799999999986,14.116978000000003,161.50595092773438,1031.4600830078125,155.66434499999997,157.35629999999998,0.015125138973192946,19.37342700000003,82.89795599999997,15.560634999999998,74.42744900000005,53.06293246729441,26.029948977560707,20.907118555144873
/cephfs/shared/impact/LLM_models/Mistral-7B-v0.1,W8A8,1024,measured,passed,f14320a61590e30304593a87ece9b4334cc5aba1e048bc3de5d629e299f7ea48,484c19789eb884af8fa0f76a63b2bbfbfedf64037d91bc8eae4845ab4ac89b7c,20261004T082658Z-d95bd213a6,7,39.457440000000005,4.4923649999999995,5.780495000000009,1.2522989999999998,7.856093000000019,5.413938000000002,10.160957000000002,23.154889000000015,32.26170400000002,0.0,11.664903999999991,1.6878199999999999,14.114302000000006,161.73574829101562,1067.1929931640625,155.599724,157.287317,5.727748905647391e-14,19.38125200000003,82.88361900000004,15.574895000000003,74.41358700000004,53.02451016102743,26.045313472121723,20.93017636685085
/cephfs/shared/impact/LLM_models/Mistral-7B-v0.1,W8A8,1024,measured,passed,f14320a61590e30304593a87ece9b4334cc5aba1e048bc3de5d629e299f7ea48,484c19789eb884af8fa0f76a63b2bbfbfedf64037d91bc8eae4845ab4ac89b7c,20261004T082658Z-d95bd213a6,8,39.440828999999994,4.488878,5.7744830000000125,1.2527219999999997,7.849760000000012,5.412858000000002,10.158232000000002,23.149468000000024,32.26064199999998,0.0,11.661940999999992,1.692718999999998,14.115645000000011,162.05068969726562,1020.8096923828125,155.57013800000001,157.262056,3.8213163966433066e-14,19.365843000000023,82.88041500000001,15.571090000000003,74.37776200000002,53.027716805999056,26.037141316513416,20.93514187748752
/cephfs/shared/impact/LLM_models/Mistral-7B-v0.1,W8A8,1024,measured,passed,f14320a61590e30304593a87ece9b4334cc5aba1e048bc3de5d629e299f7ea48,484c19789eb884af8fa0f76a63b2bbfbfedf64037d91bc8eae4845ab4ac89b7c,20261004T082658Z-d95bd213a6,9,39.47148600000005,4.493068,5.77769300000001,1.252174,7.856394000000015,5.409239,10.157792000000006,23.144259000000012,32.26068400000004,0.0,11.66445599999999,1.68674,14.111276999999996,161.4121856689453,1026.2408447265625,155.60309600000002,157.286092,9.554281658989599e-14,19.379329000000023,82.86741600000003,15.567031000000007,74.41784600000008,53.0403500257183,26.041238817903977,20.91841115637772
/cephfs/shared/impact/LLM_models/Mistral-7B-v0.1,W8A8,1024,measured,passed,f14320a61590e30304593a87ece9b4334cc5aba1e048bc3de5d629e299f7ea48,484c19789eb884af8fa0f76a63b2bbfbfedf64037d91bc8eae4845ab4ac89b7c,20261004T082658Z-d95bd213a6,10,39.46283400000001,4.491627,5.7736220000000165,1.2527820000000005,7.855017000000013,5.408598,10.1584,23.14339499999999,32.26599099999997,0.0,11.649235000000012,1.690480000000001,14.116363999999988,160.9892120361328,1016.072998046875,155.596909,157.287389,7.634422710156167e-14,19.37304800000003,82.86546499999996,15.566998,74.40288000000004,53.03939041069376,26.03803508681387,20.922574502492367
/cephfs/shared/impact/LLM_models/Mistral-7B-v0.1,W8A8,1024,measured,passed,f14320a61590e30304593a87ece9b4334cc5aba1e048bc3de5d629e299f7ea48,484c19789eb884af8fa0f76a63b2bbfbfedf64037d91bc8eae4845ab4ac89b7c,20261004T082658Z-d95bd213a6,11,39.48228699999997,4.494184000000001,5.7761170000000215,1.252845,7.859345000000015,5.412853000000002,10.148668999999991,23.148474999999983,32.26447400000002,0.0,11.651232999999994,1.6904409999999985,14.115527,161.19772338867188,1042.7969970703125,155.598062,157.284889,0.015251158044169003,19.382491000000037,82.87015,15.561521999999993,74.4263,53.04883757488948,26.042529320952458,20.908633104158064
/cephfs/shared/impact/LLM_models/Mistral-7B-v0.1,W8A8,1024,measured,passed,f14320a61590e30304593a87ece9b4334cc5aba1e048bc3de5d629e299f7ea48,484c19789eb884af8fa0f76a63b2bbfbfedf64037d91bc8eae4845ab4ac89b7c,20261004T082658Z-d95bd213a6,12,39.46720499999997,4.4954350000000005,5.775712000000013,1.2526229999999998,7.86071300000001,5.411185000000002,10.149736000000003,23.151779000000005,32.26923999999998,0.0,11.66580799999999,1.6915669999999994,14.117396,161.7671356201172,1077.0792236328125,155.608847,157.303913,0.015010737152863218,19.384483000000024,82.89578999999998,15.560921000000004,74.412609,53.038329834665475,26.04999779002511,20.911672375309408
/cephfs/shared/impact/LLM_models/Mistral-7B-v0.1,W8A8,1024,measured,passed,f14320a61590e30304593a87ece9b4334cc5aba1e048bc3de5d629e299f7ea48,484c19789eb884af8fa0f76a63b2bbfbfedf64037d91bc8eae4845ab4ac89b7c,20261004T082658Z-d95bd213a6,13,39.42845499999998,4.491886,5.779715000000008,1.252653,7.862733000000014,5.413208999999999,10.149340999999998,23.149834999999964,32.26312600000003,0.0,11.650936000000003,1.6874389999999995,14.113935,161.48626708984375,1171.484130859375,155.56766799999997,157.253764,0.015227204939388842,19.386987000000023,82.86527099999999,15.562549999999998,74.377992,53.01091618606748,26.065488565488593,20.923595248443917
/cephfs/shared/impact/LLM_models/Mistral-7B-v0.1,W8A8,1024,measured,passed,f14320a61590e30304593a87ece9b4334cc5aba1e048bc3de5d629e299f7ea48,484c19789eb884af8fa0f76a63b2bbfbfedf64037d91bc8eae4845ab4ac89b7c,20261004T082658Z-d95bd213a6,14,39.43950399999998,4.493259,5.774259000000017,1.2521370000000003,7.8578070000000215,5.412689,10.158533999999998,23.15222299999997,32.26227300000004,0.0,11.662731999999998,1.692437999999998,14.113100999999997,162.03077697753906,1027.3463134765625,155.57100100000002,157.263726,7.637374398619208e-14,19.377462000000037,82.882767,15.571222999999998,74.38818900000001,53.01850270881037,26.049111102839234,20.932386188350407
/cephfs/shared/impact/LLM_models/Mistral-7B-v0.1,W8A8,1024,measured,passed,f14320a61590e30304593a87ece9b4334cc5aba1e048bc3de5d629e299f7ea48,484c19789eb884af8fa0f76a63b2bbfbfedf64037d91bc8eae4845ab4ac89b7c,20261004T082658Z-d95bd213a6,15,39.466822000000015,4.490254,5.774814000000011,1.253233,7.855977000000018,5.413331999999999,10.148331000000002,23.15024800000001,32.264983000000036,0.0,11.667374999999982,1.6899060000000006,14.117568000000002,161.65260314941406,1055.9638671875,155.62034900000003,157.310255,0.015224481880656728,19.37427800000003,82.89008000000003,15.561663000000001,74.40276300000004,53.04483383231345,26.03972919661602,20.91543697107054
/cephfs/shared/impact/LLM_models/Mistral-7B-v0.1,W8A8,1024,measured,passed,f14320a61590e30304593a87ece9b4334cc5aba1e048bc3de5d629e299f7ea48,484c19789eb884af8fa0f76a63b2bbfbfedf64037d91bc8eae4845ab4ac89b7c,20261004T082658Z-d95bd213a6,16,39.469255999999994,4.493486,5.774845000000009,1.252427,7.861358000000011,5.410931,10.157995999999997,23.151999999999983,32.262187000000054,0.0,11.662740000000017,1.6870879999999988,14.114403000000003,160.96290588378906,1073.4749755859375,155.60990900000002,157.296997,7.639320153871711e-14,19.382116000000018,82.87841800000005,15.568926999999997,74.42029900000001,53.03560524528393,26.044125407236017,20.92026934748004
/cephfs/shared/impact/LLM_models/Mistral-7B-v0.1,W8A8,1024,measured,passed,f14320a61590e30304593a87ece9b4334cc5aba1e048bc3de5d629e299f7ea48,484c19789eb884af8fa0f76a63b2bbfbfedf64037d91bc8eae4845ab4ac89b7c,20261004T082658Z-d95bd213a6,17,39.44597000000001,4.495280000000001,5.776274000000012,1.2526510000000004,7.859466000000011,5.411124999999999,10.160350000000001,23.148484000000042,32.25532700000002,0.0,11.66560799999999,1.6917270000000002,14.111749000000005,161.5633544921875,1020.2523193359375,155.580343,157.26845300000002,7.639362863421171e-14,19.383671000000025,82.87289500000006,15.571475,74.40111600000003,53.01798161199625,26.052930442602523,20.92908794540124
/cephfs/shared/impact/LLM_models/Mistral-7B-v0.1,W8A8,1024,measured,passed,f14320a61590e30304593a87ece9b4334cc5aba1e048bc3de5d629e299f7ea48,484c19789eb884af8fa0f76a63b2bbfbfedf64037d91bc8eae4845ab4ac89b7c,20261004T082658Z-d95bd213a6,18,39.441643000000006,4.498128,5.7711590000000115,1.2528490000000003,7.855207000000015,5.413039000000001,10.157988,23.15020299999998,32.267526000000004,0.0,11.660281999999999,1.693195999999999,14.11414999999999,161.27481079101562,1063.02734375,155.604413,157.298421,7.637988594713714e-14,19.377343000000028,82.88535699999997,15.571027,74.39001300000004,53.020078111829314,26.0483124260242,20.931609462146476
/cephfs/shared/impact/LLM_models/Mistral-7B-v0.1,W8A8,1024,measured,passed,f14320a61590e30304593a87ece9b4334cc5aba1e048bc3de5d629e299f7ea48,484c19789eb884af8fa0f76a63b2bbfbfedf64037d91bc8eae4845ab4ac89b7c,20261004T082658Z-d95bd213a6,19,39.45907999999999,4.493289,5.778965000000013,1.2525870000000003,7.855814000000018,5.411728999999999,10.158307,23.137279000000003,32.266421000000015,0.0,11.663355000000006,1.6884339999999998,14.117894999999987,161.75033569335938,1081.8653564453125,155.589896,157.28388800000002,0.0,19.380655000000033,82.87338400000002,15.570036,74.40977100000002,53.02943345975354,26.045846855247046,20.924719684999427
/cephfs/shared/impact/LLM_models/Mistral-7B-v0.1,W8A8,1024,measured,passed,f14320a61590e30304593a87ece9b4334cc5aba1e048bc3de5d629e299f7ea48,484c19789eb884af8fa0f76a63b2bbfbfedf64037d91bc8eae4845ab4ac89b7c,20261004T082658Z-d95bd213a6,20,39.46434900000002,4.491662,5.776334000000013,1.2525579999999998,7.852723000000018,5.4125700000000005,10.159012,23.149967000000014,32.26430100000005,0.0,11.658030999999994,1.6917019999999996,14.116653999999997,161.55801391601562,1029.3994140625,155.60924,157.301567,7.64031235019548e-14,19.37327700000003,82.88065500000006,15.571582000000001,74.40920800000005,53.03691580751671,26.036128485603577,20.926955706879706
/cephfs/shared/impact/LLM_models/Mistral-7B-v0.1,W8A8,1024,measured,passed,f14320a61590e30304593a87ece9b4334cc5aba1e048bc3de5d629e299f7ea48,484c19789eb884af8fa0f76a63b2bbfbfedf64037d91bc8eae4845ab4ac89b7c,20261004T082658Z-d95bd213a6,21,39.446398,4.489743000000001,5.7694970000000145,1.25227,7.856305000000018,5.412788,10.157793999999996,23.146995000000015,32.26280600000005,0.0,11.658292999999981,1.6877579999999996,14.113731999999997,161.83084106445312,1024.5511474609375,155.57474200000004,157.26359,1.1454945621999601e-13,19.367815000000032,82.86958400000005,15.570581999999995,74.38479500000003,53.030189839200325,26.03733061306417,20.932479547735515
/cephfs/shared/impact/LLM_models/Mistral-7B-v0.1,W8A8,1024,measured,passed,f14320a61590e30304593a87ece9b4334cc5aba1e048bc3de5d629e299f7ea48,484c19789eb884af8fa0f76a63b2bbfbfedf64037d91bc8eae4845ab4ac89b7c,20261004T082658Z-d95bd213a6,22,39.473962,4.491118,5.7750600000000105,1.2525549999999999,7.850059000000009,5.4117939999999995,10.148898999999993,23.141727999999965,32.26136800000004,0.0,11.659473999999996,1.6897779999999991,14.112356000000005,161.5358123779297,1020.3806762695312,155.57751900000002,157.26729699999999,0.015443365195235034,19.36879200000002,82.864704,15.560692999999993,74.40344700000001,53.053942514249364,26.032116495893014,20.913940989857622
/cephfs/shared/impact/LLM_models/Mistral-7B-v0.1,W8A8,1024,measured,passed,f14320a61590e30304593a87ece9b4334cc5aba1e048bc3de5d629e299f7ea48,484c19789eb884af8fa0f76a63b2bbfbfedf64037d91bc8eae4845ab4ac89b7c,20261004T082658Z-d95bd213a6,23,39.46451100000001,4.4901860000000005,5.773589000000013,1.2519799999999999,7.858258000000008,5.408657000000001,10.148712000000003,23.152423000000002,32.26976000000005,0.0,11.655136999999991,1.6922019999999987,14.114251999999993,161.39328002929688,1027.396728515625,155.61279500000003,157.30494000000002,0.015137902067910585,19.374013000000023,82.88377400000003,15.557369000000005,74.39589300000004,53.04662583995058,26.041777601889947,20.911596558159463
/cephfs/shared/impact/LLM_models/Mistral-7B-v0.1,W8A8,1024,measured,passed,f14320a61590e30304593a87ece9b4334cc5aba1e048bc3de5d629e299f7ea48,484c19789eb884af8fa0f76a63b2bbfbfedf64037d91bc8eae4845ab4ac89b7c,20261004T082658Z-d95bd213a6,24,39.47171600000001,4.494670000000001,5.776660000000009,1.252491,7.855505000000013,5.4137509999999995,10.159233999999996,23.147237999999998,32.261667,0.0,11.672221999999994,1.6893939999999992,14.113579,161.05859375,1023.2402954101562,155.61979400000004,157.30874400000002,7.639301468593979e-14,19.379326000000024,82.88409999999999,15.572984999999996,74.42402700000002,53.036254004368764,26.039072032476845,20.924673963154387
/cephfs/shared/impact/LLM_models/Mistral-7B-v0.1,W8A8,1024,measured,passed,f14320a61590e30304593a87ece9b4334cc5aba1e048bc3de5d629e299f7ea48,484c19789eb884af8fa0f76a63b2bbfbfedf64037d91bc8eae4845ab4ac89b7c,20261004T082658Z-d95bd213a6,25,39.491202000000015,4.493198000000001,5.7776960000000175,1.2521099999999998,7.846499000000011,5.4132060000000015,10.157760000000001,23.140953999999994,32.26198000000004,0.0,11.663407999999999,1.6897719999999994,14.114037999999997,161.24085998535156,1032.964111328125,155.60754100000003,157.301084,9.546275109762802e-14,19.36950300000003,82.87015200000002,15.570966000000002,74.43167100000005,53.05698699146495,26.023200527098222,20.91981248143682
/cephfs/shared/impact/LLM_models/Mistral-7B-v0.1,W8A8,1024,measured,passed,f14320a61590e30304593a87ece9b4334cc5aba1e048bc3de5d629e299f7ea48,484c19789eb884af8fa0f76a63b2bbfbfedf64037d91bc8eae4845ab4ac89b7c,20261004T082658Z-d95bd213a6,26,39.44541999999998,4.4915020000000005,5.777178000000017,1.2531339999999997,7.855791000000018,5.4115670000000025,10.150908000000003,23.148726000000003,32.25895400000004,0.0,11.652059999999986,1.6953790000000006,14.111385999999994,161.32138061523438,1022.41943359375,155.554769,157.250148,0.015443848516614716,19.377605000000035,82.86650500000002,15.562475000000006,74.38550000000002,53.02837246506371,26.050245007427563,20.921382527508726
/cephfs/shared/impact/LLM_models/Mistral-7B-v0.1,W8A8,1024,measured,passed,f14320a61590e30304593a87ece9b4334cc5aba1e048bc3de5d629e299f7ea48,484c19789eb884af8fa0f76a63b2bbfbfedf64037d91bc8eae4845ab4ac89b7c,20261004T082658Z-d95bd213a6,27,39.43763899999999,4.493581,5.779673000000013,1.2526540000000002,7.857645000000013,5.412086000000001,10.149406999999998,23.142022999999988,32.268363,0.0,11.659519000000001,1.6949619999999987,14.114602999999995,160.94790649414062,1041.9886474609375,155.565307,157.26078,0.015228628660383993,19.383553000000028,82.87946999999998,15.561492999999999,74.38268500000001,53.019918546903746,26.05922735916299,20.92085409393328
/cephfs/shared/impact/LLM_models/Mistral-7B-v0.1,W8A8,1024,measured,passed,f14320a61590e30304593a87ece9b4334cc5aba1e048bc3de5d629e299f7ea48,484c19789eb884af8fa0f76a63b2bbfbfedf64037d91bc8eae4845ab4ac89b7c,20261004T082658Z-d95bd213a6,28,39.478502,4.492043000000001,5.773811000000014,1.252394,7.8543820000000135,5.411123000000001,10.156865999999992,23.14864500000001,32.26442100000001,0.0,11.660112999999985,1.6872470000000002,14.116270999999989,161.29676818847656,1046.5537109375,155.60091200000002,157.288159,9.54831853688431e-14,19.37263000000003,82.876697,15.567988999999994,74.41912100000002,53.04886898623808,26.031790942545562,20.91934007121636
/cephfs/shared/impact/LLM_models/Mistral-7B-v0.1,W8A8,1024,measured,passed,f14320a61590e30304593a87ece9b4334cc5aba1e048bc3de5d629e299f7ea48,484c19789eb884af8fa0f76a63b2bbfbfedf64037d91bc8eae4845ab4ac89b7c,20261004T082658Z-d95bd213a6,29,39.506484,4.490471,5.775963000000019,1.2530009999999996,7.858895000000016,5.409941000000002,10.157953,23.151142999999987,32.26061500000001,0.0,11.66943099999999,1.6918509999999998,14.114224999999992,161.9220733642578,1022.557861328125,155.650903,157.344842,1.9087868228402728e-14,19.378330000000034,82.88726499999999,15.567894,74.45270800000003,53.06252124502978,26.02770338454315,20.909775370427084
/cephfs/shared/impact/LLM_models/Mistral-7B-v0.1,W8A8,1024,measured,passed,f14320a61590e30304593a87ece9b4334cc5aba1e048bc3de5d629e299f7ea48,484c19789eb884af8fa0f76a63b2bbfbfedf64037d91bc8eae4845ab4ac89b7c,20261004T082658Z-d95bd213a6,30,39.469639999999984,4.492718,5.776354000000023,1.2520140000000002,7.857451000000015,5.411672000000001,10.158944,23.152874999999995,32.264542000000034,0.0,11.664696999999993,1.6877340000000007,14.115660000000002,161.2426300048828,1052.1666259765625,155.60275,157.288206,5.729800134013352e-14,19.378537000000037,82.88550800000003,15.570616000000001,74.41879300000002,53.03719451617547,26.039843188534423,20.922962295290112
/cephfs/shared/impact/LLM_models/Mistral-7B-v0.1,W8A8,1024,measured,passed,f14320a61590e30304593a87ece9b4334cc5aba1e048bc3de5d629e299f7ea48,484c19789eb884af8fa0f76a63b2bbfbfedf64037d91bc8eae4845ab4ac89b7c,20261004T082658Z-d95bd213a6,31,39.47410899999996,4.495914,5.774080000000015,1.2519510000000005,7.85793100000001,5.409047,10.157090999999998,23.141720000000014,32.25989000000002,0.0,11.661233,1.6921309999999998,14.107565,161.50547790527344,1021.5042724609375,155.592422,157.284594,5.728220821335005e-14,19.379876000000024,82.86253900000003,15.566137999999999,74.42012299999999,53.04225175763276,26.041177061747167,20.91657118062006
/cephfs/shared/impact/LLM_models/Mistral-7B-v0.1,W8A8,2048,measured,passed,f14320a61590e30304593a87ece9b4334cc5aba1e048bc3de5d629e299f7ea48,484c19789eb884af8fa0f76a63b2bbfbfedf64037d91bc8eae4845ab4ac89b7c,20261004T082658Z-d95bd213a6,0,72.53902799999996,45.425521,9.81296300000002,2.417751,16.47632299999999,18.664633999999996,35.95955999999998,52.53889199999993,62.812681000000005,0.0,22.556540999999985,2.9780199999999986,38.43651199999997,384.6788024902344,1057.99169921875,377.65672399999994,380.635638,5.647282189675683e-14,74.13255800000002,179.3226459999999,54.624193999999974,201.29577999999998,36.036040099797404,36.82767616886952,27.136283731333055
/cephfs/shared/impact/LLM_models/Mistral-7B-v0.1,W8A8,2048,measured,passed,f14320a61590e30304593a87ece9b4334cc5aba1e048bc3de5d629e299f7ea48,484c19789eb884af8fa0f76a63b2bbfbfedf64037d91bc8eae4845ab4ac89b7c,20261004T082658Z-d95bd213a6,1,72.55471999999999,45.42405500000001,9.81136800000001,2.4166360000000005,16.476892,18.656958,35.957069,52.53085899999992,62.81876299999998,0.0,22.552033999999963,2.9746819999999987,38.44005299999999,384.8536376953125,1078.03076171875,377.599176,380.575987,5.646312250945446e-14,74.12895100000001,179.31639099999987,54.61402699999999,201.297698,36.043492161544734,36.82553339482303,27.130974443632233
/cephfs/shared/impact/LLM_models/Mistral-7B-v0.1,W8A8,2048,measured,passed,f14320a61590e30304593a87ece9b4334cc5aba1e048bc3de5d629e299f7ea48,484c19789eb884af8fa0f76a63b2bbfbfedf64037d91bc8eae4845ab4ac89b7c,20261004T082658Z-d95bd213a6,2,72.58737199999993,45.42343900000002,9.810021000000006,2.4165680000000003,16.472035000000012,18.662851000000003,35.950170000000014,52.530574999999956,62.808844999999934,0.0,22.54934599999998,2.9748499999999996,38.43400599999997,385.204833984375,1063.9962158203125,377.65423599999997,380.631489,7.057190823177407e-14,74.12206300000004,179.29762199999985,54.61302100000002,201.322456,36.05527840371664,36.81758333009808,27.12713826618528
/cephfs/shared/impact/LLM_models/Mistral-7B-v0.1,W8A8,2048,measured,passed,f14320a61590e30304593a87ece9b4334cc5aba1e048bc3de5d629e299f7ea48,484c19789eb884af8fa0f76a63b2bbfbfedf64037d91bc8eae4845ab4ac89b7c,20261004T082658Z-d95bd213a6,3,72.65531699999995,45.424541999999995,9.800316000000022,2.4139120000000003,16.45739800000002,18.653544,35.964661,52.530123999999944,62.79219599999997,0.0,22.550344999999997,2.9713530000000006,38.425545999999976,385.2765808105469,1021.0745239257812,377.6517409999999,380.623094,2.8230389679959796e-14,74.09616800000003,179.2695639999999,54.618205,201.36969,36.08056257125884,36.79608783228501,27.123349596456155
/cephfs/shared/impact/LLM_models/Mistral-7B-v0.1,W8A8,2048,measured,passed,f14320a61590e30304593a87ece9b4334cc5aba1e048bc3de5d629e299f7ea48,484c19789eb884af8fa0f76a63b2bbfbfedf64037d91bc8eae4845ab4ac89b7c,20261004T082658Z-d95bd213a6,4,72.66168700000001,45.424505,9.801416000000021,2.414972,16.465362,18.652708999999994,35.97809899999997,52.523654,62.79494700000004,0.0,22.56173200000001,2.9750389999999993,38.42180900000002,385.48529052734375,1015.6383666992188,377.712477,380.687516,2.823175839618094e-14,74.10625500000002,179.27718100000007,54.630807999999966,201.39875,36.07851935525916,36.79578696491414,27.125693679826696
/cephfs/shared/impact/LLM_models/Mistral-7B-v0.1,W8A8,2048,measured,passed,f14320a61590e30304593a87ece9b4334cc5aba1e048bc3de5d629e299f7ea48,484c19789eb884af8fa0f76a63b2bbfbfedf64037d91bc8eae4845ab4ac89b7c,20261004T082658Z-d95bd213a6,5,72.642531,45.425313,9.793702000000012,2.413179,16.45698099999999,18.654631999999996,35.967004,52.52410799999995,62.78822200000001,0.0,22.544855999999985,2.970086000000001,38.41017799999998,385.60882568359375,1027.596923828125,377.625177,380.595197,5.6452470262076126e-14,74.089175,179.23744999999994,54.621635999999995,201.353342,36.077141942843944,36.79560232975919,27.127255727396864
/cephfs/shared/impact/LLM_models/Mistral-7B-v0.1,W8A8,2048,measured,passed,f14320a61590e30304593a87ece9b4334cc5aba1e048bc3de5d629e299f7ea48,484c19789eb884af8fa0f76a63b2bbfbfedf64037d91bc8eae4845ab4ac89b7c,20261004T082658Z-d95bd213a6,6,72.65633800000005,45.42525300000001,9.802665000000017,2.412056,16.456856999999996,18.651591,35.961960999999974,52.531524,62.788051999999915,0.0,22.544094999999977,2.971101999999999,38.419553,385.8580627441406,1017.2252807617188,377.62240299999996,380.59325,4.2344778024509136e-14,74.09683100000002,179.25432599999988,54.61355199999997,201.36672100000004,36.08160158698717,36.79695961280514,27.121438800207688
/cephfs/shared/impact/LLM_models/Mistral-7B-v0.1,W8A8,2048,measured,passed,f14320a61590e30304593a87ece9b4334cc5aba1e048bc3de5d629e299f7ea48,484c19789eb884af8fa0f76a63b2bbfbfedf64037d91bc8eae4845ab4ac89b7c,20261004T082658Z-d95bd213a6,7,72.68954,45.423691999999996,9.802063000000022,2.415322,16.460815,18.663049,35.953361,52.52550199999992,62.79316599999996,0.0,22.53530700000001,2.9729990000000006,38.42370199999998,385.70660400390625,1071.4661865234375,377.671631,380.64437300000003,4.233848441990409e-14,74.10189200000002,179.25067599999986,54.61641,201.40784200000002,36.090719843967136,36.79195966957434,27.117320486458514
/cephfs/shared/impact/LLM_models/Mistral-7B-v0.1,W8A8,2048,measured,passed,f14320a61590e30304593a87ece9b4334cc5aba1e048bc3de5d629e299f7ea48,484c19789eb884af8fa0f76a63b2bbfbfedf64037d91bc8eae4845ab4ac89b7c,20261004T082658Z-d95bd213a6,8,72.68711799999997,45.421103,9.799150000000019,2.413276,16.455202000000003,18.657802999999998,35.946533,52.52171499999995,62.788269999999976,0.0,22.554779000000007,2.975773999999999,38.417087999999985,385.96112060546875,1051.8011474609375,377.67420300000003,380.644502,1.4112277563404726e-14,74.08873100000002,179.25762599999993,54.604336,201.38018499999998,36.094473743779695,36.790477176292214,27.1150490799281
/cephfs/shared/impact/LLM_models/Mistral-7B-v0.1,W8A8,2048,measured,passed,f14320a61590e30304593a87ece9b4334cc5aba1e048bc3de5d629e299f7ea48,484c19789eb884af8fa0f76a63b2bbfbfedf64037d91bc8eae4845ab4ac89b7c,20261004T082658Z-d95bd213a6,9,72.70681699999999,45.425377000000005,9.802543000000021,2.415287,16.45732899999999,18.65649,35.954248,52.51454399999996,62.79329799999998,0.0,22.54903399999997,2.972898000000001,38.423153999999954,385.4924621582031,1065.2445068359375,377.71538999999996,380.691096,4.232970085053007e-14,74.10053600000002,179.25292799999986,54.610738,201.418091,36.097461076621954,36.78941431333495,27.113124610043094
/cephfs/shared/impact/LLM_models/Mistral-7B-v0.1,W8A8,2048,measured,passed,f14320a61590e30304593a87ece9b4334cc5aba1e048bc3de5d629e299f7ea48,484c19789eb884af8fa0f76a63b2bbfbfedf64037d91bc8eae4845ab4ac89b7c,20261004T082658Z-d95bd213a6,10,72.70010399999998,45.42484300000001,9.804008000000017,2.413435,16.454362999999983,18.655945999999997,35.96173699999999,52.53164400000003,62.795906,0.0,22.54673599999994,2.972256,38.42221400000002,386.0726013183594,1067.5540771484375,377.66852800000004,380.638413,5.6424868776452005e-14,74.09664900000001,179.268756,54.617682999999985,201.41443599999997,36.09478319617567,36.78815206671682,27.117064737107523
/cephfs/shared/impact/LLM_models/Mistral-7B-v0.1,W8A8,2048,measured,passed,f14320a61590e30304593a87ece9b4334cc5aba1e048bc3de5d629e299f7ea48,484c19789eb884af8fa0f76a63b2bbfbfedf64037d91bc8eae4845ab4ac89b7c,20261004T082658Z-d95bd213a6,11,72.71634099999999,45.425816000000005,9.798732000000015,2.4147119999999997,16.465295999999995,18.654697000000006,35.967595,52.53387700000002,62.79907499999998,0.0,22.541560000000004,2.968672,38.42001800000004,386.2113342285156,1018.9452514648438,377.76272,380.730596,4.233396890438349e-14,74.10455600000002,179.26320200000004,54.62229200000001,201.44318900000002,36.097691543197314,36.786826284804306,27.11548217199838
/cephfs/shared/impact/LLM_models/Mistral-7B-v0.1,W8A8,2048,measured,passed,f14320a61590e30304593a87ece9b4334cc5aba1e048bc3de5d629e299f7ea48,484c19789eb884af8fa0f76a63b2bbfbfedf64037d91bc8eae4845ab4ac89b7c,20261004T082658Z-d95bd213a6,12,72.70403500000005,45.425517,9.801455000000022,2.4131129999999996,16.456906999999998,18.652106000000003,35.98496500000001,52.517245999999965,62.794251000000045,0.0,22.54575799999999,2.970887999999999,38.42298799999998,386.42041015625,1025.558837890625,377.695048,380.665936,2.821626679189223e-14,74.09699200000001,179.251131,54.63707100000001,201.43809800000008,36.09249477722929,36.78400100858775,27.123504214182955
/cephfs/shared/impact/LLM_models/Mistral-7B-v0.1,W8A8,2048,measured,passed,f14320a61590e30304593a87ece9b4334cc5aba1e048bc3de5d629e299f7ea48,484c19789eb884af8fa0f76a63b2bbfbfedf64037d91bc8eae4845ab4ac89b7c,20261004T082658Z-d95bd213a6,13,72.69065799999997,45.425366,9.799342000000014,2.413721,16.45893,18.660135000000004,35.96503499999999,52.52799699999995,62.80688799999999,0.0,22.558558999999946,2.9711400000000006,38.42019400000001,385.300048828125,1039.7225341796875,377.73452599999996,380.705666,2.822154277617087e-14,74.09735900000001,179.2847779999999,54.62517,201.41318699999997,36.09031716478424,36.78873270596728,27.120950129248495
/cephfs/shared/impact/LLM_models/Mistral-7B-v0.1,W8A8,2048,measured,passed,f14320a61590e30304593a87ece9b4334cc5aba1e048bc3de5d629e299f7ea48,484c19789eb884af8fa0f76a63b2bbfbfedf64037d91bc8eae4845ab4ac89b7c,20261004T082658Z-d95bd213a6,14,72.69862400000001,45.425712000000004,9.80090100000001,2.4143920000000003,16.456694999999982,18.662701,35.957570999999994,52.52820099999999,62.79233300000003,0.0,22.564026999999975,2.9706600000000005,38.42131399999999,386.0522155761719,1036.1622314453125,377.70719500000007,380.67785499999997,2.8220736583652974e-14,74.0977,179.27653499999997,54.62027199999999,201.41659600000003,36.0936613187525,36.78827935310752,27.118059328139964
/cephfs/shared/impact/LLM_models/Mistral-7B-v0.1,W8A8,2048,measured,passed,f14320a61590e30304593a87ece9b4334cc5aba1e048bc3de5d629e299f7ea48,484c19789eb884af8fa0f76a63b2bbfbfedf64037d91bc8eae4845ab4ac89b7c,20261004T082658Z-d95bd213a6,15,72.71781500000003,45.42513700000001,9.797410000000015,2.4139800000000005,16.462654999999998,18.643625999999998,35.968227000000006,52.5248779999999,62.79984999999997,0.0,22.552475999999995,2.972986,38.41988100000001,385.5724182128906,1033.68359375,377.70815600000003,380.680369,4.233952110009911e-14,74.09918200000001,179.2700709999999,54.611853,201.42885000000004,36.10099298089624,36.78677706793243,27.11222995117134
/cephfs/shared/impact/LLM_models/Mistral-7B-v0.1,W8A8,2048,measured,passed,f14320a61590e30304593a87ece9b4334cc5aba1e048bc3de5d629e299f7ea48,484c19789eb884af8fa0f76a63b2bbfbfedf64037d91bc8eae4845ab4ac89b7c,20261004T082658Z-d95bd213a6,16,72.71491800000005,45.42600199999999,9.804821000000024,2.4141369999999993,16.461999,18.653387000000002,35.97505200000001,52.52683799999996,62.79424999999995,0.0,22.540597999999974,2.9742999999999977,38.419596999999975,385.74609375,1033.94091796875,377.7438469999999,380.713256,4.2320309455530145e-14,74.10695900000002,179.25558299999986,54.628439000000014,201.4503160000001,36.0957080851638,36.78671767385065,27.117574240985547
/cephfs/shared/impact/LLM_models/Mistral-7B-v0.1,W8A8,2048,measured,passed,f14320a61590e30304593a87ece9b4334cc5aba1e048bc3de5d629e299f7ea48,484c19789eb884af8fa0f76a63b2bbfbfedf64037d91bc8eae4845ab4ac89b7c,20261004T082658Z-d95bd213a6,17,72.74681199999998,45.438905000000005,9.804158000000013,2.414874,16.46169200000001,18.662961,35.96856099999999,52.53483599999996,62.792063000000006,0.0,22.560146999999997,2.9737550000000006,38.42913799999997,385.8349609375,1024.4490966796875,377.77962899999994,380.75338400000004,2.8213219101753674e-14,74.11962900000003,179.28993899999995,54.63152199999999,201.497963,36.10300120006671,36.78430684681415,27.112691953119146
/cephfs/shared/impact/LLM_models/Mistral-7B-v0.1,W8A8,2048,measured,passed,f14320a61590e30304593a87ece9b4334cc5aba1e048bc3de5d629e299f7ea48,484c19789eb884af8fa0f76a63b2bbfbfedf64037d91bc8eae4845ab4ac89b7c,20261004T082658Z-d95bd213a6,18,72.74053499999998,45.42404500000001,9.804753000000012,2.4139799999999996,16.458007999999985,18.645382999999992,35.962513,52.53141399999996,62.79600200000003,0.0,22.547506999999978,2.9747239999999993,38.424613,385.70556640625,1020.6000366210938,377.763289,380.73801299999997,1.4107604473348617e-14,74.100786,179.27425999999997,54.607896,201.44921699999998,36.10862136038979,36.783854066804345,27.107524572805865
/cephfs/shared/impact/LLM_models/Mistral-7B-v0.1,W8A8,2048,measured,passed,f14320a61590e30304593a87ece9b4334cc5aba1e048bc3de5d629e299f7ea48,484c19789eb884af8fa0f76a63b2bbfbfedf64037d91bc8eae4845ab4ac89b7c,20261004T082658Z-d95bd213a6,19,72.75683600000004,45.438901,9.80604200000001,2.413786,16.462104000000007,18.658155,35.97225400000001,52.52586000000002,62.80474499999998,0.0,22.549343000000004,2.9762940000000007,38.42657599999999,386.0472106933594,1030.2872314453125,377.81952499999994,380.797384,2.8209401385215653e-14,74.12083300000002,179.282818,54.63040900000001,201.50807800000007,36.10616344621182,36.78305789805608,27.110778655732098
/cephfs/shared/impact/LLM_models/Mistral-7B-v0.1,W8A8,2048,measured,passed,f14320a61590e30304593a87ece9b4334cc5aba1e048bc3de5d629e299f7ea48,484c19789eb884af8fa0f76a63b2bbfbfedf64037d91bc8eae4845ab4ac89b7c,20261004T082658Z-d95bd213a6,20,72.75798300000001,45.42648799999999,9.803275000000015,2.412984,16.457014999999984,18.649034000000004,35.96079100000001,52.52288099999996,62.80071299999991,0.0,22.536558999999972,2.970528,38.41614399999998,387.0094299316406,1020.1511840820312,377.7315269999999,380.70876400000003,5.6413922462851934e-14,74.099762,179.24682499999983,54.609825000000015,201.46757000000002,36.113992440569966,36.77999491431797,27.10601264511207
/cephfs/shared/impact/LLM_models/Mistral-7B-v0.1,W8A8,2048,measured,passed,f14320a61590e30304593a87ece9b4334cc5aba1e048bc3de5d629e299f7ea48,484c19789eb884af8fa0f76a63b2bbfbfedf64037d91bc8eae4845ab4ac89b7c,20261004T082658Z-d95bd213a6,21,72.76868999999998,45.423984999999995,9.799316000000008,2.4142029999999997,16.459104000000007,18.656011000000003,35.95678800000001,52.554786000000014,62.804487,0.0,22.551896999999997,2.973951999999999,38.42164299999997,386.3487854003906,1025.2332763671875,377.811069,380.78502100000003,1.4112723515202252e-14,74.096608,179.30676499999998,54.61279900000001,201.478097,36.11741975109085,36.77650777096629,27.106072477942856
/cephfs/shared/impact/LLM_models/Mistral-7B-v0.1,W8A8,2048,measured,passed,f14320a61590e30304593a87ece9b4334cc5aba1e048bc3de5d629e299f7ea48,484c19789eb884af8fa0f76a63b2bbfbfedf64037d91bc8eae4845ab4ac89b7c,20261004T082658Z-d95bd213a6,22,72.77201000000002,45.42253099999999,9.80274700000001,2.4128600000000002,16.463807999999993,18.661971,35.964791999999974,52.53572199999999,62.80426099999994,0.0,22.541802999999994,2.9751609999999995,38.41950299999998,386.671630859375,1033.23388671875,377.796986,380.772147,5.642126088157681e-14,74.101946,179.2764499999999,54.626762999999976,201.500719,36.11501257223803,36.77502808315041,27.109959344611557
/cephfs/shared/impact/LLM_models/Mistral-7B-v0.1,W8A8,2048,measured,passed,f14320a61590e30304593a87ece9b4334cc5aba1e048bc3de5d629e299f7ea48,484c19789eb884af8fa0f76a63b2bbfbfedf64037d91bc8eae4845ab4ac89b7c,20261004T082658Z-d95bd213a6,23,72.78072899999997,45.42447800000001,9.801396000000022,2.414137,16.460497000000007,18.657107,35.956498,52.53398600000002,62.79754099999991,0.0,22.555407999999975,2.9742359999999985,38.42353599999998,386.2134094238281,1051.3919677734375,377.805017,380.779674,5.642913029347586e-14,74.10050800000003,179.28470699999988,54.61360500000001,201.494842,36.1203930967126,36.77538703447309,27.10421986881431
/cephfs/shared/impact/LLM_models/Mistral-7B-v0.1,W8A8,2048,measured,passed,f14320a61590e30304593a87ece9b4334cc5aba1e048bc3de5d629e299f7ea48,484c19789eb884af8fa0f76a63b2bbfbfedf64037d91bc8eae4845ab4ac89b7c,20261004T082658Z-d95bd213a6,24,72.77146900000001,45.42313200000001,9.800967000000018,2.413372,16.45425,18.653842000000004,35.962385,52.52828700000004,62.79672099999987,0.0,22.551231999999967,2.9730809999999996,38.42184099999999,385.69085693359375,1035.6163330078125,377.774626,380.744652,5.643783008801541e-14,74.09172100000002,179.27116199999986,54.616227,201.47941700000004,36.11856242367427,36.77384127034674,27.10759630597898
/cephfs/shared/impact/LLM_models/Mistral-7B-v0.1,W8A8,2048,measured,passed,f14320a61590e30304593a87ece9b4334cc5aba1e048bc3de5d629e299f7ea48,484c19789eb884af8fa0f76a63b2bbfbfedf64037d91bc8eae4845ab4ac89b7c,20261004T082658Z-d95bd213a6,25,72.79777199999997,45.42467599999999,9.799951000000021,2.4152270000000007,16.464598,18.655085999999997,35.955032,52.53028799999996,62.79163200000001,0.0,22.549400999999982,2.9744409999999992,38.423905000000026,386.2878723144531,1029.156005859375,377.79039299999994,380.762946,2.8209413004672346e-14,74.10445200000001,179.26966699999997,54.610118,201.512342,36.125713828485985,36.77415053813429,27.10013563337972
/cephfs/shared/impact/LLM_models/Mistral-7B-v0.1,W8A8,2048,measured,passed,f14320a61590e30304593a87ece9b4334cc5aba1e048bc3de5d629e299f7ea48,484c19789eb884af8fa0f76a63b2bbfbfedf64037d91bc8eae4845ab4ac89b7c,20261004T082658Z-d95bd213a6,26,72.783027,45.42534800000001,9.804071000000011,2.4153569999999993,16.460831999999986,18.660688000000004,35.966062,52.523254999999864,62.798845000000085,0.0,22.55993100000001,2.974695999999999,38.42066199999998,386.28985595703125,1072.457275390625,377.81964300000004,380.795614,1.4103035947654487e-14,74.105608,179.27738899999994,54.62675,201.51538500000004,36.11785124991821,36.77416888045545,27.107979869626327
/cephfs/shared/impact/LLM_models/Mistral-7B-v0.1,W8A8,2048,measured,passed,f14320a61590e30304593a87ece9b4334cc5aba1e048bc3de5d629e299f7ea48,484c19789eb884af8fa0f76a63b2bbfbfedf64037d91bc8eae4845ab4ac89b7c,20261004T082658Z-d95bd213a6,27,72.75885600000007,45.424259,9.79560700000001,2.4137589999999998,16.454101000000012,18.654550000000004,35.96255999999999,52.52089999999999,62.79313099999994,0.0,22.54962999999997,2.9697580000000023,38.423365,386.71527099609375,1017.6614379882812,377.767152,380.736549,1.4106458038647441e-14,74.08772600000002,179.2567839999999,54.61711,201.46369200000007,36.11512093206355,36.774728619586696,27.110150448349764
/cephfs/shared/impact/LLM_models/Mistral-7B-v0.1,W8A8,2048,measured,passed,f14320a61590e30304593a87ece9b4334cc5aba1e048bc3de5d629e299f7ea48,484c19789eb884af8fa0f76a63b2bbfbfedf64037d91bc8eae4845ab4ac89b7c,20261004T082658Z-d95bd213a6,28,72.77589199999996,45.423927,9.800475000000006,2.41417,16.45413799999999,18.659063999999997,35.957995999999994,52.52280599999996,62.79043999999997,0.0,22.562205999999957,2.9725240000000017,38.420326,386.42205810546875,1043.734375,377.79614799999996,380.76867200000004,4.232072431172232e-14,74.09271,179.2683019999999,54.617059999999995,201.48566199999993,36.11963813087603,36.77319232770023,27.107169541423755
/cephfs/shared/impact/LLM_models/Mistral-7B-v0.1,W8A8,2048,measured,passed,f14320a61590e30304593a87ece9b4334cc5aba1e048bc3de5d629e299f7ea48,484c19789eb884af8fa0f76a63b2bbfbfedf64037d91bc8eae4845ab4ac89b7c,20261004T082658Z-d95bd213a6,29,72.77675699999998,45.418938999999995,9.801344000000011,2.414235,16.45228199999999,18.652915,35.95503100000001,52.52091799999995,62.78467500000002,0.0,22.57482700000001,2.9697009999999997,38.418535000000006,386.392333984375,1060.2327880859375,377.78253900000004,380.75224,5.6425536976513656e-14,74.0868,179.268656,54.60794600000001,201.47150299999998,36.12260588535937,36.77284325416483,27.104550860475797
/cephfs/shared/impact/LLM_models/Mistral-7B-v0.1,W8A8,2048,measured,passed,f14320a61590e30304593a87ece9b4334cc5aba1e048bc3de5d629e299f7ea48,484c19789eb884af8fa0f76a63b2bbfbfedf64037d91bc8eae4845ab4ac89b7c,20261004T082658Z-d95bd213a6,30,72.75698999999997,45.42345300000001,9.80077100000001,2.413754,16.45518,18.648365,35.95498100000001,52.52897400000001,62.79043999999997,0.0,22.554920999999982,2.971339000000001,38.422064999999975,386.31695556640625,1045.131591796875,377.751413,380.722097,2.8218811799648696e-14,74.09315800000002,179.26773899999995,54.60334600000001,201.453494,36.11602288714832,36.77928663773884,27.104690475112836
/cephfs/shared/impact/LLM_models/Mistral-7B-v0.1,W8A8,2048,measured,passed,f14320a61590e30304593a87ece9b4334cc5aba1e048bc3de5d629e299f7ea48,484c19789eb884af8fa0f76a63b2bbfbfedf64037d91bc8eae4845ab4ac89b7c,20261004T082658Z-d95bd213a6,31,72.74923100000001,45.424064,9.80216800000002,2.4146829999999992,16.461929,18.651508000000007,35.964510999999995,52.527271000000034,62.79733699999997,0.0,22.56032399999999,2.973550999999998,38.423243999999954,385.959228515625,1034.962158203125,377.78822199999996,380.76146600000004,2.8214228623450865e-14,74.10284400000002,179.28172699999996,54.616019,201.468094,36.10955439921917,36.78142902369445,27.109016577086393
/cephfs/shared/impact/LLM_models/Mistral-7B-v0.1,W8A8,4096,measured,passed,f14320a61590e30304593a87ece9b4334cc5aba1e048bc3de5d629e299f7ea48,484c19789eb884af8fa0f76a63b2bbfbfedf64037d91bc8eae4845ab4ac89b7c,20261004T082658Z-d95bd213a6,0,144.58843899999997,116.62195999999999,18.16741100000001,4.822965999999999,31.697136000000018,70.79637699999996,139.84187300000005,104.76959400000007,124.90888999999976,0.0,42.237172000000015,6.195010000000004,120.32708700000002,927.780029296875,1032.4365234375,918.7789049999999,924.973915,2.1553061269363575e-14,171.30947300000003,398.4377529999999,210.63825000000003,526.5361620000001,27.460305565869174,32.53517713755812,40.004517296572686
/cephfs/shared/impact/LLM_models/Mistral-7B-v0.1,W8A8,4096,measured,passed,f14320a61590e30304593a87ece9b4334cc5aba1e048bc3de5d629e299f7ea48,484c19789eb884af8fa0f76a63b2bbfbfedf64037d91bc8eae4845ab4ac89b7c,20261004T082658Z-d95bd213a6,1,144.56487100000004,116.39899900000002,18.157488999999998,4.811992000000001,31.688149,70.77497699999999,139.77655699999997,104.66052900000005,124.7253700000001,0.0,42.21397800000007,6.193224000000003,120.17089599999997,928.3079833984375,1055.6802978515625,917.9232730000001,924.1081439999999,2.1606359576689376e-14,171.05662900000002,397.9639970000002,210.55153399999995,526.173034,27.4747776222983,32.509577258191456,40.01564511951023
/cephfs/shared/impact/LLM_models/Mistral-7B-v0.1,W8A8,4096,measured,passed,f14320a61590e30304593a87ece9b4334cc5aba1e048bc3de5d629e299f7ea48,484c19789eb884af8fa0f76a63b2bbfbfedf64037d91bc8eae4845ab4ac89b7c,20261004T082658Z-d95bd213a6,2,144.94458600000002,116.95785999999998,18.205147999999987,4.828792999999998,31.753861000000022,70.93287300000003,140.05700700000003,104.8169560000001,125.03792599999997,0.0,42.214004000000045,6.202086000000001,120.56239,929.4845581054688,1036.3968505859375,920.402441,926.604527,4.308575484500826e-14,171.74566199999998,398.83336200000014,210.98988000000006,527.6801280000001,27.46826691188189,32.5473052492892,39.984427838828914
/cephfs/shared/impact/LLM_models/Mistral-7B-v0.1,W8A8,4096,measured,passed,f14320a61590e30304593a87ece9b4334cc5aba1e048bc3de5d629e299f7ea48,484c19789eb884af8fa0f76a63b2bbfbfedf64037d91bc8eae4845ab4ac89b7c,20261004T082658Z-d95bd213a6,3,145.14830500000005,117.07475799999999,18.234837999999996,4.832036999999999,31.752459000000012,70.98851600000002,140.11670100000006,104.81642499999991,125.09278899999995,0.0,42.244831000000026,6.204493999999998,120.62303799999991,930.9754028320312,1041.484130859375,920.9290169999999,927.1335110000001,2.1525404036789148e-14,171.894092,398.9815769999998,211.1052170000001,528.1476140000002,27.48252593639474,32.54660012532025,39.97087393828499
/cephfs/shared/impact/LLM_models/Mistral-7B-v0.1,W8A8,4096,measured,passed,f14320a61590e30304593a87ece9b4334cc5aba1e048bc3de5d629e299f7ea48,484c19789eb884af8fa0f76a63b2bbfbfedf64037d91bc8eae4845ab4ac89b7c,20261004T082658Z-d95bd213a6,4,145.33814499999997,116.91920599999996,18.220976999999998,4.8284460000000005,31.733306000000024,71.00490099999998,140.00227099999992,104.79122799999989,125.00397599999988,0.0,42.20069400000002,6.196111999999997,120.49819799999995,931.8533325195312,1046.175048828125,920.5413479999999,926.7374599999999,0.0,171.701935,398.69020799999976,211.0071719999999,528.0472519999998,27.523700663061117,32.516395900115405,39.95990343682349
/cephfs/shared/impact/LLM_models/Mistral-7B-v0.1,W8A8,4096,measured,passed,f14320a61590e30304593a87ece9b4334cc5aba1e048bc3de5d629e299f7ea48,484c19789eb884af8fa0f76a63b2bbfbfedf64037d91bc8eae4845ab4ac89b7c,20261004T082658Z-d95bd213a6,5,145.36285500000008,116.705183,18.21760999999999,4.819131,31.72774900000001,70.87142200000001,139.965189,104.72863600000002,124.88410999999998,0.0,42.21171699999992,6.200674999999994,120.37157799999999,933.1400756835938,1062.9404296875,919.892871,926.093546,2.154509887333321e-14,171.469673,398.3967159999999,210.836611,527.6691390000001,27.5481062385951,32.49567964595329,39.95621411545161
/cephfs/shared/impact/LLM_models/Mistral-7B-v0.1,W8A8,4096,measured,passed,f14320a61590e30304593a87ece9b4334cc5aba1e048bc3de5d629e299f7ea48,484c19789eb884af8fa0f76a63b2bbfbfedf64037d91bc8eae4845ab4ac89b7c,20261004T082658Z-d95bd213a6,6,145.200103,116.43134599999998,18.202881999999992,4.810074999999999,31.667095999999987,70.74857800000001,139.80457699999997,104.66074599999997,124.675206,0.0,42.206154000000055,6.1854159999999965,120.10364500000006,932.7030639648438,1069.8232421875,918.5516389999999,924.737055,2.1578257438671248e-14,171.11139899999995,397.8311670000001,210.55315499999998,526.864657,27.559279422305227,32.47729691612242,39.96342366157234
/cephfs/shared/impact/LLM_models/Mistral-7B-v0.1,W8A8,4096,measured,passed,f14320a61590e30304593a87ece9b4334cc5aba1e048bc3de5d629e299f7ea48,484c19789eb884af8fa0f76a63b2bbfbfedf64037d91bc8eae4845ab4ac89b7c,20261004T082658Z-d95bd213a6,7,145.71678400000005,117.21492499999998,18.28644999999998,4.837744999999999,31.77450400000001,71.180853,140.204196,104.9246270000001,125.24755600000002,0.0,42.23533999999998,6.213586999999999,120.77191099999997,933.6892700195312,1042.779541015625,922.394891,928.608478,2.1482146112299978e-14,172.11362399999996,399.3930210000001,211.38504899999998,529.215457,27.534491306439683,32.52241062188022,39.94309807168009
/cephfs/shared/impact/LLM_models/Mistral-7B-v0.1,W8A8,4096,measured,passed,f14320a61590e30304593a87ece9b4334cc5aba1e048bc3de5d629e299f7ea48,484c19789eb884af8fa0f76a63b2bbfbfedf64037d91bc8eae4845ab4ac89b7c,20261004T082658Z-d95bd213a6,8,145.75912699999998,117.583677,18.305456000000003,4.843188,31.80983399999998,71.29263199999995,140.350739,104.949281,125.31306300000003,0.0,42.199505000000045,6.212076999999992,120.97329399999985,934.4932250976562,1047.0831298828125,923.3987269999999,929.613589,4.2849134086977336e-14,172.54215499999998,399.6472199999999,211.64337099999995,529.9446529999999,27.504594333552035,32.55852361623885,39.936882050209114
/cephfs/shared/impact/LLM_models/Mistral-7B-v0.1,W8A8,4096,measured,passed,f14320a61590e30304593a87ece9b4334cc5aba1e048bc3de5d629e299f7ea48,484c19789eb884af8fa0f76a63b2bbfbfedf64037d91bc8eae4845ab4ac89b7c,20261004T082658Z-d95bd213a6,9,145.76506300000003,117.30712900000003,18.278559000000005,4.830669999999998,31.805822000000017,71.111976,140.27643299999997,104.87001199999999,125.20351200000007,0.0,42.19514200000006,6.211958999999993,120.74045599999991,934.6585693359375,1058.3321533203125,922.384774,928.596733,4.305416663680843e-14,172.22218000000004,399.221081,211.38840899999997,529.375652,27.535279049819245,32.53307539727952,39.931645552901244
/cephfs/shared/impact/LLM_models/Mistral-7B-v0.1,W8A8,4096,measured,passed,f14320a61590e30304593a87ece9b4334cc5aba1e048bc3de5d629e299f7ea48,484c19789eb884af8fa0f76a63b2bbfbfedf64037d91bc8eae4845ab4ac89b7c,20261004T082658Z-d95bd213a6,10,145.957045,117.91200500000001,18.301968999999996,4.849766999999999,31.84304399999996,71.306434,140.50275,105.007106,125.46396999999993,0.0,42.16904300000003,6.219489999999995,121.205732,935.2280883789062,1042.7945556640625,924.5188649999999,930.738355,0.0,172.90678499999996,400.06534099999993,211.809184,530.673014,27.504139300363974,32.58254715021178,39.91331354942424
/cephfs/shared/impact/LLM_models/Mistral-7B-v0.1,W8A8,4096,measured,passed,f14320a61590e30304593a87ece9b4334cc5aba1e048bc3de5d629e299f7ea48,484c19789eb884af8fa0f76a63b2bbfbfedf64037d91bc8eae4845ab4ac89b7c,20261004T082658Z-d95bd213a6,11,146.15783999999996,118.00774599999998,18.357931999999998,4.856549,31.894640999999986,71.44527700000003,140.5848089999999,105.09835799999996,125.59372500000008,0.0,42.15701399999997,6.224645,121.28429000000014,934.844482421875,1041.929931640625,925.463789,931.688434,4.291178876815214e-14,173.11686799999995,400.35803200000015,212.03008599999993,531.3047939999999,27.509226653053688,32.583343864952965,39.90742948199334
/cephfs/shared/impact/LLM_models/Mistral-7B-v0.1,W8A8,4096,measured,passed,f14320a61590e30304593a87ece9b4334cc5aba1e048bc3de5d629e299f7ea48,484c19789eb884af8fa0f76a63b2bbfbfedf64037d91bc8eae4845ab4ac89b7c,20261004T082658Z-d95bd213a6,12,146.14067599999998,118.07612800000001,18.375622999999987,4.84941,31.875003999999997,71.42499300000003,140.631339,105.07596899999999,125.55996000000003,0.0,42.16930000000001,6.222574999999993,121.31922300000001,935.5245971679688,1042.6422119140625,925.4976250000001,931.7202,2.1558728733505267e-14,173.176165,400.347027,212.05633200000003,531.373173,27.50245654573156,32.59031012467015,39.9072333295983
/cephfs/shared/impact/LLM_models/Mistral-7B-v0.1,W8A8,4096,measured,passed,f14320a61590e30304593a87ece9b4334cc5aba1e048bc3de5d629e299f7ea48,484c19789eb884af8fa0f76a63b2bbfbfedf64037d91bc8eae4845ab4ac89b7c,20261004T082658Z-d95bd213a6,13,146.00551000000002,117.90094300000003,18.339005999999994,4.849373,31.837312999999988,71.39707600000001,140.505172,104.94248299999998,125.42018499999996,0.0,42.14701500000005,6.220054999999996,121.21178400000001,934.9006958007812,1125.088134765625,924.5436640000001,930.763719,0.0,172.926635,399.941522,211.902248,530.834393,27.504907731176342,32.57638112382067,39.918711145002995
/cephfs/shared/impact/LLM_models/Mistral-7B-v0.1,W8A8,4096,measured,passed,f14320a61590e30304593a87ece9b4334cc5aba1e048bc3de5d629e299f7ea48,484c19789eb884af8fa0f76a63b2bbfbfedf64037d91bc8eae4845ab4ac89b7c,20261004T082658Z-d95bd213a6,14,146.24462000000005,117.70990899999998,18.368968000000002,4.8511950000000015,31.841052999999995,71.514748,140.416012,105.05762999999983,125.4731360000001,0.0,42.19044299999996,6.228592999999998,121.09060999999996,936.2557983398438,1055.44091796875,924.7583240000001,930.9869170000001,2.158222779334168e-14,172.77112499999998,400.04041199999983,211.93076,530.946505,27.544134601658232,32.54021325557082,39.91565214277095
/cephfs/shared/impact/LLM_models/Mistral-7B-v0.1,W8A8,4096,measured,passed,f14320a61590e30304593a87ece9b4334cc5aba1e048bc3de5d629e299f7ea48,484c19789eb884af8fa0f76a63b2bbfbfedf64037d91bc8eae4845ab4ac89b7c,20261004T082658Z-d95bd213a6,15,145.96796400000002,117.36708800000001,18.31438399999997,4.833172999999999,31.79361299999999,71.16642500000002,140.25866599999992,104.81926500000006,125.20639000000016,0.0,42.22109599999995,6.209311,120.7315540000001,935.9268188476562,1071.863525390625,922.637941,928.860544,0.0,172.30825799999997,399.1876160000003,211.42509099999995,529.7013129999999,27.556655121978157,32.52932431375717,39.914020564264675
/cephfs/shared/impact/LLM_models/Mistral-7B-v0.1,W8A8,4096,measured,passed,f14320a61590e30304593a87ece9b4334cc5aba1e048bc3de5d629e299f7ea48,484c19789eb884af8fa0f76a63b2bbfbfedf64037d91bc8eae4845ab4ac89b7c,20261004T082658Z-d95bd213a6,16,146.00258000000002,117.68639300000002,18.330429999999993,4.840367,31.80274199999999,71.28453,140.44132599999995,104.93835299999989,125.31502900000005,0.0,42.13941600000001,6.226452999999999,120.976649,936.2988891601562,1059.3140869140625,923.757815,929.984268,2.1501678305083348e-14,172.659932,399.5959,211.72585599999996,530.3883679999999,27.527485293568894,32.55349144459368,39.91902326183745
/cephfs/shared/impact/LLM_models/Mistral-7B-v0.1,W8A8,4096,measured,passed,f14320a61590e30304593a87ece9b4334cc5aba1e048bc3de5d629e299f7ea48,484c19789eb884af8fa0f76a63b2bbfbfedf64037d91bc8eae4845ab4ac89b7c,20261004T082658Z-d95bd213a6,17,146.25037799999996,117.85281700000002,18.340795000000004,4.852303,31.854944,71.438713,140.539604,105.04179599999992,125.4884730000001,0.0,42.170288999999975,6.218087999999994,121.18243899999993,935.9735717773438,1068.51318359375,925.280787,931.5169109999999,2.1392916688162305e-14,172.90085900000003,400.1010849999999,211.978317,531.129554,27.535725869248083,32.55342462076589,39.910849509986036
/cephfs/shared/impact/LLM_models/Mistral-7B-v0.1,W8A8,4096,measured,passed,f14320a61590e30304593a87ece9b4334cc5aba1e048bc3de5d629e299f7ea48,484c19789eb884af8fa0f76a63b2bbfbfedf64037d91bc8eae4845ab4ac89b7c,20261004T082658Z-d95bd213a6,18,146.35787999999997,118.206803,18.36216800000001,4.855467999999998,31.876659000000007,71.538969,140.69910099999998,105.09631699999998,125.61324999999991,0.0,42.13215900000005,6.235001999999994,121.40008900000002,938.1673583984375,1057.3656005859375,926.1388629999999,932.373865,2.141609319394958e-14,173.30109800000002,400.476817,212.23807,531.897048,27.5162046020605,32.5816995321997,39.90209586573979
/cephfs/shared/impact/LLM_models/Mistral-7B-v0.1,W8A8,4096,measured,passed,f14320a61590e30304593a87ece9b4334cc5aba1e048bc3de5d629e299f7ea48,484c19789eb884af8fa0f76a63b2bbfbfedf64037d91bc8eae4845ab4ac89b7c,20261004T082658Z-d95bd213a6,19,146.37577100000004,118.074646,18.36194899999998,4.849384,31.857303000000012,71.448333,140.651762,105.05941500000002,125.53997100000001,0.0,42.14935699999999,6.233219999999998,121.25870800000003,937.9490966796875,1068.84765625,925.626599,931.859819,0.0,173.143282,400.240671,212.100095,531.619148,27.533953874814166,32.56904546259872,39.897000662587125
/cephfs/shared/impact/LLM_models/Mistral-7B-v0.1,W8A8,4096,measured,passed,f14320a61590e30304593a87ece9b4334cc5aba1e048bc3de5d629e299f7ea48,484c19789eb884af8fa0f76a63b2bbfbfedf64037d91bc8eae4845ab4ac89b7c,20261004T082658Z-d95bd213a6,20,146.80437699999987,118.783576,18.44558300000001,4.873189,31.985737999999994,71.775731,141.00003600000002,105.28880300000006,126.01390099999992,0.0,42.14570899999992,6.242066999999999,121.87188599999992,938.6751708984375,1035.5999755859375,929.0323309999999,935.274398,4.2585680930684206e-14,174.088086,401.5623659999998,212.77576700000003,533.66823,27.508547211064048,32.62103235937429,39.87042042956165
/cephfs/shared/impact/LLM_models/Mistral-7B-v0.1,W8A8,4096,measured,passed,f14320a61590e30304593a87ece9b4334cc5aba1e048bc3de5d629e299f7ea48,484c19789eb884af8fa0f76a63b2bbfbfedf64037d91bc8eae4845ab4ac89b7c,20261004T082658Z-d95bd213a6,21,146.81621700000002,118.75115200000003,18.443957000000008,4.871876999999999,31.97010300000001,71.790778,141.00082499999996,105.28720500000007,125.9686950000001,0.0,42.13271799999998,6.245128999999998,121.80489300000002,939.2570190429688,1036.9368896484375,928.83842,935.083549,0.0,174.03708900000004,401.4386400000002,212.79160299999995,533.6449090000001,27.5119680753855,32.61290158771102,39.87513033690347
/cephfs/shared/impact/LLM_models/Mistral-7B-v0.1,W8A8,4096,measured,passed,f14320a61590e30304593a87ece9b4334cc5aba1e048bc3de5d629e299f7ea48,484c19789eb884af8fa0f76a63b2bbfbfedf64037d91bc8eae4845ab4ac89b7c,20261004T082658Z-d95bd213a6,22,146.84891599999997,118.82889299999997,18.463640000000023,4.875103,31.97481100000003,71.78603000000003,140.97499900000005,105.32245000000002,126.04660200000002,0.0,42.152114000000005,6.253300999999997,121.88463200000007,939.2010498046875,1035.6263427734375,929.094763,935.3566999999999,4.255097162034408e-14,174.14244700000003,401.6590990000001,212.76102900000006,533.7523920000001,27.512554173246674,32.62607336474475,39.86137246200857
/cephfs/shared/impact/LLM_models/Mistral-7B-v0.1,W8A8,4096,measured,passed,f14320a61590e30304593a87ece9b4334cc5aba1e048bc3de5d629e299f7ea48,484c19789eb884af8fa0f76a63b2bbfbfedf64037d91bc8eae4845ab4ac89b7c,20261004T082658Z-d95bd213a6,23,146.86511099999984,118.806345,18.46049200000001,4.8749400000000005,31.98530000000001,71.83249899999997,140.96726499999997,105.30530299999994,126.05647200000007,0.0,42.11057799999994,6.255207000000002,121.86439900000013,938.721923828125,1034.53759765625,929.1080880000001,935.3715559999999,4.260076935427875e-14,174.127077,401.5919590000001,212.79976399999993,533.7919519999998,27.513549136462046,32.62077600600469,39.86567485753326
/cephfs/shared/impact/LLM_models/Mistral-7B-v0.1,W8A8,4096,measured,passed,f14320a61590e30304593a87ece9b4334cc5aba1e048bc3de5d629e299f7ea48,484c19789eb884af8fa0f76a63b2bbfbfedf64037d91bc8eae4845ab4ac89b7c,20261004T082658Z-d95bd213a6,24,146.58709300000007,118.402975,18.394875,4.8621,31.93772200000003,71.52221000000002,140.75904099999997,105.15222299999994,125.7477499999999,0.0,42.18180900000005,6.242561999999999,121.54983600000004,939.3402709960938,1055.747314453125,927.1141540000001,933.356716,4.294976196215113e-14,173.59767200000002,400.8741799999999,212.281251,532.4660160000001,27.529849529401712,32.60258247166708,39.867567998931214
/cephfs/shared/impact/LLM_models/Mistral-7B-v0.1,W8A8,4096,measured,passed,f14320a61590e30304593a87ece9b4334cc5aba1e048bc3de5d629e299f7ea48,484c19789eb884af8fa0f76a63b2bbfbfedf64037d91bc8eae4845ab4ac89b7c,20261004T082658Z-d95bd213a6,25,146.83651300000002,118.700645,18.442006999999986,4.877783000000001,31.954111000000005,71.75140100000002,140.903731,105.29466099999982,126.00299700000004,0.0,42.09055799999998,6.248704999999998,121.81614899999995,938.9869384765625,1036.309326171875,928.667712,934.916417,2.145468107127031e-14,173.97454599999998,401.4530699999998,212.655132,533.466191,27.524989488977763,32.61210343506099,39.86290707596126
/cephfs/shared/impact/LLM_models/Mistral-7B-v0.1,W8A8,4096,measured,passed,f14320a61590e30304593a87ece9b4334cc5aba1e048bc3de5d629e299f7ea48,484c19789eb884af8fa0f76a63b2bbfbfedf64037d91bc8eae4845ab4ac89b7c,20261004T082658Z-d95bd213a6,26,146.630475,118.094522,18.413701000000003,4.858092000000001,31.918462999999974,71.61765699999998,140.61456400000006,105.16034399999997,125.67987200000009,0.0,42.18197099999999,6.237844999999995,121.379721,939.3602294921875,1061.515380859375,926.549382,932.7872269999999,4.261268535452106e-14,173.284778,400.63975300000004,212.23222100000004,532.1474740000001,27.554481072290116,32.56329992463704,39.88221900307282
/cephfs/shared/impact/LLM_models/Mistral-7B-v0.1,W8A8,4096,measured,passed,f14320a61590e30304593a87ece9b4334cc5aba1e048bc3de5d629e299f7ea48,484c19789eb884af8fa0f76a63b2bbfbfedf64037d91bc8eae4845ab4ac89b7c,20261004T082658Z-d95bd213a6,27,146.46268899999993,118.27372699999998,18.389117000000006,4.851465999999999,31.883221,71.62794499999997,140.79642900000007,105.07443399999994,125.58585299999999,0.0,42.15973200000007,6.234811999999998,121.38114000000006,938.6024780273438,1070.69384765625,926.5788709999999,932.802967,0.0,173.397531,400.43597100000005,212.42437400000006,532.284594,27.515860998223808,32.576094246304635,39.90804475547156
/cephfs/shared/impact/LLM_models/Mistral-7B-v0.1,W8A8,4096,measured,passed,f14320a61590e30304593a87ece9b4334cc5aba1e048bc3de5d629e299f7ea48,484c19789eb884af8fa0f76a63b2bbfbfedf64037d91bc8eae4845ab4ac89b7c,20261004T082658Z-d95bd213a6,28,146.9329680000001,118.80740699999998,18.474084999999995,4.878411000000001,32.01066199999999,71.84834300000003,140.90357299999997,105.30263800000003,126.02402600000009,0.0,42.10412999999997,6.254713999999996,121.906023,939.40234375,1046.9193115234375,929.1913300000001,935.446044,4.2590869095583985e-14,174.17056499999998,401.5915310000001,212.751916,533.8554490000001,27.52298740702749,32.625042101986665,39.85197049098584
/cephfs/shared/impact/LLM_models/Mistral-7B-v0.1,W8A8,4096,measured,passed,f14320a61590e30304593a87ece9b4334cc5aba1e048bc3de5d629e299f7ea48,484c19789eb884af8fa0f76a63b2bbfbfedf64037d91bc8eae4845ab4ac89b7c,20261004T082658Z-d95bd213a6,29,146.75786800000012,118.676728,18.416823999999995,4.871051999999999,31.95948599999999,71.685691,140.88528999999997,105.20909099999993,125.94457800000018,0.0,42.083976999999926,6.246806000000003,121.78540700000006,938.9412841796875,1042.4478759765625,928.3174710000002,934.557101,4.2720149904743895e-14,173.92408999999998,401.2698590000001,212.57098099999996,533.2529390000001,27.521248785841212,32.61568334272227,39.863067871436506
/cephfs/shared/impact/LLM_models/Mistral-7B-v0.1,W8A8,4096,measured,passed,f14320a61590e30304593a87ece9b4334cc5aba1e048bc3de5d629e299f7ea48,484c19789eb884af8fa0f76a63b2bbfbfedf64037d91bc8eae4845ab4ac89b7c,20261004T082658Z-d95bd213a6,30,146.884271,118.74757400000001,18.439160000000005,4.8794889999999995,31.983124000000004,71.778317,140.913436,105.31301699999989,126.08312000000008,0.0,42.104074000000054,6.256657999999996,121.88940200000003,938.3914794921875,1034.277099609375,929.0568480000001,935.315259,4.2573605369780067e-14,174.049347,401.64627100000007,212.691753,533.6253710000001,27.525728532124084,32.616392783918066,39.85787868395785
/cephfs/shared/impact/LLM_models/Mistral-7B-v0.1,W8A8,4096,measured,passed,f14320a61590e30304593a87ece9b4334cc5aba1e048bc3de5d629e299f7ea48,484c19789eb884af8fa0f76a63b2bbfbfedf64037d91bc8eae4845ab4ac89b7c,20261004T082658Z-d95bd213a6,31,146.77524000000003,118.81583499999999,18.431153,4.874883999999999,31.980027999999976,71.698286,140.9448159999999,105.27636699999994,126.02269900000006,0.0,42.098930000000045,6.246472999999999,121.88964000000007,938.6309814453125,1042.496826171875,928.9070990000001,935.154025,2.1305416084230003e-14,174.10189999999997,401.5341090000001,212.64310199999989,533.5202419999998,27.510716266319296,32.63267000842304,39.856613725257674
/cephfs/shared/impact/LLM_models/Mistral-7B-v0.1,W8A8,512,measured,passed,f14320a61590e30304593a87ece9b4334cc5aba1e048bc3de5d629e299f7ea48,484c19789eb884af8fa0f76a63b2bbfbfedf64037d91bc8eae4845ab4ac89b7c,20261004T082658Z-d95bd213a6,0,22.539554999999993,1.2094889999999998,3.734515000000002,0.6478200000000002,4.224640000000011,1.514127,3.349311000000002,11.736404000000023,16.788926999999997,0.0,6.820507999999944,1.028229,6.442589000000005,105.7448959350586,1030.1396484375,78.993606,80.020463,1.1420929193454696e-13,9.816464000000012,42.81665699999997,4.863438000000002,37.219457000000006,60.55852722408065,26.37454920419718,13.06692357172218
/cephfs/shared/impact/LLM_models/Mistral-7B-v0.1,W8A8,512,measured,passed,f14320a61590e30304593a87ece9b4334cc5aba1e048bc3de5d629e299f7ea48,484c19789eb884af8fa0f76a63b2bbfbfedf64037d91bc8eae4845ab4ac89b7c,20261004T082658Z-d95bd213a6,1,22.568221000000005,1.2105779999999997,3.718819999999999,0.6498690000000001,4.232421999999999,1.515636,3.3460620000000025,11.759425999999985,16.80315200000001,0.0,6.819236999999955,1.0292259999999998,6.451920000000007,105.06979370117188,1031.3265380859375,79.08220599999999,80.11246700000001,0.01803801147829954,9.811688999999998,42.862960999999956,4.861698000000002,37.24160800000001,60.599480559486054,26.34604016024226,13.054479280271684
/cephfs/shared/impact/LLM_models/Mistral-7B-v0.1,W8A8,512,measured,passed,f14320a61590e30304593a87ece9b4334cc5aba1e048bc3de5d629e299f7ea48,484c19789eb884af8fa0f76a63b2bbfbfedf64037d91bc8eae4845ab4ac89b7c,20261004T082658Z-d95bd213a6,2,22.563166000000002,1.2095209999999996,3.738329000000002,0.6496090000000001,4.232364999999999,1.5156949999999993,3.3533170000000014,11.758172000000007,16.80976100000001,0.0,6.814508999999947,1.0277930000000002,6.4481580000000065,105.65792083740234,1043.3681640625,79.09175,80.120917,1.1447361333978538e-13,9.829824,42.85839299999997,4.869012000000001,37.262002,60.552747541584054,26.380289497059227,13.06696296135672
/cephfs/shared/impact/LLM_models/Mistral-7B-v0.1,W8A8,512,measured,passed,f14320a61590e30304593a87ece9b4334cc5aba1e048bc3de5d629e299f7ea48,484c19789eb884af8fa0f76a63b2bbfbfedf64037d91bc8eae4845ab4ac89b7c,20261004T082658Z-d95bd213a6,3,22.55017599999999,1.2097420000000003,3.7218330000000006,0.648998,4.234167000000004,1.5155079999999996,3.3533220000000012,11.761964000000006,16.808082000000013,0.0,6.819447999999946,1.02773,6.45221500000001,105.67737579345703,1062.204345703125,79.07204099999998,80.09931900000001,7.635579788112237e-14,9.814740000000004,42.86943899999997,4.868830000000001,37.233746,60.563812193379604,26.359797373060463,13.076390433559926
/cephfs/shared/impact/LLM_models/Mistral-7B-v0.1,W8A8,512,measured,passed,f14320a61590e30304593a87ece9b4334cc5aba1e048bc3de5d629e299f7ea48,484c19789eb884af8fa0f76a63b2bbfbfedf64037d91bc8eae4845ab4ac89b7c,20261004T082658Z-d95bd213a6,4,22.561573000000013,1.2113710000000002,3.7398900000000004,0.6490319999999998,4.231422000000007,1.5161480000000005,3.3538599999999996,11.758754,16.811555,0.0,6.819542999999958,1.0270879999999998,6.4506030000000045,104.67724609375,1027.3212890625,79.10073799999999,80.127016,7.628374965169514e-14,9.831715000000008,42.86754299999996,4.870008,37.26329600000002,60.54636981119438,26.38444811752563,13.069182071280002
/cephfs/shared/impact/LLM_models/Mistral-7B-v0.1,W8A8,512,measured,passed,f14320a61590e30304593a87ece9b4334cc5aba1e048bc3de5d629e299f7ea48,484c19789eb884af8fa0f76a63b2bbfbfedf64037d91bc8eae4845ab4ac89b7c,20261004T082658Z-d95bd213a6,5,22.520240000000015,1.209677,3.720816000000001,0.6502150000000001,4.234684000000003,1.516434,3.3477080000000012,11.759357999999983,16.80747200000004,0.0,6.819769999999946,1.0263769999999997,6.450986000000006,106.76195526123047,1058.0682373046875,79.034658,80.061712,0.0185602304048664,9.815392000000005,42.86396299999998,4.864142000000001,37.19977400000002,60.53864735844902,26.385622665341995,13.075729976208992
/cephfs/shared/impact/LLM_models/Mistral-7B-v0.1,W8A8,512,measured,passed,f14320a61590e30304593a87ece9b4334cc5aba1e048bc3de5d629e299f7ea48,484c19789eb884af8fa0f76a63b2bbfbfedf64037d91bc8eae4845ab4ac89b7c,20261004T082658Z-d95bd213a6,6,22.536932000000004,1.2118580000000003,3.737101000000002,0.6489309999999999,4.2329460000000045,1.5163060000000008,3.3529030000000013,11.758075000000005,16.803793000000017,0.0,6.818585999999954,1.0275009999999996,6.44737200000001,105.54061126708984,1030.90234375,79.064558,80.091352,5.725539048044494e-14,9.830836000000007,42.85532699999999,4.869209000000002,37.23697700000002,60.522990359824306,26.40073602107927,13.076273619096416
/cephfs/shared/impact/LLM_models/Mistral-7B-v0.1,W8A8,512,measured,passed,f14320a61590e30304593a87ece9b4334cc5aba1e048bc3de5d629e299f7ea48,484c19789eb884af8fa0f76a63b2bbfbfedf64037d91bc8eae4845ab4ac89b7c,20261004T082658Z-d95bd213a6,7,22.488640999999998,1.2071800000000001,3.7164980000000023,0.646217,4.221525000000003,1.5130450000000002,3.3489730000000026,11.73895100000001,16.78263400000001,0.0,6.813833999999949,1.02657,6.437013000000013,105.1391372680664,1018.0685424804688,78.90507699999999,79.930219,5.739972474778894e-14,9.791420000000006,42.79900199999998,4.862018000000003,37.14207900000001,60.54760962626781,26.362067669933076,13.09032270379911
/cephfs/shared/impact/LLM_models/Mistral-7B-v0.1,W8A8,512,measured,passed,f14320a61590e30304593a87ece9b4334cc5aba1e048bc3de5d629e299f7ea48,484c19789eb884af8fa0f76a63b2bbfbfedf64037d91bc8eae4845ab4ac89b7c,20261004T082658Z-d95bd213a6,8,22.469421,1.20786,3.7300050000000025,0.647691,4.22462600000001,1.5146729999999995,3.345509000000002,11.734309999999997,16.77977699999999,0.0,6.814705999999952,1.0252569999999999,6.438578000000006,106.69580841064453,1024.2291259765625,78.913962,79.938805,0.01800518149720876,9.810182000000014,42.792627999999944,4.860182000000002,37.13978500000002,60.4995990149108,26.41421322175131,13.086187763337886
/cephfs/shared/impact/LLM_models/Mistral-7B-v0.1,W8A8,512,measured,passed,f14320a61590e30304593a87ece9b4334cc5aba1e048bc3de5d629e299f7ea48,484c19789eb884af8fa0f76a63b2bbfbfedf64037d91bc8eae4845ab4ac89b7c,20261004T082658Z-d95bd213a6,9,22.436486000000013,1.2057390000000001,3.7121789999999963,0.647813,4.222381000000007,1.5139439999999995,3.3502439999999982,11.73922200000002,16.784107000000024,0.0,6.813207999999958,1.0249369999999993,6.437422000000011,106.08646392822266,1018.2606811523438,78.864116,79.889053,1.915704928547021e-14,9.788112000000003,42.79889600000001,4.864187999999998,37.08878600000001,60.4939886681651,26.39102827469198,13.114983057142924
/cephfs/shared/impact/LLM_models/Mistral-7B-v0.1,W8A8,512,measured,passed,f14320a61590e30304593a87ece9b4334cc5aba1e048bc3de5d629e299f7ea48,484c19789eb884af8fa0f76a63b2bbfbfedf64037d91bc8eae4845ab4ac89b7c,20261004T082658Z-d95bd213a6,10,22.456232,1.2066379999999999,3.7314749999999974,0.647013,4.222162000000005,1.5126609999999998,3.3439519999999994,11.740721000000006,16.776072000000024,0.0,6.814286999999948,1.0256399999999997,6.437035000000008,105.75308990478516,1016.7335205078125,78.895133,79.920773,0.01854220634693784,9.807288000000003,42.79375499999998,4.856612999999999,37.120132999999996,60.496097899218206,26.420401026041596,13.083501074740223
/cephfs/shared/impact/LLM_models/Mistral-7B-v0.1,W8A8,512,measured,passed,f14320a61590e30304593a87ece9b4334cc5aba1e048bc3de5d629e299f7ea48,484c19789eb884af8fa0f76a63b2bbfbfedf64037d91bc8eae4845ab4ac89b7c,20261004T082658Z-d95bd213a6,11,22.456378999999988,1.2070830000000001,3.711016999999999,0.647242,4.223059000000006,1.514867,3.3475270000000013,11.735011000000005,16.778904000000022,0.0,6.815688999999949,1.0257129999999999,6.438638000000011,105.87260437011719,1033.755859375,78.88484100000001,79.910554,1.3404072044273858e-13,9.788401000000006,42.79395499999999,4.862394000000001,37.10717399999999,60.51762120176544,26.37872935298174,13.10364944525283
/cephfs/shared/impact/LLM_models/Mistral-7B-v0.1,W8A8,512,measured,passed,f14320a61590e30304593a87ece9b4334cc5aba1e048bc3de5d629e299f7ea48,484c19789eb884af8fa0f76a63b2bbfbfedf64037d91bc8eae4845ab4ac89b7c,20261004T082658Z-d95bd213a6,12,22.454169999999994,1.2088780000000001,3.7306050000000033,0.647815,4.224604000000005,1.5127849999999994,3.3451880000000003,11.739903000000005,16.779984000000013,0.0,6.816037999999949,1.0256770000000004,6.435949000000008,105.13404846191406,1016.254150390625,78.88863699999999,79.91328600000001,7.655759731995566e-14,9.811902000000009,42.79755099999998,4.857972999999999,37.124045,60.484168683665786,26.430045540565445,13.085785775768773
/cephfs/shared/impact/LLM_models/Mistral-7B-v0.1,W8A8,512,measured,passed,f14320a61590e30304593a87ece9b4334cc5aba1e048bc3de5d629e299f7ea48,484c19789eb884af8fa0f76a63b2bbfbfedf64037d91bc8eae4845ab4ac89b7c,20261004T082658Z-d95bd213a6,13,22.454200999999994,1.212329,3.713027000000003,0.646405,4.225620000000009,1.5147099999999991,3.3504029999999996,11.734428000000014,16.77466000000002,0.0,6.816502999999959,1.025867,6.437162000000007,106.07459259033203,1019.558837890625,78.875161,79.90211599999999,1.9151574958828604e-14,9.797381000000012,42.78862,4.865112999999999,37.11669500000001,60.496229526901544,26.396156769884847,13.107613703213602
/cephfs/shared/impact/LLM_models/Mistral-7B-v0.1,W8A8,512,measured,passed,f14320a61590e30304593a87ece9b4334cc5aba1e048bc3de5d629e299f7ea48,484c19789eb884af8fa0f76a63b2bbfbfedf64037d91bc8eae4845ab4ac89b7c,20261004T082658Z-d95bd213a6,14,22.436756000000006,1.2074379999999998,3.731972000000001,0.64673,4.223306000000005,1.5123389999999997,3.3485220000000013,11.735768999999998,16.778878000000027,0.0,6.814007999999954,1.0250629999999996,6.435583000000013,106.33769226074219,1023.7425537109375,78.87270699999999,79.89777000000001,3.832875613702497e-14,9.809446000000007,42.789300999999995,4.860861000000001,37.10706300000001,60.464920115073504,26.43552253111491,13.099557353811589
/cephfs/shared/impact/LLM_models/Mistral-7B-v0.1,W8A8,512,measured,passed,f14320a61590e30304593a87ece9b4334cc5aba1e048bc3de5d629e299f7ea48,484c19789eb884af8fa0f76a63b2bbfbfedf64037d91bc8eae4845ab4ac89b7c,20261004T082658Z-d95bd213a6,15,22.445772999999996,1.206833,3.7130670000000023,0.646826,4.223749000000003,1.5129759999999999,3.349561000000002,11.737893000000017,16.778747999999997,0.0,6.814062999999942,1.025935,6.435867000000014,105.82048034667969,1047.6806640625,78.867456,79.89223799999999,1.3401062580452918e-13,9.790475000000006,42.79250599999997,4.862537000000001,37.09878500000001,60.502717272277216,26.390284749217543,13.106997978505227
/cephfs/shared/impact/LLM_models/Mistral-7B-v0.1,W8A8,512,measured,passed,f14320a61590e30304593a87ece9b4334cc5aba1e048bc3de5d629e299f7ea48,484c19789eb884af8fa0f76a63b2bbfbfedf64037d91bc8eae4845ab4ac89b7c,20261004T082658Z-d95bd213a6,16,22.441966999999998,1.2090659999999998,3.7294230000000015,0.646473,4.223395000000008,1.5119850000000001,3.3463070000000013,11.733343000000012,16.77802900000003,0.0,6.816134999999946,1.0255710000000002,6.438552000000006,105.70098876953125,1025.275390625,78.87907999999997,79.90414999999999,1.9160820965776735e-14,9.80835700000001,42.79162999999999,4.858292000000001,37.108616000000005,60.47643221186151,26.43148157290482,13.092086215233683
/cephfs/shared/impact/LLM_models/Mistral-7B-v0.1,W8A8,512,measured,passed,f14320a61590e30304593a87ece9b4334cc5aba1e048bc3de5d629e299f7ea48,484c19789eb884af8fa0f76a63b2bbfbfedf64037d91bc8eae4845ab4ac89b7c,20261004T082658Z-d95bd213a6,17,22.43956699999999,1.2091340000000004,3.7120390000000016,0.6468870000000001,4.221866000000011,1.515569,3.349344000000001,11.740677000000016,16.778051000000026,0.0,6.81483699999995,1.0254839999999994,6.437373000000006,105.91929626464844,1034.97607421875,78.87096799999999,79.895809,3.830996188402073e-14,9.789926000000014,42.796422,4.864913000000001,37.094406000000006,60.493129341389064,26.39192011862924,13.11495053998169
/cephfs/shared/impact/LLM_models/Mistral-7B-v0.1,W8A8,512,measured,passed,f14320a61590e30304593a87ece9b4334cc5aba1e048bc3de5d629e299f7ea48,484c19789eb884af8fa0f76a63b2bbfbfedf64037d91bc8eae4845ab4ac89b7c,20261004T082658Z-d95bd213a6,18,22.44951799999999,1.2067620000000003,3.7320940000000014,0.647782,4.223537000000002,1.5153439999999998,3.3506250000000017,11.743705999999998,16.782356999999998,0.0,6.8144279999999435,1.0237900000000004,6.435904000000007,107.7597427368164,1029.2779541015625,78.89050699999999,79.9142,1.1489293163310453e-13,9.810175000000005,42.80018499999995,4.8659690000000015,37.125662,60.46900389277905,26.424242616872405,13.106753490348542
/cephfs/shared/impact/LLM_models/Mistral-7B-v0.1,W8A8,512,measured,passed,f14320a61590e30304593a87ece9b4334cc5aba1e048bc3de5d629e299f7ea48,484c19789eb884af8fa0f76a63b2bbfbfedf64037d91bc8eae4845ab4ac89b7c,20261004T082658Z-d95bd213a6,19,22.477524000000006,1.209581,3.7206990000000033,0.6488690000000001,4.231867000000006,1.5166569999999997,3.3523890000000005,11.753508999999989,16.801007000000006,0.0,6.817969999999955,1.0273700000000008,6.447584000000007,105.56451416015625,1060.813720703125,78.97992699999999,80.00729700000001,7.648936705761805e-14,9.81101600000001,42.847439999999956,4.869046,37.15758600000001,60.4924227316597,26.403803519421327,13.103773748918993
/cephfs/shared/impact/LLM_models/Mistral-7B-v0.1,W8A8,512,measured,passed,f14320a61590e30304593a87ece9b4334cc5aba1e048bc3de5d629e299f7ea48,484c19789eb884af8fa0f76a63b2bbfbfedf64037d91bc8eae4845ab4ac89b7c,20261004T082658Z-d95bd213a6,20,22.458829000000005,1.210761,3.7358430000000005,0.6494149999999999,4.234322000000002,1.5170379999999997,3.3457019999999997,11.754004,16.80183700000002,0.0,6.81734699999995,1.0278220000000002,6.445029000000008,106.3419189453125,1045.0357666015625,78.975709,80.005277,0.018259309650646545,9.830341000000002,42.846038999999976,4.86274,37.15191000000001,60.45134422429426,26.459853611833147,13.088802163872593
/cephfs/shared/impact/LLM_models/Mistral-7B-v0.1,W8A8,512,measured,passed,f14320a61590e30304593a87ece9b4334cc5aba1e048bc3de5d629e299f7ea48,484c19789eb884af8fa0f76a63b2bbfbfedf64037d91bc8eae4845ab4ac89b7c,20261004T082658Z-d95bd213a6,21,22.473419999999994,1.211439,3.721394000000001,0.6489670000000002,4.232699000000006,1.5161769999999997,3.353220000000004,11.749196000000005,16.800075000000014,0.0,6.817362999999953,1.0277129999999999,6.447164000000007,105.11567687988281,1028.568115234375,78.972203,80.00152899999999,9.562572157549348e-14,9.814499000000007,42.841510999999976,4.869397000000004,37.15731600000001,60.481817362696454,26.41336903881864,13.104813598484894
/cephfs/shared/impact/LLM_models/Mistral-7B-v0.1,W8A8,512,measured,passed,f14320a61590e30304593a87ece9b4334cc5aba1e048bc3de5d629e299f7ea48,484c19789eb884af8fa0f76a63b2bbfbfedf64037d91bc8eae4845ab4ac89b7c,20261004T082658Z-d95bd213a6,22,22.47910199999998,1.209771,3.735986000000003,0.6493850000000001,4.231025000000009,1.5155729999999998,3.3512250000000035,11.755325999999997,16.801135000000016,0.0,6.82005799999995,1.0275960000000002,6.445049000000009,106.8770523071289,1027.5936279296875,78.989969,80.01804700000001,1.5290897027196377e-13,9.826167000000012,42.84916399999997,4.866798000000003,37.172067,60.47310202039608,26.434276576548765,13.092621403055157
/cephfs/shared/impact/LLM_models/Mistral-7B-v0.1,W8A8,512,measured,passed,f14320a61590e30304593a87ece9b4334cc5aba1e048bc3de5d629e299f7ea48,484c19789eb884af8fa0f76a63b2bbfbfedf64037d91bc8eae4845ab4ac89b7c,20261004T082658Z-d95bd213a6,23,22.471596999999996,1.2132260000000001,3.718539000000001,0.649031,4.231644000000003,1.515727,3.3477140000000025,11.754260999999998,16.801975000000006,0.0,6.818098999999948,1.0274840000000005,6.4483930000000065,106.15654754638672,1049.657470703125,78.97871399999998,80.00683500000001,0.01817132181660037,9.812440000000004,42.850211999999956,4.863441000000003,37.147478,60.49292767600534,26.414821485323998,13.092250838670669
/cephfs/shared/impact/LLM_models/Mistral-7B-v0.1,W8A8,512,measured,passed,f14320a61590e30304593a87ece9b4334cc5aba1e048bc3de5d629e299f7ea48,484c19789eb884af8fa0f76a63b2bbfbfedf64037d91bc8eae4845ab4ac89b7c,20261004T082658Z-d95bd213a6,24,22.478783000000014,1.2109249999999998,3.736839,0.6492549999999998,4.232622000000005,1.5162059999999995,3.3491260000000014,11.753249000000006,16.801477000000013,0.0,6.817371999999953,1.0279179999999999,6.4450080000000085,105.72537231445312,1025.209228515625,78.99519999999998,80.023118,0.018067522526044027,9.829641000000004,42.84502399999998,4.865332,37.17375600000002,60.46949627581352,26.44242083043747,13.088082893749014
/cephfs/shared/impact/LLM_models/Mistral-7B-v0.1,W8A8,512,measured,passed,f14320a61590e30304593a87ece9b4334cc5aba1e048bc3de5d629e299f7ea48,484c19789eb884af8fa0f76a63b2bbfbfedf64037d91bc8eae4845ab4ac89b7c,20261004T082658Z-d95bd213a6,25,22.451528000000003,1.2123969999999997,3.7211600000000016,0.6491890000000001,4.231725000000005,1.5155619999999994,3.3462780000000016,11.755928999999991,16.799791000000013,0.0,6.820413999999951,1.0276870000000002,6.4480050000000135,105.26825714111328,1025.9327392578125,78.96544999999999,79.993717,0.018433361822311072,9.814471000000006,42.85182599999997,4.861840000000001,37.12783900000001,60.47087200523574,26.43426405722133,13.09486393754293
/cephfs/shared/impact/LLM_models/Mistral-7B-v0.1,W8A8,512,measured,passed,f14320a61590e30304593a87ece9b4334cc5aba1e048bc3de5d629e299f7ea48,484c19789eb884af8fa0f76a63b2bbfbfedf64037d91bc8eae4845ab4ac89b7c,20261004T082658Z-d95bd213a6,26,22.46105599999999,1.2091950000000002,3.736543000000002,0.6492220000000002,4.2313389999999975,1.5159200000000008,3.346403,11.753234999999998,16.797793000000002,0.0,6.8164829999999474,1.0274300000000003,6.4474300000000095,105.38204956054688,1029.0589599609375,78.974532,80.0034,0.017999641299158976,9.826299,42.84237099999996,4.862323000000001,37.149677999999994,60.46097088647711,26.45056304391118,13.088466069611698
/cephfs/shared/impact/LLM_models/Mistral-7B-v0.1,W8A8,512,measured,passed,f14320a61590e30304593a87ece9b4334cc5aba1e048bc3de5d629e299f7ea48,484c19789eb884af8fa0f76a63b2bbfbfedf64037d91bc8eae4845ab4ac89b7c,20261004T082658Z-d95bd213a6,27,22.489757999999984,1.2090099999999997,3.7192420000000044,0.6493789999999999,4.2324589999999995,1.516529,3.346047999999998,11.752154000000006,16.80365500000004,0.0,6.81896099999995,1.0273349999999997,6.447683000000008,106.97606658935547,1045.537841796875,78.987788,80.015123,0.018265774067014972,9.810090000000004,42.849788000000004,4.862576999999998,37.162424999999985,60.517466231011554,26.39787365867542,13.084660110313036
/cephfs/shared/impact/LLM_models/Mistral-7B-v0.1,W8A8,512,measured,passed,f14320a61590e30304593a87ece9b4334cc5aba1e048bc3de5d629e299f7ea48,484c19789eb884af8fa0f76a63b2bbfbfedf64037d91bc8eae4845ab4ac89b7c,20261004T082658Z-d95bd213a6,28,22.47453500000001,1.2078190000000002,3.7377910000000014,0.649222,4.234343000000001,1.5171320000000001,3.3533790000000003,11.753042000000013,16.802586,0.0,6.821872999999955,1.0271150000000002,6.448481000000009,104.36595153808594,1021.0049438476562,79.00234599999999,80.029071,5.732892144442281e-14,9.829175000000003,42.85309699999998,4.8705110000000005,37.17422100000001,60.4573126091869,26.44083651409938,13.10185087671373
/cephfs/shared/impact/LLM_models/Mistral-7B-v0.1,W8A8,512,measured,passed,f14320a61590e30304593a87ece9b4334cc5aba1e048bc3de5d629e299f7ea48,484c19789eb884af8fa0f76a63b2bbfbfedf64037d91bc8eae4845ab4ac89b7c,20261004T082658Z-d95bd213a6,29,22.456642999999996,1.2110539999999999,3.720073000000003,0.6486109999999999,4.2294500000000035,1.516085,3.3468170000000015,11.752103000000012,16.794666999999997,0.0,6.81813099999995,1.0285240000000004,6.4466930000000024,106.00172424316406,1027.217041015625,78.94980799999999,79.978332,0.018009901083236954,9.809188000000006,42.84011799999996,4.862902000000002,37.12873300000001,60.48319235671195,26.419398690496664,13.097408952791362
/cephfs/shared/impact/LLM_models/Mistral-7B-v0.1,W8A8,512,measured,passed,f14320a61590e30304593a87ece9b4334cc5aba1e048bc3de5d629e299f7ea48,484c19789eb884af8fa0f76a63b2bbfbfedf64037d91bc8eae4845ab4ac89b7c,20261004T082658Z-d95bd213a6,30,22.461868000000003,1.2098710000000001,3.738499000000002,0.649224,4.232621000000001,1.517489,3.3453770000000027,11.750545000000002,16.799262000000006,0.0,6.819489999999949,1.0276659999999997,6.445584000000006,104.89148712158203,1038.2635498046875,78.977461,80.005127,0.018093742386900077,9.830215000000003,42.84254699999996,4.862866000000003,37.15494900000001,60.4545790118027,26.457350271157686,13.08807071703961
/cephfs/shared/impact/LLM_models/Mistral-7B-v0.1,W8A8,512,measured,passed,f14320a61590e30304593a87ece9b4334cc5aba1e048bc3de5d629e299f7ea48,484c19789eb884af8fa0f76a63b2bbfbfedf64037d91bc8eae4845ab4ac89b7c,20261004T082658Z-d95bd213a6,31,22.464920999999975,1.209836,3.7186850000000007,0.648778,4.233165000000003,1.5173889999999997,3.3438700000000003,11.753768,16.79781600000001,0.0,6.81989799999996,1.0276000000000003,6.446907000000008,105.02473449707031,1043.5966796875,78.960231,79.987831,0.01826470101799144,9.810464000000003,42.84598899999998,4.861259,37.136643999999976,60.49259863115254,26.417206681357662,13.090194687489811
/cephfs/shared/impact/LLM_models/llama-2-7b-hf,FP16,1024,measured,passed,5dee9633ebdc78686d77fff8e22fe46b07065d090315624733ec2ee90043c3b6,ba9457487a4bde6e74b4c1695a75dceea9024aae9a77610029c1c1733b2c4e10,20261004T084442Z-483d17715a,0,58.749272999999995,4.526835999999999,7.0137079999999985,1.007344,7.874609000000024,5.445566000000001,9.732035000000003,0.0,0.0,0.0,0.0,0.0,6.421901000000023,107.79804992675781,361.7995910644531,100.506334,100.771272,4.518584882310029e-14,20.42249700000002,6.421901000000023,15.177601000000005,94.34937100000002,62.267795086837396,21.645610122827442,16.08659479033517
/cephfs/shared/impact/LLM_models/llama-2-7b-hf,FP16,1024,measured,passed,5dee9633ebdc78686d77fff8e22fe46b07065d090315624733ec2ee90043c3b6,ba9457487a4bde6e74b4c1695a75dceea9024aae9a77610029c1c1733b2c4e10,20261004T084442Z-483d17715a,1,58.87937499999999,4.540274999999999,7.052861000000009,1.008494,7.902465000000022,5.470306,9.760424999999994,0.0,0.0,0.0,0.0,0.0,6.444536000000014,107.44281768798828,364.4055480957031,100.80049,101.06669000000001,3.003705604757635e-14,20.50409500000003,6.444536000000014,15.230730999999995,94.61420100000001,62.23101223462214,21.67126581769689,16.097721947680977
/cephfs/shared/impact/LLM_models/llama-2-7b-hf,FP16,1024,measured,passed,5dee9633ebdc78686d77fff8e22fe46b07065d090315624733ec2ee90043c3b6,ba9457487a4bde6e74b4c1695a75dceea9024aae9a77610029c1c1733b2c4e10,20261004T084442Z-483d17715a,2,58.924631000000005,4.545038999999998,7.056435000000004,1.0088510000000002,7.916243000000025,5.470172000000001,9.763344999999996,0.0,0.0,0.0,0.0,0.0,6.445771000000018,107.64972686767578,357.5514831542969,100.87243300000002,101.138329,4.5021948274324773e-14,20.526568000000026,6.445771000000018,15.233516999999996,94.68471600000002,62.23246315698934,21.678861031805834,16.088675811204833
/cephfs/shared/impact/LLM_models/llama-2-7b-hf,FP16,1024,measured,passed,5dee9633ebdc78686d77fff8e22fe46b07065d090315624733ec2ee90043c3b6,ba9457487a4bde6e74b4c1695a75dceea9024aae9a77610029c1c1733b2c4e10,20261004T084442Z-483d17715a,3,58.835795999999974,4.540272999999999,7.046792000000001,1.008365,7.888147000000012,5.459161000000003,9.753789,0.0,0.0,0.0,0.0,0.0,6.436745000000015,107.69116973876953,371.29730224609375,100.71377199999999,100.978587,4.534260793825058e-14,20.48357700000001,6.436745000000015,15.212950000000003,94.53232299999999,62.238813278713124,21.668331370636064,16.092855350650808
/cephfs/shared/impact/LLM_models/llama-2-7b-hf,FP16,1024,measured,passed,5dee9633ebdc78686d77fff8e22fe46b07065d090315624733ec2ee90043c3b6,ba9457487a4bde6e74b4c1695a75dceea9024aae9a77610029c1c1733b2c4e10,20261004T084442Z-483d17715a,4,58.89760099999999,4.538705,7.0477510000000025,1.0084650000000002,7.914925000000018,5.4695030000000004,9.760572000000005,0.0,0.0,0.0,0.0,0.0,6.4430810000000145,107.47593688964844,358.2037048339844,100.834219,101.09983100000001,1.5031426447876428e-14,20.50984600000002,6.4430810000000145,15.230075000000006,94.63752200000002,62.234935737222685,21.672002358641656,16.09306190413566
/cephfs/shared/impact/LLM_models/llama-2-7b-hf,FP16,1024,measured,passed,5dee9633ebdc78686d77fff8e22fe46b07065d090315624733ec2ee90043c3b6,ba9457487a4bde6e74b4c1695a75dceea9024aae9a77610029c1c1733b2c4e10,20261004T084442Z-483d17715a,5,58.72542200000002,4.529648000000001,7.019528000000001,1.007981,7.877295000000017,5.449086999999999,9.743014,0.0,0.0,0.0,0.0,0.0,6.424514000000015,107.31549072265625,361.94189453125,100.51078500000001,100.774405,7.532885143483664e-14,20.434452000000018,6.424514000000015,15.192101,94.35197500000004,62.240797821137285,21.657683371227797,16.101518807634914
/cephfs/shared/impact/LLM_models/llama-2-7b-hf,FP16,1024,measured,passed,5dee9633ebdc78686d77fff8e22fe46b07065d090315624733ec2ee90043c3b6,ba9457487a4bde6e74b4c1695a75dceea9024aae9a77610029c1c1733b2c4e10,20261004T084442Z-483d17715a,6,58.74656699999997,4.530159000000002,7.020325000000002,1.006057,7.887680000000018,5.448855000000001,9.741787000000004,0.0,0.0,0.0,0.0,0.0,6.426466000000017,107.48470306396484,363.2784729003906,100.53682800000003,100.80129099999999,3.010656078410566e-14,20.444221000000024,6.426466000000017,15.190642000000004,94.38143,62.24377719218703,21.66127489274111,16.09494791507186
/cephfs/shared/impact/LLM_models/llama-2-7b-hf,FP16,1024,measured,passed,5dee9633ebdc78686d77fff8e22fe46b07065d090315624733ec2ee90043c3b6,ba9457487a4bde6e74b4c1695a75dceea9024aae9a77610029c1c1733b2c4e10,20261004T084442Z-483d17715a,7,58.833045,4.534676999999999,7.043718999999999,1.008651,7.901690000000016,5.466708999999997,9.754681000000003,0.0,0.0,0.0,0.0,0.0,6.437321000000014,107.51651000976562,358.6707458496094,100.731288,100.996804,3.0055269532869496e-14,20.488737000000015,6.437321000000014,15.22139,94.54317200000001,62.228761480522344,21.67130271448901,16.099935804988643
/cephfs/shared/impact/LLM_models/llama-2-7b-hf,FP16,1024,measured,passed,5dee9633ebdc78686d77fff8e22fe46b07065d090315624733ec2ee90043c3b6,ba9457487a4bde6e74b4c1695a75dceea9024aae9a77610029c1c1733b2c4e10,20261004T084442Z-483d17715a,8,58.78300399999996,4.5352440000000005,7.014369999999998,1.0057429999999998,7.892377000000017,5.453627000000001,9.741499000000005,0.0,0.0,0.0,0.0,0.0,6.427411000000016,107.24393463134766,355.0980224609375,100.583099,100.847784,3.0046366335111615e-14,20.447734000000015,6.427411000000016,15.195126000000005,94.42586399999998,62.25307506850027,21.654802120741007,16.092122810758724
/cephfs/shared/impact/LLM_models/llama-2-7b-hf,FP16,1024,measured,passed,5dee9633ebdc78686d77fff8e22fe46b07065d090315624733ec2ee90043c3b6,ba9457487a4bde6e74b4c1695a75dceea9024aae9a77610029c1c1733b2c4e10,20261004T084442Z-483d17715a,9,58.79550600000001,4.533867000000001,7.038952000000003,1.007242,7.895198000000015,5.4634209999999985,9.750491000000006,0.0,0.0,0.0,0.0,0.0,6.432775000000022,107.57107543945312,365.2393798828125,100.634557,100.898441,4.508652543648864e-14,20.47525900000002,6.432775000000022,15.213912000000004,94.48467700000003,62.22755674975742,21.670454564817966,16.10198868542462
/cephfs/shared/impact/LLM_models/llama-2-7b-hf,FP16,1024,measured,passed,5dee9633ebdc78686d77fff8e22fe46b07065d090315624733ec2ee90043c3b6,ba9457487a4bde6e74b4c1695a75dceea9024aae9a77610029c1c1733b2c4e10,20261004T084442Z-483d17715a,10,58.746628999999984,4.537000000000001,7.020677000000003,1.0092900000000002,7.900197000000022,5.455218000000002,9.744217,0.0,0.0,0.0,0.0,0.0,6.426627000000013,107.5512924194336,359.45782470703125,100.56489,100.830052,4.518621807383047e-14,20.467164000000025,6.426627000000013,15.199435000000003,94.41322800000002,62.22287940414448,21.678280081685187,16.098840514170323
/cephfs/shared/impact/LLM_models/llama-2-7b-hf,FP16,1024,measured,passed,5dee9633ebdc78686d77fff8e22fe46b07065d090315624733ec2ee90043c3b6,ba9457487a4bde6e74b4c1695a75dceea9024aae9a77610029c1c1733b2c4e10,20261004T084442Z-483d17715a,11,58.83530599999996,4.541005,7.044640000000007,1.0083,7.900247000000018,5.465145,9.757111000000002,0.0,0.0,0.0,0.0,0.0,6.4391660000000215,107.44630432128906,355.84869384765625,100.72939299999999,100.99474400000001,1.502910247685441e-14,20.494192000000027,6.4391660000000215,15.222256000000002,94.55175399999999,62.225504563352644,21.67510504352995,16.099390393117407
/cephfs/shared/impact/LLM_models/llama-2-7b-hf,FP16,1024,measured,passed,5dee9633ebdc78686d77fff8e22fe46b07065d090315624733ec2ee90043c3b6,ba9457487a4bde6e74b4c1695a75dceea9024aae9a77610029c1c1733b2c4e10,20261004T084442Z-483d17715a,12,58.796844000000014,4.529805,7.038587000000002,1.0095210000000001,7.898089000000016,5.450773000000002,9.743326000000001,0.0,0.0,0.0,0.0,0.0,6.4269750000000165,107.61273956298828,355.1253662109375,100.631423,100.89626799999999,6.017131816664281e-14,20.47600200000002,6.4269750000000165,15.194099000000003,94.46694500000004,62.240653595815964,21.67530875482425,16.084037649359782
/cephfs/shared/impact/LLM_models/llama-2-7b-hf,FP16,1024,measured,passed,5dee9633ebdc78686d77fff8e22fe46b07065d090315624733ec2ee90043c3b6,ba9457487a4bde6e74b4c1695a75dceea9024aae9a77610029c1c1733b2c4e10,20261004T084442Z-483d17715a,13,58.92331099999993,4.542541,7.0439310000000015,1.0097749999999999,7.9173060000000195,5.466392,9.760634999999995,0.0,0.0,0.0,0.0,0.0,6.446060000000011,107.42012786865234,358.6048583984375,100.85682100000001,101.12235700000001,1.5049665266438673e-14,20.51355300000002,6.446060000000011,15.227026999999996,94.66389099999994,62.24475919756982,21.669881496842375,16.085359305587815
/cephfs/shared/impact/LLM_models/llama-2-7b-hf,FP16,1024,measured,passed,5dee9633ebdc78686d77fff8e22fe46b07065d090315624733ec2ee90043c3b6,ba9457487a4bde6e74b4c1695a75dceea9024aae9a77610029c1c1733b2c4e10,20261004T084442Z-483d17715a,14,58.837872000000004,4.535851,7.0445740000000034,1.0098390000000002,7.90289900000002,5.461585,9.756142000000004,0.0,0.0,0.0,0.0,0.0,6.43715800000002,107.51920318603516,356.5686950683594,100.72817099999999,100.993179,6.011703933478936e-14,20.493163000000024,6.43715800000002,15.217727000000004,94.54876200000004,62.23018763587827,21.674702625931808,16.095109738189905
/cephfs/shared/impact/LLM_models/llama-2-7b-hf,FP16,1024,measured,passed,5dee9633ebdc78686d77fff8e22fe46b07065d090315624733ec2ee90043c3b6,ba9457487a4bde6e74b4c1695a75dceea9024aae9a77610029c1c1733b2c4e10,20261004T084442Z-483d17715a,15,58.80751799999997,4.524008,7.038194000000004,1.007949,7.889315000000011,5.457075,9.742065,0.0,0.0,0.0,0.0,0.0,6.426816000000016,107.2899169921875,359.6995849609375,100.62293,100.888671,0.0,20.459466000000017,6.426816000000016,15.19914,94.466124,62.25249381460806,21.657992446054013,16.089513739337924
/cephfs/shared/impact/LLM_models/llama-2-7b-hf,FP16,1024,measured,passed,5dee9633ebdc78686d77fff8e22fe46b07065d090315624733ec2ee90043c3b6,ba9457487a4bde6e74b4c1695a75dceea9024aae9a77610029c1c1733b2c4e10,20261004T084442Z-483d17715a,16,58.90842200000003,4.545482,7.044372,1.0084589999999998,7.908544000000008,5.469454999999998,9.762267000000005,0.0,0.0,0.0,0.0,0.0,6.449508000000021,107.02381134033203,357.648681640625,100.83553399999998,101.10243,4.510499680047383e-14,20.506857000000007,6.449508000000021,15.231722000000003,94.64700100000005,62.2401358496293,21.66667383364846,16.093190316722232
/cephfs/shared/impact/LLM_models/llama-2-7b-hf,FP16,1024,measured,passed,5dee9633ebdc78686d77fff8e22fe46b07065d090315624733ec2ee90043c3b6,ba9457487a4bde6e74b4c1695a75dceea9024aae9a77610029c1c1733b2c4e10,20261004T084442Z-483d17715a,17,58.89855099999998,4.534190999999999,7.048556999999997,1.0099989999999999,7.905709000000023,5.4617749999999985,9.753891000000005,0.0,0.0,0.0,0.0,0.0,6.4439280000000165,107.17660522460938,356.6173400878906,100.789045,101.056601,4.49952152008759e-14,20.49845600000002,6.4439280000000165,15.215666000000002,94.612673,62.25228516691415,21.66565572034945,16.08205911273641
/cephfs/shared/impact/LLM_models/llama-2-7b-hf,FP16,1024,measured,passed,5dee9633ebdc78686d77fff8e22fe46b07065d090315624733ec2ee90043c3b6,ba9457487a4bde6e74b4c1695a75dceea9024aae9a77610029c1c1733b2c4e10,20261004T084442Z-483d17715a,18,58.761489999999974,4.534857000000001,7.023585000000004,1.008751,7.88673900000002,5.450521000000002,9.736462,0.0,0.0,0.0,0.0,0.0,6.426396000000019,107.40083312988281,356.9842834472656,100.570177,100.835626,6.019087859643146e-14,20.453932000000023,6.426396000000019,15.186983000000001,94.40240499999999,62.24575528557772,21.66674885030739,16.087495864114906
/cephfs/shared/impact/LLM_models/llama-2-7b-hf,FP16,1024,measured,passed,5dee9633ebdc78686d77fff8e22fe46b07065d090315624733ec2ee90043c3b6,ba9457487a4bde6e74b4c1695a75dceea9024aae9a77610029c1c1733b2c4e10,20261004T084442Z-483d17715a,19,58.78327500000002,4.525350999999999,7.03938,1.0073379999999998,7.887362000000015,5.456431000000001,9.742439000000003,0.0,0.0,0.0,0.0,0.0,6.428031000000021,107.63609313964844,359.51336669921875,100.60022000000001,100.866537,4.514320053475436e-14,20.459431000000013,6.428031000000021,15.198870000000003,94.44157600000003,62.24300513578892,21.663584902479823,16.093409961731258
/cephfs/shared/impact/LLM_models/llama-2-7b-hf,FP16,1024,measured,passed,5dee9633ebdc78686d77fff8e22fe46b07065d090315624733ec2ee90043c3b6,ba9457487a4bde6e74b4c1695a75dceea9024aae9a77610029c1c1733b2c4e10,20261004T084442Z-483d17715a,20,58.838231,4.539781999999999,7.045500999999998,1.0118809999999998,7.90552300000001,5.4662869999999995,9.759984999999997,0.0,0.0,0.0,0.0,0.0,6.444065000000021,107.39360046386719,354.8280029296875,100.74984200000002,101.014911,3.005335220370558e-14,20.50268700000001,6.444065000000021,15.226271999999996,94.56719000000001,62.21844066636641,21.680550093536677,16.101009240096904
/cephfs/shared/impact/LLM_models/llama-2-7b-hf,FP16,1024,measured,passed,5dee9633ebdc78686d77fff8e22fe46b07065d090315624733ec2ee90043c3b6,ba9457487a4bde6e74b4c1695a75dceea9024aae9a77610029c1c1733b2c4e10,20261004T084442Z-483d17715a,21,58.76176600000002,4.531721,7.0360190000000005,1.0074360000000002,7.888022000000008,5.4608159999999994,9.748199999999997,0.0,0.0,0.0,0.0,0.0,6.4316360000000214,107.28870391845703,368.3490905761719,100.59636000000002,100.861035,4.514755425437582e-14,20.46319800000001,6.4316360000000214,15.209015999999997,94.43398000000002,62.2252350266292,21.669316489678828,16.105448483691987
/cephfs/shared/impact/LLM_models/llama-2-7b-hf,FP16,1024,measured,passed,5dee9633ebdc78686d77fff8e22fe46b07065d090315624733ec2ee90043c3b6,ba9457487a4bde6e74b4c1695a75dceea9024aae9a77610029c1c1733b2c4e10,20261004T084442Z-483d17715a,22,58.85255,4.536424,7.044565000000004,1.00926,7.907165000000027,5.463413999999999,9.757986000000006,0.0,0.0,0.0,0.0,0.0,6.443163000000015,107.26921844482422,362.3658447265625,100.75961899999999,101.025585,4.5068093492863185e-14,20.49741400000003,6.443163000000015,15.221400000000006,94.57136400000003,62.23083554129555,21.67401751760715,16.09514694109731
/cephfs/shared/impact/LLM_models/llama-2-7b-hf,FP16,1024,measured,passed,5dee9633ebdc78686d77fff8e22fe46b07065d090315624733ec2ee90043c3b6,ba9457487a4bde6e74b4c1695a75dceea9024aae9a77610029c1c1733b2c4e10,20261004T084442Z-483d17715a,23,58.718570999999976,4.532616000000001,7.020200000000006,1.00801,7.883400000000017,5.454419999999998,9.742794000000005,0.0,0.0,0.0,0.0,0.0,6.422661000000016,107.43513488769531,361.42681884765625,100.51127300000002,100.77509500000001,3.008573456095932e-14,20.444226000000025,6.422661000000016,15.197214000000002,94.360011,62.22823670505928,21.66619713514025,16.10556615980047
/cephfs/shared/impact/LLM_models/llama-2-7b-hf,FP16,1024,measured,passed,5dee9633ebdc78686d77fff8e22fe46b07065d090315624733ec2ee90043c3b6,ba9457487a4bde6e74b4c1695a75dceea9024aae9a77610029c1c1733b2c4e10,20261004T084442Z-483d17715a,24,58.785671000000015,4.528360000000001,7.038144,1.0086840000000001,7.884468000000012,5.46215,9.747071000000004,0.0,0.0,0.0,0.0,0.0,6.425665000000019,107.70848083496094,359.33837890625,100.618326,100.884962,6.016252712462212e-14,20.459656000000013,6.425665000000019,15.209221000000003,94.45454800000003,62.23699360670276,21.66084792444299,16.102158468854245
/cephfs/shared/impact/LLM_models/llama-2-7b-hf,FP16,1024,measured,passed,5dee9633ebdc78686d77fff8e22fe46b07065d090315624733ec2ee90043c3b6,ba9457487a4bde6e74b4c1695a75dceea9024aae9a77610029c1c1733b2c4e10,20261004T084442Z-483d17715a,25,58.814142999999994,4.537995,7.047254000000004,1.0097390000000004,7.902636000000016,5.463279000000002,9.757508000000005,0.0,0.0,0.0,0.0,0.0,6.439105000000016,107.55449676513672,356.5848083496094,100.71108300000002,100.97628900000001,3.007464595652453e-14,20.49762400000002,6.439105000000016,15.220787000000007,94.53255400000002,62.215755854856084,21.68313785323098,16.10110629191295
/cephfs/shared/impact/LLM_models/llama-2-7b-hf,FP16,1024,measured,passed,5dee9633ebdc78686d77fff8e22fe46b07065d090315624733ec2ee90043c3b6,ba9457487a4bde6e74b4c1695a75dceea9024aae9a77610029c1c1733b2c4e10,20261004T084442Z-483d17715a,26,58.82293000000002,4.537057,7.042130000000007,1.0082370000000003,7.8920600000000105,5.471176999999999,9.754756000000006,0.0,0.0,0.0,0.0,0.0,6.439287000000015,107.53068542480469,355.7265625,100.70148900000001,100.96691,4.503110164420499e-14,20.479484000000017,6.439287000000015,15.225933000000005,94.52834700000005,62.22782040185256,21.66491285413042,16.107266744017004
/cephfs/shared/impact/LLM_models/llama-2-7b-hf,FP16,1024,measured,passed,5dee9633ebdc78686d77fff8e22fe46b07065d090315624733ec2ee90043c3b6,ba9457487a4bde6e74b4c1695a75dceea9024aae9a77610029c1c1733b2c4e10,20261004T084442Z-483d17715a,27,58.731939000000004,4.532162000000001,7.021751000000007,1.01006,7.888222000000013,5.4493469999999995,9.738852999999997,0.0,0.0,0.0,0.0,0.0,6.423599000000021,107.44477081298828,362.35888671875,100.53109400000001,100.79602899999999,4.5132053544045763e-14,20.45219500000002,6.423599000000021,15.188199999999997,94.37233400000002,62.234276202175934,21.671812207166578,16.093911590657484
/cephfs/shared/impact/LLM_models/llama-2-7b-hf,FP16,1024,measured,passed,5dee9633ebdc78686d77fff8e22fe46b07065d090315624733ec2ee90043c3b6,ba9457487a4bde6e74b4c1695a75dceea9024aae9a77610029c1c1733b2c4e10,20261004T084442Z-483d17715a,28,58.792814000000035,4.531785000000001,7.030606999999999,1.0094210000000003,7.8846410000000064,5.451844,9.737889999999998,0.0,0.0,0.0,0.0,0.0,6.428699000000023,107.43762969970703,357.7603759765625,100.59604400000002,100.862079,4.5187717648216916e-14,20.456454000000008,6.428699000000023,15.189733999999998,94.43900200000004,62.25480231144333,21.661023059095857,16.084174629460815
/cephfs/shared/impact/LLM_models/llama-2-7b-hf,FP16,1024,measured,passed,5dee9633ebdc78686d77fff8e22fe46b07065d090315624733ec2ee90043c3b6,ba9457487a4bde6e74b4c1695a75dceea9024aae9a77610029c1c1733b2c4e10,20261004T084442Z-483d17715a,29,58.772934000000014,4.525379,7.018008000000003,1.0118190000000002,7.8950570000000075,5.4512440000000035,9.740932000000003,0.0,0.0,0.0,0.0,0.0,6.430354000000016,107.26060485839844,356.5343933105469,100.58167,100.847694,6.020442734439249e-14,20.45026300000001,6.430354000000016,15.192176000000007,94.41537300000003,62.249326706573505,21.659886891512894,16.090786401913597
/cephfs/shared/impact/LLM_models/llama-2-7b-hf,FP16,1024,measured,passed,5dee9633ebdc78686d77fff8e22fe46b07065d090315624733ec2ee90043c3b6,ba9457487a4bde6e74b4c1695a75dceea9024aae9a77610029c1c1733b2c4e10,20261004T084442Z-483d17715a,30,58.78607600000003,4.537542,7.038641,1.010473,7.891581000000019,5.460874999999999,9.742020999999998,0.0,0.0,0.0,0.0,0.0,6.425329000000016,107.45625305175781,359.4742431640625,100.62526199999998,100.892538,6.011535898381799e-14,20.478237000000018,6.425329000000016,15.202895999999996,94.46720900000004,62.22908099253785,21.677614080881767,16.093304926580384
/cephfs/shared/impact/LLM_models/llama-2-7b-hf,FP16,1024,measured,passed,5dee9633ebdc78686d77fff8e22fe46b07065d090315624733ec2ee90043c3b6,ba9457487a4bde6e74b4c1695a75dceea9024aae9a77610029c1c1733b2c4e10,20261004T084442Z-483d17715a,31,58.80682699999999,4.538176000000001,7.041841,1.007977,7.8923120000000155,5.461579,9.755327999999995,0.0,0.0,0.0,0.0,0.0,6.438932000000014,107.31417846679688,356.08544921875,100.690925,100.956917,1.5035410616333615e-14,20.480306000000017,6.438932000000014,15.216906999999996,94.50404,62.22678628342236,21.671355002389333,16.101858714188296
/cephfs/shared/impact/LLM_models/llama-2-7b-hf,FP16,2048,measured,passed,5dee9633ebdc78686d77fff8e22fe46b07065d090315624733ec2ee90043c3b6,ba9457487a4bde6e74b4c1695a75dceea9024aae9a77610029c1c1733b2c4e10,20261004T084442Z-483d17715a,0,113.41601199999998,47.30458299999998,14.090049000000004,1.9245970000000003,16.939335999999983,19.415646000000006,35.56494499999998,0.0,0.0,0.0,0.0,0.0,23.159864999999996,279.0285339355469,354.6945495605469,271.67954,271.81503299999997,2.2819786772279265e-14,80.25856499999996,23.159864999999996,54.98059099999999,248.65516799999995,45.611765446998476,32.277054864992785,22.111179688008736
/cephfs/shared/impact/LLM_models/llama-2-7b-hf,FP16,2048,measured,passed,5dee9633ebdc78686d77fff8e22fe46b07065d090315624733ec2ee90043c3b6,ba9457487a4bde6e74b4c1695a75dceea9024aae9a77610029c1c1733b2c4e10,20261004T084442Z-483d17715a,1,113.20752599999996,47.133849999999995,14.056951000000007,1.9199229999999996,16.910323,19.353627999999997,35.48845899999999,0.0,0.0,0.0,0.0,0.0,23.090099000000016,279.1292419433594,358.5830993652344,271.026461,271.151485,1.1462975410925881e-14,80.02104700000001,23.090099000000016,54.84208699999999,248.07065999999998,45.635193617818395,32.25736046334541,22.107445918836188
/cephfs/shared/impact/LLM_models/llama-2-7b-hf,FP16,2048,measured,passed,5dee9633ebdc78686d77fff8e22fe46b07065d090315624733ec2ee90043c3b6,ba9457487a4bde6e74b4c1695a75dceea9024aae9a77610029c1c1733b2c4e10,20261004T084442Z-483d17715a,2,113.126559,47.00340199999999,14.022734999999997,1.916496,16.88822400000001,19.304597,35.456842,0.0,0.0,0.0,0.0,0.0,23.039475000000003,278.8078918457031,357.63116455078125,270.67113399999994,270.79831,2.2937877255069725e-14,79.830857,23.039475000000003,54.761439,247.718855,45.66731870289002,32.226395120387586,22.1062861767224
/cephfs/shared/impact/LLM_models/llama-2-7b-hf,FP16,2048,measured,passed,5dee9633ebdc78686d77fff8e22fe46b07065d090315624733ec2ee90043c3b6,ba9457487a4bde6e74b4c1695a75dceea9024aae9a77610029c1c1733b2c4e10,20261004T084442Z-483d17715a,3,113.159804,47.094378999999996,14.031887999999997,1.918131,16.908907,19.333873000000004,35.47637699999999,0.0,0.0,0.0,0.0,0.0,23.06762800000002,278.9927978515625,359.9546203613281,270.867463,270.990987,2.288546349800221e-14,79.95330499999999,23.06762800000002,54.810249999999996,247.92335899999998,45.64305858731125,32.249202060867525,22.107739351821223
/cephfs/shared/impact/LLM_models/llama-2-7b-hf,FP16,2048,measured,passed,5dee9633ebdc78686d77fff8e22fe46b07065d090315624733ec2ee90043c3b6,ba9457487a4bde6e74b4c1695a75dceea9024aae9a77610029c1c1733b2c4e10,20261004T084442Z-483d17715a,4,113.242487,47.04385,14.031894000000012,1.9175209999999998,16.893712,19.340018999999995,35.47100899999999,0.0,0.0,0.0,0.0,0.0,23.061448000000016,279.0367736816406,359.1455993652344,270.906425,271.034583,1.1473790856048502e-14,79.88697700000002,23.061448000000016,54.81102799999998,247.940492,45.67325251576898,32.22022202004827,22.106525464182745
/cephfs/shared/impact/LLM_models/llama-2-7b-hf,FP16,2048,measured,passed,5dee9633ebdc78686d77fff8e22fe46b07065d090315624733ec2ee90043c3b6,ba9457487a4bde6e74b4c1695a75dceea9024aae9a77610029c1c1733b2c4e10,20261004T084442Z-483d17715a,5,113.56401200000005,47.28001300000001,14.108056000000012,1.924567,16.945822000000003,19.366399000000012,35.543350000000004,0.0,0.0,0.0,0.0,0.0,23.13917200000002,278.97705078125,360.1684875488281,271.74008599999996,271.871391,4.570651851162717e-14,80.25845800000003,23.13917200000002,54.90974900000002,248.7322190000001,45.657137807305936,32.2670132251745,22.075848967519562
/cephfs/shared/impact/LLM_models/llama-2-7b-hf,FP16,2048,measured,passed,5dee9633ebdc78686d77fff8e22fe46b07065d090315624733ec2ee90043c3b6,ba9457487a4bde6e74b4c1695a75dceea9024aae9a77610029c1c1733b2c4e10,20261004T084442Z-483d17715a,6,113.25542500000003,47.10678599999999,14.040525000000006,1.9191470000000004,16.894505999999982,19.343184,35.49048700000001,0.0,0.0,0.0,0.0,0.0,23.069605000000013,279.2203369140625,360.0536193847656,270.997677,271.119665,1.1524723503621188e-14,79.96096399999998,23.069605000000013,54.83367100000001,248.05006,45.65829373312791,32.23581723785915,22.105889029012936
/cephfs/shared/impact/LLM_models/llama-2-7b-hf,FP16,2048,measured,passed,5dee9633ebdc78686d77fff8e22fe46b07065d090315624733ec2ee90043c3b6,ba9457487a4bde6e74b4c1695a75dceea9024aae9a77610029c1c1733b2c4e10,20261004T084442Z-483d17715a,7,113.56673500000002,47.23235299999999,14.117576000000003,1.925071,16.94468299999999,19.412207999999993,35.536626999999996,0.0,0.0,0.0,0.0,0.0,23.11917900000001,280.0045471191406,357.82855224609375,271.677459,271.80649,1.1427981189534008e-14,80.21968299999999,23.11917900000001,54.94883499999999,248.735253,45.65767563313594,32.251030777691966,22.091293589172096
/cephfs/shared/impact/LLM_models/llama-2-7b-hf,FP16,2048,measured,passed,5dee9633ebdc78686d77fff8e22fe46b07065d090315624733ec2ee90043c3b6,ba9457487a4bde6e74b4c1695a75dceea9024aae9a77610029c1c1733b2c4e10,20261004T084442Z-483d17715a,8,113.54596800000006,47.25865299999999,14.09890000000001,1.9220319999999997,16.927592999999987,19.382513,35.551635999999995,0.0,0.0,0.0,0.0,0.0,23.12317600000001,279.38616943359375,356.14202880859375,271.720505,271.855771,0.0,80.20717799999998,23.12317600000001,54.93414899999999,248.68729500000003,45.65812982122792,32.25222181133137,22.089648367440716
/cephfs/shared/impact/LLM_models/llama-2-7b-hf,FP16,2048,measured,passed,5dee9633ebdc78686d77fff8e22fe46b07065d090315624733ec2ee90043c3b6,ba9457487a4bde6e74b4c1695a75dceea9024aae9a77610029c1c1733b2c4e10,20261004T084442Z-483d17715a,9,113.302589,46.99079700000001,14.016392999999997,1.9178410000000001,16.884677000000007,19.315170999999996,35.453670999999986,0.0,0.0,0.0,0.0,0.0,23.035521000000013,279.50030517578125,363.6077880859375,270.79384200000004,270.91666,1.1465862043825776e-14,79.80970800000001,23.035521000000013,54.76884199999998,247.881139,45.7084348801544,32.19676507941172,22.09480004043389
/cephfs/shared/impact/LLM_models/llama-2-7b-hf,FP16,2048,measured,passed,5dee9633ebdc78686d77fff8e22fe46b07065d090315624733ec2ee90043c3b6,ba9457487a4bde6e74b4c1695a75dceea9024aae9a77610029c1c1733b2c4e10,20261004T084442Z-483d17715a,10,113.51297900000004,47.17685199999999,14.053817,1.9207879999999995,16.916464000000012,19.36169399999999,35.519653,0.0,0.0,0.0,0.0,0.0,23.097721999999994,279.4275207519531,360.93487548828125,271.436061,271.55996899999997,2.2862021803727158e-14,80.067921,23.097721999999994,54.88134699999999,248.46224700000005,45.68620801372694,32.22538714302136,22.08840484325169
/cephfs/shared/impact/LLM_models/llama-2-7b-hf,FP16,2048,measured,passed,5dee9633ebdc78686d77fff8e22fe46b07065d090315624733ec2ee90043c3b6,ba9457487a4bde6e74b4c1695a75dceea9024aae9a77610029c1c1733b2c4e10,20261004T084442Z-483d17715a,11,113.56635900000002,47.172185,14.067969999999999,1.922098,16.917695999999992,19.392597,35.517423999999984,0.0,0.0,0.0,0.0,0.0,23.105033,279.7697448730469,362.3003234863281,271.53438,271.661362,0.0,80.07994899999998,23.105033,54.910020999999986,248.556329,45.690391170848045,32.21802853388617,22.091580295265782
/cephfs/shared/impact/LLM_models/llama-2-7b-hf,FP16,2048,measured,passed,5dee9633ebdc78686d77fff8e22fe46b07065d090315624733ec2ee90043c3b6,ba9457487a4bde6e74b4c1695a75dceea9024aae9a77610029c1c1733b2c4e10,20261004T084442Z-483d17715a,12,113.93398699999992,47.497478,14.135611999999998,1.9297110000000002,16.994108000000015,19.465277,35.62452100000001,0.0,0.0,0.0,0.0,0.0,23.220766000000012,279.9383544921875,355.9052734375,272.662928,272.80146,2.2775567272366034e-14,80.55690900000002,23.220766000000012,55.08979800000001,249.58069399999994,45.65016034453368,32.276899189967004,22.072940465499315
/cephfs/shared/impact/LLM_models/llama-2-7b-hf,FP16,2048,measured,passed,5dee9633ebdc78686d77fff8e22fe46b07065d090315624733ec2ee90043c3b6,ba9457487a4bde6e74b4c1695a75dceea9024aae9a77610029c1c1733b2c4e10,20261004T084442Z-483d17715a,13,113.67518200000005,47.30077999999999,14.090499000000005,1.9241440000000003,16.94110800000001,19.403884000000005,35.55095499999997,0.0,0.0,0.0,0.0,0.0,23.139245000000003,280.1545715332031,360.5553283691406,271.89935199999996,272.025797,2.2782878896601607e-14,80.25653100000001,23.139245000000003,54.95483899999998,248.88655200000005,45.67349303790429,32.24623040299903,22.080276559096678
/cephfs/shared/impact/LLM_models/llama-2-7b-hf,FP16,2048,measured,passed,5dee9633ebdc78686d77fff8e22fe46b07065d090315624733ec2ee90043c3b6,ba9457487a4bde6e74b4c1695a75dceea9024aae9a77610029c1c1733b2c4e10,20261004T084442Z-483d17715a,14,113.58254599999995,47.117882,14.055277000000002,1.9212259999999999,16.91811600000002,19.369978000000007,35.497302000000005,0.0,0.0,0.0,0.0,0.0,23.09074600000002,280.31488037109375,358.02435302734375,271.41985100000005,271.553073,1.1462092074192027e-14,80.01250100000003,23.09074600000002,54.86728000000001,248.46232699999996,45.71419231697044,32.203071574710016,22.08273610831956
/cephfs/shared/impact/LLM_models/llama-2-7b-hf,FP16,2048,measured,passed,5dee9633ebdc78686d77fff8e22fe46b07065d090315624733ec2ee90043c3b6,ba9457487a4bde6e74b4c1695a75dceea9024aae9a77610029c1c1733b2c4e10,20261004T084442Z-483d17715a,15,113.81081899999998,47.289286,14.093165000000003,1.9246550000000004,16.945359,19.404093999999994,35.55321699999998,0.0,0.0,0.0,0.0,0.0,23.156505000000017,280.0962829589844,357.20166015625,272.069887,272.200871,1.1412333024422764e-14,80.252465,23.156505000000017,54.957310999999976,249.02059499999996,45.70337606012065,32.22724008028332,22.069383859596027
/cephfs/shared/impact/LLM_models/llama-2-7b-hf,FP16,2048,measured,passed,5dee9633ebdc78686d77fff8e22fe46b07065d090315624733ec2ee90043c3b6,ba9457487a4bde6e74b4c1695a75dceea9024aae9a77610029c1c1733b2c4e10,20261004T084442Z-483d17715a,16,113.87721600000003,47.412868,14.128541000000013,1.9266690000000004,16.98010700000002,19.442735,35.58633799999999,0.0,0.0,0.0,0.0,0.0,23.173109000000007,280.324951171875,359.3827819824219,272.40092599999997,272.529406,2.2796063121200432e-14,80.44818500000004,23.173109000000007,55.02907299999999,249.35447400000004,45.668808011842614,32.26257933515162,22.068612653005772
/cephfs/shared/impact/LLM_models/llama-2-7b-hf,FP16,2048,measured,passed,5dee9633ebdc78686d77fff8e22fe46b07065d090315624733ec2ee90043c3b6,ba9457487a4bde6e74b4c1695a75dceea9024aae9a77610029c1c1733b2c4e10,20261004T084442Z-483d17715a,17,114.00262499999992,47.483721,14.139730999999992,1.929618,16.986140000000002,19.46694,35.61474300000001,0.0,0.0,0.0,0.0,0.0,23.21529500000001,280.8709411621094,357.4532470703125,272.704054,272.838813,2.2812890073168237e-14,80.53921,23.21529500000001,55.08168300000001,249.62351799999993,45.66982546892876,32.26427167010763,22.065902860963615
/cephfs/shared/impact/LLM_models/llama-2-7b-hf,FP16,2048,measured,passed,5dee9633ebdc78686d77fff8e22fe46b07065d090315624733ec2ee90043c3b6,ba9457487a4bde6e74b4c1695a75dceea9024aae9a77610029c1c1733b2c4e10,20261004T084442Z-483d17715a,18,113.94645699999994,47.419771,14.125696999999992,1.926638,16.96057599999999,19.413662,35.572474999999976,0.0,0.0,0.0,0.0,0.0,23.183894000000024,280.6205749511719,361.7257995605469,272.42770800000005,272.56118699999996,2.2783636553435923e-14,80.43268199999997,23.183894000000024,54.98613699999997,249.36527599999988,45.69459662860197,32.254964801113694,22.05043857028434
/cephfs/shared/impact/LLM_models/llama-2-7b-hf,FP16,2048,measured,passed,5dee9633ebdc78686d77fff8e22fe46b07065d090315624733ec2ee90043c3b6,ba9457487a4bde6e74b4c1695a75dceea9024aae9a77610029c1c1733b2c4e10,20261004T084442Z-483d17715a,19,113.84813199999996,47.28933499999999,14.106434000000005,1.9239540000000002,16.960215999999996,19.41856,35.54843899999998,0.0,0.0,0.0,0.0,0.0,23.14258200000002,281.1841735839844,361.7259216308594,272.111182,272.237168,2.282001378416471e-14,80.27993899999998,23.14258200000002,54.96699899999998,249.09506999999994,45.70469098404878,32.22863423190191,22.06667478404932
/cephfs/shared/impact/LLM_models/llama-2-7b-hf,FP16,2048,measured,passed,5dee9633ebdc78686d77fff8e22fe46b07065d090315624733ec2ee90043c3b6,ba9457487a4bde6e74b4c1695a75dceea9024aae9a77610029c1c1733b2c4e10,20261004T084442Z-483d17715a,20,114.11507000000002,47.50991200000001,14.144202000000005,1.9301920000000001,16.999026000000004,19.456288999999995,35.626414999999994,0.0,0.0,0.0,0.0,0.0,23.214546000000016,281.0157470703125,358.135498046875,272.88126900000003,273.015994,2.2762773075352607e-14,80.58333200000001,23.214546000000016,55.08270399999999,249.78110600000002,45.68602959104521,32.261580265402465,22.052390143552326
/cephfs/shared/impact/LLM_models/llama-2-7b-hf,FP16,2048,measured,passed,5dee9633ebdc78686d77fff8e22fe46b07065d090315624733ec2ee90043c3b6,ba9457487a4bde6e74b4c1695a75dceea9024aae9a77610029c1c1733b2c4e10,20261004T084442Z-483d17715a,21,114.120301,47.450483,14.146630999999985,1.9290379999999996,16.982636,19.462203,35.600364000000006,0.0,0.0,0.0,0.0,0.0,23.205527000000025,281.1150207519531,360.8237609863281,272.764568,272.89718300000004,1.149865090761865e-14,80.50878799999998,23.205527000000025,55.062567,249.69165599999997,45.704491222566126,32.243283291773274,22.052225485660607
/cephfs/shared/impact/LLM_models/llama-2-7b-hf,FP16,2048,measured,passed,5dee9633ebdc78686d77fff8e22fe46b07065d090315624733ec2ee90043c3b6,ba9457487a4bde6e74b4c1695a75dceea9024aae9a77610029c1c1733b2c4e10,20261004T084442Z-483d17715a,22,113.91039400000005,47.372265000000006,14.100721999999992,1.9258319999999995,16.948150999999985,19.402418000000008,35.565161999999994,0.0,0.0,0.0,0.0,0.0,23.159729000000013,280.3025817871094,363.520263671875,272.19235199999997,272.31767099999996,2.2824627464598012e-14,80.34696999999998,23.159729000000013,54.96758,249.22494400000005,45.70585599168598,32.23873530090952,22.0554087074045
/cephfs/shared/impact/LLM_models/llama-2-7b-hf,FP16,2048,measured,passed,5dee9633ebdc78686d77fff8e22fe46b07065d090315624733ec2ee90043c3b6,ba9457487a4bde6e74b4c1695a75dceea9024aae9a77610029c1c1733b2c4e10,20261004T084442Z-483d17715a,23,113.99883399999999,47.31910899999999,14.119515999999997,1.9259369999999998,16.952814999999998,19.424567,35.569854,0.0,0.0,0.0,0.0,0.0,23.144112000000003,281.5337829589844,357.6697692871094,272.321169,272.454744,2.2833557467188706e-14,80.31737699999998,23.144112000000003,54.994421,249.31063199999994,45.72562071881476,32.2157849248884,22.058594356296854
/cephfs/shared/impact/LLM_models/llama-2-7b-hf,FP16,2048,measured,passed,5dee9633ebdc78686d77fff8e22fe46b07065d090315624733ec2ee90043c3b6,ba9457487a4bde6e74b4c1695a75dceea9024aae9a77610029c1c1733b2c4e10,20261004T084442Z-483d17715a,24,113.91412100000001,47.190352,14.086284999999998,1.9221609999999996,16.929534000000015,19.394634,35.51372999999999,0.0,0.0,0.0,0.0,0.0,23.09769000000002,280.98455810546875,366.6993103027344,271.923091,272.048507,3.4348162030545404e-14,80.12833200000001,23.09769000000002,54.90836399999999,248.95081700000003,45.75768112462149,32.18641053907447,22.05590833630403
/cephfs/shared/impact/LLM_models/llama-2-7b-hf,FP16,2048,measured,passed,5dee9633ebdc78686d77fff8e22fe46b07065d090315624733ec2ee90043c3b6,ba9457487a4bde6e74b4c1695a75dceea9024aae9a77610029c1c1733b2c4e10,20261004T084442Z-483d17715a,25,114.06729299999995,47.42611100000002,14.13045800000001,1.9264100000000002,16.966579,19.443347999999997,35.594462,0.0,0.0,0.0,0.0,0.0,23.176496000000018,281.1690979003906,358.9781494140625,272.59949800000004,272.731157,1.1375104062896367e-14,80.44955800000002,23.176496000000018,55.03780999999999,249.55466099999995,45.70834002575491,32.23724921731678,22.05441075692832
/cephfs/shared/impact/LLM_models/llama-2-7b-hf,FP16,2048,measured,passed,5dee9633ebdc78686d77fff8e22fe46b07065d090315624733ec2ee90043c3b6,ba9457487a4bde6e74b4c1695a75dceea9024aae9a77610029c1c1733b2c4e10,20261004T084442Z-483d17715a,26,114.44328199999994,47.737573,14.204157000000004,1.9367140000000003,17.035503999999996,19.536883999999993,35.704318000000015,0.0,0.0,0.0,0.0,0.0,23.29607400000001,281.6824951171875,358.2992248535156,273.75798499999996,273.8922,2.2683279174398732e-14,80.913948,23.29607400000001,55.24120200000001,250.59843199999997,45.66799603917711,32.28828981659391,22.043714144228968
/cephfs/shared/impact/LLM_models/llama-2-7b-hf,FP16,2048,measured,passed,5dee9633ebdc78686d77fff8e22fe46b07065d090315624733ec2ee90043c3b6,ba9457487a4bde6e74b4c1695a75dceea9024aae9a77610029c1c1733b2c4e10,20261004T084442Z-483d17715a,27,114.15903399999999,47.400664,14.122149999999989,1.92766,16.97403700000002,19.421781000000003,35.581669,0.0,0.0,0.0,0.0,0.0,23.17489000000001,281.0548400878906,361.37615966796875,272.637497,272.761885,0.0,80.42451100000001,23.17489000000001,55.00345,249.586995,45.739175632929104,32.22303750241474,22.03778686465615
/cephfs/shared/impact/LLM_models/llama-2-7b-hf,FP16,2048,measured,passed,5dee9633ebdc78686d77fff8e22fe46b07065d090315624733ec2ee90043c3b6,ba9457487a4bde6e74b4c1695a75dceea9024aae9a77610029c1c1733b2c4e10,20261004T084442Z-483d17715a,28,114.36448300000002,47.585969,14.161601000000005,1.9334909999999996,17.014079999999982,19.463983999999996,35.651956999999996,0.0,0.0,0.0,0.0,0.0,23.243883000000007,281.35235595703125,360.47552490234375,273.29032099999995,273.419448,2.276095617991365e-14,80.69514099999998,23.243883000000007,55.11594099999999,250.17556499999998,45.71369030384723,32.25540471948169,22.03090497667108
/cephfs/shared/impact/LLM_models/llama-2-7b-hf,FP16,2048,measured,passed,5dee9633ebdc78686d77fff8e22fe46b07065d090315624733ec2ee90043c3b6,ba9457487a4bde6e74b4c1695a75dceea9024aae9a77610029c1c1733b2c4e10,20261004T084442Z-483d17715a,29,114.418685,47.827774999999995,14.214069000000002,1.937488,17.034164999999994,19.541614000000003,35.721548999999996,0.0,0.0,0.0,0.0,0.0,23.31821000000003,281.3232116699219,357.4619445800781,273.876975,274.013555,1.1500310390733779e-14,81.01349699999999,23.31821000000003,55.263163,250.69534499999997,45.640530341718154,32.3155170671398,22.04395259114205
/cephfs/shared/impact/LLM_models/llama-2-7b-hf,FP16,2048,measured,passed,5dee9633ebdc78686d77fff8e22fe46b07065d090315624733ec2ee90043c3b6,ba9457487a4bde6e74b4c1695a75dceea9024aae9a77610029c1c1733b2c4e10,20261004T084442Z-483d17715a,30,114.12417300000006,47.487013999999995,14.150939000000005,1.9283970000000001,16.984039000000003,19.461800999999994,35.61322799999999,0.0,0.0,0.0,0.0,0.0,23.20908900000002,280.77825927734375,360.2188415527344,272.915794,273.044588,1.1452658789362372e-14,80.550389,23.20908900000002,55.07502899999999,249.749591,45.69543939713601,32.252460825851756,22.05209977701224
/cephfs/shared/impact/LLM_models/llama-2-7b-hf,FP16,2048,measured,passed,5dee9633ebdc78686d77fff8e22fe46b07065d090315624733ec2ee90043c3b6,ba9457487a4bde6e74b4c1695a75dceea9024aae9a77610029c1c1733b2c4e10,20261004T084442Z-483d17715a,31,114.09771500000001,47.37712100000002,14.123360999999992,1.9265750000000004,16.956319999999995,19.409091,35.58798100000001,0.0,0.0,0.0,0.0,0.0,23.16821900000002,281.88458251953125,362.15997314453125,272.513483,272.64638299999996,3.4200996429063566e-14,80.38337700000001,23.16821900000002,54.99707200000002,249.47816400000005,45.73454973798828,32.220606289214146,22.04484397279756
/cephfs/shared/impact/LLM_models/llama-2-7b-hf,FP16,4096,measured,passed,5dee9633ebdc78686d77fff8e22fe46b07065d090315624733ec2ee90043c3b6,ba9457487a4bde6e74b4c1695a75dceea9024aae9a77610029c1c1733b2c4e10,20261004T084442Z-483d17715a,0,233.98297200000022,125.527103,28.475209999999997,3.941724,32.89378900000001,75.589918,142.44326999999993,0.0,0.0,0.0,0.0,0.0,93.77284499999992,731.449462890625,770.507080078125,736.177566,736.626831,0.0,190.837826,93.77284499999992,218.03318799999994,642.8539860000001,36.39752993613703,29.686029822641558,33.916440241221416
/cephfs/shared/impact/LLM_models/llama-2-7b-hf,FP16,4096,measured,passed,5dee9633ebdc78686d77fff8e22fe46b07065d090315624733ec2ee90043c3b6,ba9457487a4bde6e74b4c1695a75dceea9024aae9a77610029c1c1733b2c4e10,20261004T084442Z-483d17715a,1,234.52917499999998,126.46532200000003,28.579614000000014,3.9562850000000003,32.98605900000002,75.925757,142.86977,0.0,0.0,0.0,0.0,0.0,94.2186759999999,729.3909301757812,771.5486450195312,739.102563,739.553911,0.0,191.98728000000006,94.2186759999999,218.795527,645.3119820000001,36.34353328960812,29.751079377912443,33.905387332479435
/cephfs/shared/impact/LLM_models/llama-2-7b-hf,FP16,4096,measured,passed,5dee9633ebdc78686d77fff8e22fe46b07065d090315624733ec2ee90043c3b6,ba9457487a4bde6e74b4c1695a75dceea9024aae9a77610029c1c1733b2c4e10,20261004T084442Z-483d17715a,2,234.69643100000008,126.66919200000002,28.637606999999964,3.957913,33.01032400000007,75.96945099999998,142.99713599999998,0.0,0.0,0.0,0.0,0.0,94.32074199999998,731.9231567382812,772.1158447265625,739.8899190000001,740.343357,1.7597965625648574e-14,192.27503600000006,94.32074199999998,218.96658699999995,645.9380540000001,36.334201019220345,29.766791847813945,33.899007132965714
/cephfs/shared/impact/LLM_models/llama-2-7b-hf,FP16,4096,measured,passed,5dee9633ebdc78686d77fff8e22fe46b07065d090315624733ec2ee90043c3b6,ba9457487a4bde6e74b4c1695a75dceea9024aae9a77610029c1c1733b2c4e10,20261004T084442Z-483d17715a,3,234.8170480000001,126.61058699999995,28.50096300000002,3.9588769999999998,33.001718000000025,76.04926900000002,142.96687300000002,0.0,0.0,0.0,0.0,0.0,94.33719199999997,731.977294921875,773.8421630859375,739.886671,740.3395230000001,0.014994010140012632,192.072145,94.33719199999997,219.01614200000006,645.9053350000002,36.35471566433184,29.736887836667265,33.9083964990009
/cephfs/shared/impact/LLM_models/llama-2-7b-hf,FP16,4096,measured,passed,5dee9633ebdc78686d77fff8e22fe46b07065d090315624733ec2ee90043c3b6,ba9457487a4bde6e74b4c1695a75dceea9024aae9a77610029c1c1733b2c4e10,20261004T084442Z-483d17715a,4,234.60581100000002,126.43785200000003,28.602600000000006,3.954841,32.983992000000036,75.914522,142.87528100000003,0.0,0.0,0.0,0.0,0.0,94.14801099999998,732.6215209960938,771.091552734375,739.048943,739.50023,1.7635451632530575e-14,191.9792850000001,94.14801099999998,218.78980300000003,645.3748990000001,36.35186484065597,29.746940157956164,33.90119500138787
/cephfs/shared/impact/LLM_models/llama-2-7b-hf,FP16,4096,measured,passed,5dee9633ebdc78686d77fff8e22fe46b07065d090315624733ec2ee90043c3b6,ba9457487a4bde6e74b4c1695a75dceea9024aae9a77610029c1c1733b2c4e10,20261004T084442Z-483d17715a,5,235.090726,126.82022599999999,28.607863000000023,3.960606000000001,33.03912100000001,75.98047199999998,143.12399700000006,0.0,0.0,0.0,0.0,0.0,94.35683999999983,733.1553344726562,773.9363403320312,740.500596,740.951393,3.51123326378936e-14,192.42781600000004,94.35683999999983,219.10446900000005,646.6230110000001,36.35669037457127,29.758887748583383,33.88442187684533
/cephfs/shared/impact/LLM_models/llama-2-7b-hf,FP16,4096,measured,passed,5dee9633ebdc78686d77fff8e22fe46b07065d090315624733ec2ee90043c3b6,ba9457487a4bde6e74b4c1695a75dceea9024aae9a77610029c1c1733b2c4e10,20261004T084442Z-483d17715a,6,235.41319799999997,126.91575500000002,28.55603500000001,3.966233000000001,33.05086700000004,76.17094600000003,143.14370700000003,0.0,0.0,0.0,0.0,0.0,94.52224999999994,734.3424072265625,775.1541748046875,741.384324,741.8365620000001,0.014641079889470745,192.48889000000005,94.52224999999994,219.31465300000008,647.2167410000002,36.37316266514804,29.741024575876974,33.88581275897498
/cephfs/shared/impact/LLM_models/llama-2-7b-hf,FP16,4096,measured,passed,5dee9633ebdc78686d77fff8e22fe46b07065d090315624733ec2ee90043c3b6,ba9457487a4bde6e74b4c1695a75dceea9024aae9a77610029c1c1733b2c4e10,20261004T084442Z-483d17715a,7,235.14502199999987,126.60351099999998,28.610388999999987,3.9602810000000006,33.03039400000002,76.02728400000001,143.00931899999998,0.0,0.0,0.0,0.0,0.0,94.29611699999988,734.5763549804688,772.9302368164062,740.138434,740.59023,1.759057299685105e-14,192.204575,94.29611699999988,219.03660299999999,646.3861999999999,36.378409996995586,29.735253475399077,33.88633652760532
/cephfs/shared/impact/LLM_models/llama-2-7b-hf,FP16,4096,measured,passed,5dee9633ebdc78686d77fff8e22fe46b07065d090315624733ec2ee90043c3b6,ba9457487a4bde6e74b4c1695a75dceea9024aae9a77610029c1c1733b2c4e10,20261004T084442Z-483d17715a,8,235.84286599999993,126.42895500000002,28.728076000000012,3.9682159999999995,33.05821600000004,76.217996,142.96703099999993,0.0,0.0,0.0,0.0,0.0,94.19001999999998,736.8726806640625,772.8029174804688,740.871429,741.3238,1.754258093858243e-14,192.18346300000007,94.19001999999998,219.18502699999993,647.211356,36.43985288787175,29.694080800399313,33.86606631172892
/cephfs/shared/impact/LLM_models/llama-2-7b-hf,FP16,4096,measured,passed,5dee9633ebdc78686d77fff8e22fe46b07065d090315624733ec2ee90043c3b6,ba9457487a4bde6e74b4c1695a75dceea9024aae9a77610029c1c1733b2c4e10,20261004T084442Z-483d17715a,9,235.38407599999996,126.91777799999998,28.582158999999983,3.964826,33.05977300000002,76.19078800000003,143.12102599999997,0.0,0.0,0.0,0.0,0.0,94.46838799999999,735.0499877929688,776.70458984375,741.33241,741.7864179999999,0.01502554744779914,192.52453599999998,94.46838799999999,219.311814,647.220426,36.36845602273992,29.746362794798443,33.88518118246163
/cephfs/shared/impact/LLM_models/llama-2-7b-hf,FP16,4096,measured,passed,5dee9633ebdc78686d77fff8e22fe46b07065d090315624733ec2ee90043c3b6,ba9457487a4bde6e74b4c1695a75dceea9024aae9a77610029c1c1733b2c4e10,20261004T084442Z-483d17715a,10,235.62689799999998,127.016204,28.549476000000002,3.9685350000000006,33.060626000000006,76.10978200000001,143.15725299999997,0.0,0.0,0.0,0.0,0.0,94.49967999999988,735.4976196289062,774.3057861328125,741.632332,742.0859620000001,0.015057144153694257,192.594841,94.49967999999988,219.26703499999996,647.4887739999999,36.39088544259456,29.74489268905842,33.864221868347016
/cephfs/shared/impact/LLM_models/llama-2-7b-hf,FP16,4096,measured,passed,5dee9633ebdc78686d77fff8e22fe46b07065d090315624733ec2ee90043c3b6,ba9457487a4bde6e74b4c1695a75dceea9024aae9a77610029c1c1733b2c4e10,20261004T084442Z-483d17715a,11,235.97324499999993,127.271997,28.663717000000002,3.9737519999999993,33.10145200000003,76.37445000000001,143.353093,0.0,0.0,0.0,0.0,0.0,94.66212399999996,735.5121459960938,775.1050415039062,743.0145160000001,743.46961,0.014762468384957976,193.01091800000003,94.66212399999996,219.72754300000003,648.711706,36.37567240076903,29.752957471681572,33.87137012754939
/cephfs/shared/impact/LLM_models/llama-2-7b-hf,FP16,4096,measured,passed,5dee9633ebdc78686d77fff8e22fe46b07065d090315624733ec2ee90043c3b6,ba9457487a4bde6e74b4c1695a75dceea9024aae9a77610029c1c1733b2c4e10,20261004T084442Z-483d17715a,12,235.911571,126.52156700000002,28.663768999999984,3.9692080000000005,33.048043000000014,76.104559,142.914298,0.0,0.0,0.0,0.0,0.0,94.23536099999998,737.0531616210938,773.6494140625,741.0361640000001,741.487256,1.7564543047280848e-14,192.20258700000002,94.23536099999998,219.018857,647.133015,36.45488107263389,29.700630711910136,33.84448821545598
/cephfs/shared/impact/LLM_models/llama-2-7b-hf,FP16,4096,measured,passed,5dee9633ebdc78686d77fff8e22fe46b07065d090315624733ec2ee90043c3b6,ba9457487a4bde6e74b4c1695a75dceea9024aae9a77610029c1c1733b2c4e10,20261004T084442Z-483d17715a,13,236.015644,127.282023,28.716633999999974,3.972793,33.099263000000015,76.25687599999999,143.356554,0.0,0.0,0.0,0.0,0.0,94.6875039999999,735.4281616210938,775.9585571289062,743.114756,743.5681559999999,1.7520633639191175e-14,193.07071299999998,94.6875039999999,219.61343,648.699787,36.38287675281756,29.762721812023653,33.854401435158785
/cephfs/shared/impact/LLM_models/llama-2-7b-hf,FP16,4096,measured,passed,5dee9633ebdc78686d77fff8e22fe46b07065d090315624733ec2ee90043c3b6,ba9457487a4bde6e74b4c1695a75dceea9024aae9a77610029c1c1733b2c4e10,20261004T084442Z-483d17715a,14,235.64855600000013,127.05873499999998,28.690811000000007,3.9685349999999997,33.06277900000004,76.15867799999998,143.17933799999994,0.0,0.0,0.0,0.0,0.0,94.50686299999992,735.4722900390625,774.5588989257812,741.664119,742.116626,1.7554836912119874e-14,192.78086000000005,94.50686299999992,219.33801599999993,647.7674320000001,36.37857421643268,29.76081390890304,33.86061187466428
/cephfs/shared/impact/LLM_models/llama-2-7b-hf,FP16,4096,measured,passed,5dee9633ebdc78686d77fff8e22fe46b07065d090315624733ec2ee90043c3b6,ba9457487a4bde6e74b4c1695a75dceea9024aae9a77610029c1c1733b2c4e10,20261004T084442Z-483d17715a,15,235.6517509999998,127.19348699999999,28.677778000000004,3.9676030000000004,33.076451000000034,76.41356800000001,143.47141399999995,0.0,0.0,0.0,0.0,0.0,94.61248699999987,736.28662109375,777.7079467773438,742.6870620000001,743.139875,0.01461197939001188,192.91531900000004,94.61248699999987,219.88498199999998,648.4520519999999,36.340659309070986,29.75012854150087,33.90921214942813
/cephfs/shared/impact/LLM_models/llama-2-7b-hf,FP16,4096,measured,passed,5dee9633ebdc78686d77fff8e22fe46b07065d090315624733ec2ee90043c3b6,ba9457487a4bde6e74b4c1695a75dceea9024aae9a77610029c1c1733b2c4e10,20261004T084442Z-483d17715a,16,236.00586199999992,127.24345100000001,28.676378999999994,3.9724690000000002,33.10995700000004,76.39163200000003,143.332786,0.0,0.0,0.0,0.0,0.0,94.67689699999994,736.4658813476562,775.2809448242188,743.1054300000001,743.5586999999999,0.01466482806018356,193.00225600000005,94.67689699999994,219.72441800000001,648.732536,36.37953222682205,29.75066692199943,33.869800851178525
/cephfs/shared/impact/LLM_models/llama-2-7b-hf,FP16,4096,measured,passed,5dee9633ebdc78686d77fff8e22fe46b07065d090315624733ec2ee90043c3b6,ba9457487a4bde6e74b4c1695a75dceea9024aae9a77610029c1c1733b2c4e10,20261004T084442Z-483d17715a,17,235.680724,127.14447899999999,28.625569000000006,3.972247000000001,33.072404000000034,76.25537100000001,143.306676,0.0,0.0,0.0,0.0,0.0,94.54630499999995,736.6455078125,774.8287963867188,742.0631370000001,742.5156870000001,0.01485813177017475,192.81469900000002,94.54630499999995,219.562047,648.05747,36.3672567496213,29.75271606698709,33.880027183391626
/cephfs/shared/impact/LLM_models/llama-2-7b-hf,FP16,4096,measured,passed,5dee9633ebdc78686d77fff8e22fe46b07065d090315624733ec2ee90043c3b6,ba9457487a4bde6e74b4c1695a75dceea9024aae9a77610029c1c1733b2c4e10,20261004T084442Z-483d17715a,18,235.746146,126.97779,28.600717000000007,3.9669370000000006,33.08334200000001,76.24984099999999,143.083866,0.0,0.0,0.0,0.0,0.0,94.50759499999998,736.1829833984375,774.6754760742188,742.284278,742.7380529999999,0.014794500227046793,192.62878600000002,94.50759499999998,219.333707,647.7086390000001,36.39694328671753,29.740036553688764,33.863020159593695
/cephfs/shared/impact/LLM_models/llama-2-7b-hf,FP16,4096,measured,passed,5dee9633ebdc78686d77fff8e22fe46b07065d090315624733ec2ee90043c3b6,ba9457487a4bde6e74b4c1695a75dceea9024aae9a77610029c1c1733b2c4e10,20261004T084442Z-483d17715a,19,235.85061199999998,127.44751699999996,28.73636699999999,3.9713090000000006,33.07855000000004,76.34357700000001,143.46186700000007,0.0,0.0,0.0,0.0,0.0,94.58780399999986,736.386962890625,775.9287109375,743.0229919999999,743.4767979999999,0.0,193.233743,94.58780399999986,219.80544400000008,648.889799,36.3467899115486,29.779130955331905,33.8740791331195
/cephfs/shared/impact/LLM_models/llama-2-7b-hf,FP16,4096,measured,passed,5dee9633ebdc78686d77fff8e22fe46b07065d090315624733ec2ee90043c3b6,ba9457487a4bde6e74b4c1695a75dceea9024aae9a77610029c1c1733b2c4e10,20261004T084442Z-483d17715a,20,235.87951599999988,127.07575699999998,28.740717000000004,3.97227,33.08052300000002,76.237822,143.241297,0.0,0.0,0.0,0.0,0.0,94.58217099999982,735.8242797851562,776.1975708007812,742.331596,742.783644,3.5049901221323874e-14,192.869267,94.58217099999982,219.479119,648.2279019999999,36.38836206714223,29.753311513579376,33.85832641927839
/cephfs/shared/impact/LLM_models/llama-2-7b-hf,FP16,4096,measured,passed,5dee9633ebdc78686d77fff8e22fe46b07065d090315624733ec2ee90043c3b6,ba9457487a4bde6e74b4c1695a75dceea9024aae9a77610029c1c1733b2c4e10,20261004T084442Z-483d17715a,21,235.9461240000001,127.02062100000002,28.70976099999999,3.971947,33.08770500000005,76.14216699999999,143.26588600000002,0.0,0.0,0.0,0.0,0.0,94.50562699999993,735.3554077148438,775.6334228515625,742.1972180000001,742.6517369999999,1.7540310119521664e-14,192.79003400000005,94.50562699999993,219.408053,648.1442110000002,36.40333740479865,29.74492878715228,33.851733808049076
/cephfs/shared/impact/LLM_models/llama-2-7b-hf,FP16,4096,measured,passed,5dee9633ebdc78686d77fff8e22fe46b07065d090315624733ec2ee90043c3b6,ba9457487a4bde6e74b4c1695a75dceea9024aae9a77610029c1c1733b2c4e10,20261004T084442Z-483d17715a,22,236.32368400000001,127.45955799999996,28.808347999999995,3.9768220000000003,33.152318999999984,76.52437800000001,143.66556400000002,0.0,0.0,0.0,0.0,0.0,94.78952299999999,736.6071166992188,777.4534912109375,744.3693800000001,744.8255300000001,1.7519246137075378e-14,193.39704699999993,94.78952299999999,220.18994200000003,649.910673,36.36248700288694,29.75748130235737,33.880031694755694
/cephfs/shared/impact/LLM_models/llama-2-7b-hf,FP16,4096,measured,passed,5dee9633ebdc78686d77fff8e22fe46b07065d090315624733ec2ee90043c3b6,ba9457487a4bde6e74b4c1695a75dceea9024aae9a77610029c1c1733b2c4e10,20261004T084442Z-483d17715a,23,235.81485099999992,127.215442,28.728054999999987,3.972113,33.096684000000025,76.18637400000003,143.34870199999995,0.0,0.0,0.0,0.0,0.0,94.60696999999998,737.1504516601562,775.1771850585938,742.4631599999999,742.91764,1.7548752361470502e-14,193.012294,94.60696999999998,219.53507599999998,648.3622209999999,36.37085002212058,29.769207357934572,33.859942619944846
/cephfs/shared/impact/LLM_models/llama-2-7b-hf,FP16,4096,measured,passed,5dee9633ebdc78686d77fff8e22fe46b07065d090315624733ec2ee90043c3b6,ba9457487a4bde6e74b4c1695a75dceea9024aae9a77610029c1c1733b2c4e10,20261004T084442Z-483d17715a,24,236.18159400000008,127.32663900000001,28.674410999999992,3.9764659999999994,33.12308400000002,76.36960199999999,143.35917900000007,0.0,0.0,0.0,0.0,0.0,94.6899029999999,735.962158203125,777.3660888671875,743.3413129999999,743.796689,0.014750430269454698,193.10060000000001,94.6899029999999,219.72878100000005,649.0109750000001,36.39100155432657,29.753056179057673,33.85594226661575
/cephfs/shared/impact/LLM_models/llama-2-7b-hf,FP16,4096,measured,passed,5dee9633ebdc78686d77fff8e22fe46b07065d090315624733ec2ee90043c3b6,ba9457487a4bde6e74b4c1695a75dceea9024aae9a77610029c1c1733b2c4e10,20261004T084442Z-483d17715a,25,236.16684199999997,127.340877,28.689962999999985,3.9755330000000004,33.131264000000016,76.45879000000002,143.53204800000003,0.0,0.0,0.0,0.0,0.0,94.76481899999995,736.7510375976562,776.8953857421875,743.5019169999999,743.957481,0.014758484747034886,193.137637,94.76481899999995,219.99083800000005,649.2953170000001,36.37279305989511,29.745730785857493,33.881476154247395
/cephfs/shared/impact/LLM_models/llama-2-7b-hf,FP16,4096,measured,passed,5dee9633ebdc78686d77fff8e22fe46b07065d090315624733ec2ee90043c3b6,ba9457487a4bde6e74b4c1695a75dceea9024aae9a77610029c1c1733b2c4e10,20261004T084442Z-483d17715a,26,236.0586440000001,127.27450299999997,28.678342000000004,3.9731989999999993,33.10222700000001,76.22890100000002,143.30898999999997,0.0,0.0,0.0,0.0,0.0,94.72089300000002,736.3020629882812,775.3206176757812,742.862301,743.315663,1.7528176756901085e-14,193.028271,94.72089300000002,219.537891,648.624806,36.39371202217019,29.75961899921539,33.846668978614424
/cephfs/shared/impact/LLM_models/llama-2-7b-hf,FP16,4096,measured,passed,5dee9633ebdc78686d77fff8e22fe46b07065d090315624733ec2ee90043c3b6,ba9457487a4bde6e74b4c1695a75dceea9024aae9a77610029c1c1733b2c4e10,20261004T084442Z-483d17715a,27,236.063659,127.24138900000001,28.62807499999999,3.9736780000000005,33.10908300000003,76.356062,143.35698399999998,0.0,0.0,0.0,0.0,0.0,94.61006200000001,735.996826171875,775.7826538085938,743.2323450000001,743.686157,0.014829864880124027,192.95222500000003,94.61006200000001,219.71304599999996,648.72893,36.38864371286787,29.743120134938337,33.868236152193795
/cephfs/shared/impact/LLM_models/llama-2-7b-hf,FP16,4096,measured,passed,5dee9633ebdc78686d77fff8e22fe46b07065d090315624733ec2ee90043c3b6,ba9457487a4bde6e74b4c1695a75dceea9024aae9a77610029c1c1733b2c4e10,20261004T084442Z-483d17715a,28,235.71265600000004,127.13332699999998,28.61554,3.967238,33.086722,76.286648,143.24400200000002,0.0,0.0,0.0,0.0,0.0,94.5897409999999,737.0086669921875,774.625,742.2171349999999,742.6700450000001,0.014948137379643397,192.80282699999998,94.5897409999999,219.53065000000004,648.046133,36.372820389933565,29.751404596376158,33.875775013690266
/cephfs/shared/impact/LLM_models/llama-2-7b-hf,FP16,4096,measured,passed,5dee9633ebdc78686d77fff8e22fe46b07065d090315624733ec2ee90043c3b6,ba9457487a4bde6e74b4c1695a75dceea9024aae9a77610029c1c1733b2c4e10,20261004T084442Z-483d17715a,29,235.96278799999993,127.20045500000003,28.774862999999993,3.9729049999999995,33.10997200000004,76.39425199999997,143.44996599999996,0.0,0.0,0.0,0.0,0.0,94.68043999999995,736.12548828125,776.7225952148438,743.15269,743.607882,1.7519190954728653e-14,193.05819500000007,94.68043999999995,219.84421799999993,648.865201,36.36545581984446,29.753205242393648,33.88133893776189
/cephfs/shared/impact/LLM_models/llama-2-7b-hf,FP16,4096,measured,passed,5dee9633ebdc78686d77fff8e22fe46b07065d090315624733ec2ee90043c3b6,ba9457487a4bde6e74b4c1695a75dceea9024aae9a77610029c1c1733b2c4e10,20261004T084442Z-483d17715a,30,236.32832399999998,127.369136,28.731563999999988,3.9768179999999997,33.12318200000003,76.35729900000001,143.43237399999998,0.0,0.0,0.0,0.0,0.0,94.73422099999986,735.1812744140625,776.6946411132812,743.602796,744.05727,3.5017034401197115e-14,193.2007,94.73422099999986,219.789673,649.3186969999999,36.39635283750346,29.75437191207202,33.849275250424526
/cephfs/shared/impact/LLM_models/llama-2-7b-hf,FP16,4096,measured,passed,5dee9633ebdc78686d77fff8e22fe46b07065d090315624733ec2ee90043c3b6,ba9457487a4bde6e74b4c1695a75dceea9024aae9a77610029c1c1733b2c4e10,20261004T084442Z-483d17715a,31,235.846911,126.88496699999999,28.652012999999993,3.9719849999999997,33.08882800000001,76.16829800000001,143.189213,0.0,0.0,0.0,0.0,0.0,94.46250699999993,735.7177734375,774.2990112304688,741.9793030000001,742.4319250000001,1.7562393400342e-14,192.597793,94.46250699999993,219.357511,647.8022149999999,36.40724059580439,29.73095623021295,33.861803173982665
/cephfs/shared/impact/LLM_models/llama-2-7b-hf,FP16,512,measured,passed,5dee9633ebdc78686d77fff8e22fe46b07065d090315624733ec2ee90043c3b6,ba9457487a4bde6e74b4c1695a75dceea9024aae9a77610029c1c1733b2c4e10,20261004T084442Z-483d17715a,0,32.66915599999999,1.2313310000000004,3.9317920000000033,0.5106169999999999,4.368832999999996,1.5320790000000002,3.059229,0.0,0.0,0.0,0.0,0.0,2.0844029999999996,51.79663848876953,363.1983337402344,49.210117,49.387440000000005,4.5063242076408344e-14,10.042572999999999,2.0844029999999996,4.591308000000001,47.30303699999998,69.06354871041367,21.23029225375107,9.706159035835272
/cephfs/shared/impact/LLM_models/llama-2-7b-hf,FP16,512,measured,passed,5dee9633ebdc78686d77fff8e22fe46b07065d090315624733ec2ee90043c3b6,ba9457487a4bde6e74b4c1695a75dceea9024aae9a77610029c1c1733b2c4e10,20261004T084442Z-483d17715a,1,32.62649699999999,1.2268469999999996,3.912808000000006,0.5108419999999999,4.356641999999996,1.5266500000000007,3.0528960000000005,0.0,0.0,0.0,0.0,0.0,2.078127999999998,51.80108642578125,360.2449645996094,49.10790899999999,49.284273,1.5058791789132886e-14,10.007139000000002,2.078127999999998,4.5795460000000014,47.213181999999996,69.1046348030514,21.19564616509009,9.699719031858521
/cephfs/shared/impact/LLM_models/llama-2-7b-hf,FP16,512,measured,passed,5dee9633ebdc78686d77fff8e22fe46b07065d090315624733ec2ee90043c3b6,ba9457487a4bde6e74b4c1695a75dceea9024aae9a77610029c1c1733b2c4e10,20261004T084442Z-483d17715a,2,32.62081499999998,1.230047,3.9193690000000005,0.511385,4.36422099999999,1.52897,3.0583920000000018,0.0,0.0,0.0,0.0,0.0,2.0809419999999985,51.82601547241211,365.7118835449219,49.145479,49.322161,0.0,10.025021999999991,2.0809419999999985,4.5873620000000015,47.23319899999997,69.06331921325084,21.22452472465394,9.71215606209523
/cephfs/shared/impact/LLM_models/llama-2-7b-hf,FP16,512,measured,passed,5dee9633ebdc78686d77fff8e22fe46b07065d090315624733ec2ee90043c3b6,ba9457487a4bde6e74b4c1695a75dceea9024aae9a77610029c1c1733b2c4e10,20261004T084442Z-483d17715a,3,32.57455100000001,1.2294710000000004,3.914078000000002,0.5103929999999999,4.355413999999991,1.5260950000000002,3.0548439999999997,0.0,0.0,0.0,0.0,0.0,2.077891999999999,51.648128509521484,363.2123107910156,49.065020999999994,49.241066,1.5074827766610302e-14,10.009355999999993,2.077891999999999,4.580939,47.164846,69.06531826691432,21.22206865681273,9.712613076272952
/cephfs/shared/impact/LLM_models/llama-2-7b-hf,FP16,512,measured,passed,5dee9633ebdc78686d77fff8e22fe46b07065d090315624733ec2ee90043c3b6,ba9457487a4bde6e74b4c1695a75dceea9024aae9a77610029c1c1733b2c4e10,20261004T084442Z-483d17715a,4,32.58114,1.2312319999999999,3.929682000000004,0.511356,4.362932999999992,1.5289359999999992,3.0577540000000023,0.0,0.0,0.0,0.0,0.0,2.0804159999999974,51.971038818359375,356.0578918457031,49.105367,49.281855,1.5053412582614273e-14,10.035202999999996,2.0804159999999974,4.586690000000002,47.203033,69.0234036444226,21.259657191943568,9.716939163633832
/cephfs/shared/impact/LLM_models/llama-2-7b-hf,FP16,512,measured,passed,5dee9633ebdc78686d77fff8e22fe46b07065d090315624733ec2ee90043c3b6,ba9457487a4bde6e74b4c1695a75dceea9024aae9a77610029c1c1733b2c4e10,20261004T084442Z-483d17715a,5,32.57772400000002,1.2311970000000003,3.9293920000000013,0.510744,4.366916999999988,1.530574,3.057564999999999,0.0,0.0,0.0,0.0,0.0,2.082349999999999,51.82307052612305,358.04962158203125,49.110581999999994,49.287552000000005,1.5062074606990412e-14,10.03824999999999,2.082349999999999,4.588138999999999,47.20411300000001,69.01458777543392,21.265625730537487,9.7197864940286
/cephfs/shared/impact/LLM_models/llama-2-7b-hf,FP16,512,measured,passed,5dee9633ebdc78686d77fff8e22fe46b07065d090315624733ec2ee90043c3b6,ba9457487a4bde6e74b4c1695a75dceea9024aae9a77610029c1c1733b2c4e10,20261004T084442Z-483d17715a,6,32.558568,1.2273580000000002,3.9116610000000023,0.510494,4.355526999999992,1.525324,3.0511919999999977,0.0,0.0,0.0,0.0,0.0,2.077958999999998,51.921504974365234,372.4245300292969,49.042444,49.21893,0.0,10.005039999999994,2.077958999999998,4.576515999999998,47.14012399999999,69.06763333927591,21.224042601160733,9.708324059563353
/cephfs/shared/impact/LLM_models/llama-2-7b-hf,FP16,512,measured,passed,5dee9633ebdc78686d77fff8e22fe46b07065d090315624733ec2ee90043c3b6,ba9457487a4bde6e74b4c1695a75dceea9024aae9a77610029c1c1733b2c4e10,20261004T084442Z-483d17715a,7,32.58332900000002,1.2281900000000001,3.923714000000003,0.510009,4.36231999999999,1.5263520000000002,3.055516,0.0,0.0,0.0,0.0,0.0,2.0795239999999984,51.7289924621582,363.93768310546875,49.092182,49.268252000000004,1.5057467447736674e-14,10.024232999999994,2.0795239999999984,4.581868,47.189430000000016,69.04793933726262,21.242538848212387,9.709521814524987
/cephfs/shared/impact/LLM_models/llama-2-7b-hf,FP16,512,measured,passed,5dee9633ebdc78686d77fff8e22fe46b07065d090315624733ec2ee90043c3b6,ba9457487a4bde6e74b4c1695a75dceea9024aae9a77610029c1c1733b2c4e10,20261004T084442Z-483d17715a,8,32.591229000000006,1.229566,3.926694999999999,0.511356,4.375797999999994,1.5298950000000002,3.0597430000000005,0.0,0.0,0.0,0.0,0.0,2.084232,51.725887298583984,362.0650329589844,49.131837,49.308514,0.0,10.043414999999994,2.084232,4.589638000000001,47.224282,69.01370993845921,21.267480572812083,9.718809488728702
/cephfs/shared/impact/LLM_models/llama-2-7b-hf,FP16,512,measured,passed,5dee9633ebdc78686d77fff8e22fe46b07065d090315624733ec2ee90043c3b6,ba9457487a4bde6e74b4c1695a75dceea9024aae9a77610029c1c1733b2c4e10,20261004T084442Z-483d17715a,9,32.518993000000016,1.2267509999999997,3.908419000000004,0.510297,4.354205999999991,1.5267030000000001,3.0544890000000016,0.0,0.0,0.0,0.0,0.0,2.079840999999999,51.61088180541992,361.95733642578125,48.998742,49.174748,1.5087464463197693e-14,9.999672999999994,2.079840999999999,4.5811920000000015,47.09985800000001,69.04265613709495,21.2307922457006,9.726551617204452
/cephfs/shared/impact/LLM_models/llama-2-7b-hf,FP16,512,measured,passed,5dee9633ebdc78686d77fff8e22fe46b07065d090315624733ec2ee90043c3b6,ba9457487a4bde6e74b4c1695a75dceea9024aae9a77610029c1c1733b2c4e10,20261004T084442Z-483d17715a,10,32.538983,1.225403,3.9205240000000017,0.5097830000000001,4.363093999999989,1.526574,3.0520209999999977,0.0,0.0,0.0,0.0,0.0,2.080746999999999,51.47689437866211,359.6493835449219,49.048289,49.225296,1.5076324383608508e-14,10.01880399999999,2.080746999999999,4.578594999999998,47.13638199999999,69.03156674180045,21.254927881397414,9.713505376802146
/cephfs/shared/impact/LLM_models/llama-2-7b-hf,FP16,512,measured,passed,5dee9633ebdc78686d77fff8e22fe46b07065d090315624733ec2ee90043c3b6,ba9457487a4bde6e74b4c1695a75dceea9024aae9a77610029c1c1733b2c4e10,20261004T084442Z-483d17715a,11,32.534148,1.2271349999999999,3.916589,0.511324,4.360349999999992,1.526802,3.052884,0.0,0.0,0.0,0.0,0.0,2.079184,51.729759216308594,359.60565185546875,49.02643,49.203049,1.5078065426339607e-14,10.015397999999992,2.079184,4.579686000000001,47.129231999999995,69.03178053060573,21.250925540225214,9.71729392916906
/cephfs/shared/impact/LLM_models/llama-2-7b-hf,FP16,512,measured,passed,5dee9633ebdc78686d77fff8e22fe46b07065d090315624733ec2ee90043c3b6,ba9457487a4bde6e74b4c1695a75dceea9024aae9a77610029c1c1733b2c4e10,20261004T084442Z-483d17715a,12,32.491578999999994,1.227899,3.911805999999997,0.510103,4.358722999999992,1.5257359999999998,3.048889000000001,0.0,0.0,0.0,0.0,0.0,2.0789889999999978,51.557376861572266,378.110107421875,48.973296000000005,49.149627,3.021140913865034e-14,10.008530999999989,2.0789889999999978,4.574625000000001,47.07473499999999,69.02126799014377,21.2609396526608,9.71779235719543
/cephfs/shared/impact/LLM_models/llama-2-7b-hf,FP16,512,measured,passed,5dee9633ebdc78686d77fff8e22fe46b07065d090315624733ec2ee90043c3b6,ba9457487a4bde6e74b4c1695a75dceea9024aae9a77610029c1c1733b2c4e10,20261004T084442Z-483d17715a,13,32.454996000000015,1.2268809999999999,3.913270000000001,0.5103580000000001,4.357902999999996,1.5252920000000005,3.0519369999999983,0.0,0.0,0.0,0.0,0.0,2.078151999999999,51.48051071166992,360.7121887207031,48.942492999999985,49.118244,3.02100912455741e-14,10.008411999999996,2.078151999999999,4.577228999999999,47.04063700000002,68.9935299983289,21.276097940595474,9.730372061075613
/cephfs/shared/impact/LLM_models/llama-2-7b-hf,FP16,512,measured,passed,5dee9633ebdc78686d77fff8e22fe46b07065d090315624733ec2ee90043c3b6,ba9457487a4bde6e74b4c1695a75dceea9024aae9a77610029c1c1733b2c4e10,20261004T084442Z-483d17715a,14,32.45332999999999,1.2276090000000002,3.916419999999998,0.509176,4.352269999999989,1.526765,3.048731999999998,0.0,0.0,0.0,0.0,0.0,2.079391999999999,51.4567985534668,372.7856140136719,48.937909000000005,49.113694,3.0178851960614405e-14,10.005474999999986,2.079391999999999,4.575496999999998,47.03430199999997,68.9992805676164,21.272719216711227,9.728000215672385
/cephfs/shared/impact/LLM_models/llama-2-7b-hf,FP16,512,measured,passed,5dee9633ebdc78686d77fff8e22fe46b07065d090315624733ec2ee90043c3b6,ba9457487a4bde6e74b4c1695a75dceea9024aae9a77610029c1c1733b2c4e10,20261004T084442Z-483d17715a,15,32.48585900000002,1.2278989999999999,3.9169260000000015,0.50972,4.359397999999991,1.524976,3.052405,0.0,0.0,0.0,0.0,0.0,2.0798779999999986,51.65011215209961,360.8019714355469,48.97652,49.152877000000004,1.5092743007862457e-14,10.013942999999992,2.0798779999999986,4.577381,47.07718300000001,69.00552864431164,21.27133010486203,9.723141250826327
/cephfs/shared/impact/LLM_models/llama-2-7b-hf,FP16,512,measured,passed,5dee9633ebdc78686d77fff8e22fe46b07065d090315624733ec2ee90043c3b6,ba9457487a4bde6e74b4c1695a75dceea9024aae9a77610029c1c1733b2c4e10,20261004T084442Z-483d17715a,16,32.46187700000001,1.2284140000000003,3.9144329999999963,0.51081,4.3565939999999905,1.5254189999999999,3.055954,0.0,0.0,0.0,0.0,0.0,2.078433999999999,51.740928649902344,356.4638671875,48.954857999999994,49.131024,1.5109067633307442e-14,10.010250999999988,2.078433999999999,4.581372999999999,47.053501,68.98929157258672,21.274189565618055,9.736518861795213
/cephfs/shared/impact/LLM_models/llama-2-7b-hf,FP16,512,measured,passed,5dee9633ebdc78686d77fff8e22fe46b07065d090315624733ec2ee90043c3b6,ba9457487a4bde6e74b4c1695a75dceea9024aae9a77610029c1c1733b2c4e10,20261004T084442Z-483d17715a,17,32.45367900000002,1.2285089999999999,3.9155790000000006,0.5103249999999999,4.35509899999999,1.5277300000000003,3.050414,0.0,0.0,0.0,0.0,0.0,2.0767759999999993,51.85529708862305,380.8560791015625,48.93906499999999,49.115044999999995,3.024829507619303e-14,10.00951199999999,2.0767759999999993,4.578144,47.04133500000001,68.98970660590311,21.278120614561615,9.732172779535272
/cephfs/shared/impact/LLM_models/llama-2-7b-hf,FP16,512,measured,passed,5dee9633ebdc78686d77fff8e22fe46b07065d090315624733ec2ee90043c3b6,ba9457487a4bde6e74b4c1695a75dceea9024aae9a77610029c1c1733b2c4e10,20261004T084442Z-483d17715a,18,32.470806,1.227549,3.925081000000001,0.511197,4.3656229999999905,1.5300959999999997,3.0517700000000008,0.0,0.0,0.0,0.0,0.0,2.0826499999999983,51.5629768371582,361.43890380859375,48.988478,49.164772,3.012882491993286e-14,10.029449999999992,2.0826499999999983,4.581866000000001,47.08212199999999,68.96631804318423,21.302034772349458,9.731647184466327
/cephfs/shared/impact/LLM_models/llama-2-7b-hf,FP16,512,measured,passed,5dee9633ebdc78686d77fff8e22fe46b07065d090315624733ec2ee90043c3b6,ba9457487a4bde6e74b4c1695a75dceea9024aae9a77610029c1c1733b2c4e10,20261004T084442Z-483d17715a,19,32.472596,1.2294980000000002,3.920575000000002,0.5116069999999999,4.35954599999999,1.5287439999999997,3.050356000000002,0.0,0.0,0.0,0.0,0.0,2.0790409999999984,51.666015625,359.27001953125,48.981243,49.157409,3.0185529615644285e-14,10.021225999999992,2.0790409999999984,4.579100000000002,47.072922,68.98359953095753,21.288727306964272,9.727673162078194
/cephfs/shared/impact/LLM_models/llama-2-7b-hf,FP16,512,measured,passed,5dee9633ebdc78686d77fff8e22fe46b07065d090315624733ec2ee90043c3b6,ba9457487a4bde6e74b4c1695a75dceea9024aae9a77610029c1c1733b2c4e10,20261004T084442Z-483d17715a,20,32.44407800000001,1.2281860000000004,3.918010000000003,0.510843,4.35845399999999,1.526728,3.0522479999999983,0.0,0.0,0.0,0.0,0.0,2.0802349999999996,51.210689544677734,367.0430603027344,48.94135899999999,49.117436000000005,0.0,10.015492999999994,2.0802349999999996,4.578975999999998,47.038547,68.97338474336804,21.29209688385994,9.734518372772012
/cephfs/shared/impact/LLM_models/llama-2-7b-hf,FP16,512,measured,passed,5dee9633ebdc78686d77fff8e22fe46b07065d090315624733ec2ee90043c3b6,ba9457487a4bde6e74b4c1695a75dceea9024aae9a77610029c1c1733b2c4e10,20261004T084442Z-483d17715a,21,32.435264,1.228669,3.9176379999999997,0.50953,4.356982999999994,1.5278139999999993,3.05426,0.0,0.0,0.0,0.0,0.0,2.08051,51.63888168334961,358.99859619140625,48.95527,49.131981,3.020418397624773e-14,10.012819999999994,2.08051,4.5820739999999995,47.03015799999999,68.9669466983292,21.29021127252006,9.742842029150744
/cephfs/shared/impact/LLM_models/llama-2-7b-hf,FP16,512,measured,passed,5dee9633ebdc78686d77fff8e22fe46b07065d090315624733ec2ee90043c3b6,ba9457487a4bde6e74b4c1695a75dceea9024aae9a77610029c1c1733b2c4e10,20261004T084442Z-483d17715a,22,32.49836300000001,1.2286640000000002,3.929664999999998,0.511259,4.37487599999999,1.5299969999999994,3.057901999999999,0.0,0.0,0.0,0.0,0.0,2.083975000000001,51.44009780883789,360.1949768066406,49.042528,49.219362999999994,1.5074506987406156e-14,10.044463999999989,2.083975000000001,4.587898999999998,47.130726,68.95366517375525,21.31192292688211,9.734411899362632
/cephfs/shared/impact/LLM_models/llama-2-7b-hf,FP16,512,measured,passed,5dee9633ebdc78686d77fff8e22fe46b07065d090315624733ec2ee90043c3b6,ba9457487a4bde6e74b4c1695a75dceea9024aae9a77610029c1c1733b2c4e10,20261004T084442Z-483d17715a,23,32.49260299999999,1.230298,3.931910999999999,0.511035,4.372878999999991,1.5309849999999996,3.0614219999999985,0.0,0.0,0.0,0.0,0.0,2.0849369999999974,51.35148620605469,357.904052734375,49.040794000000005,49.217605999999996,4.5226188359453835e-14,10.04612299999999,2.0849369999999974,4.592406999999998,47.13113299999998,68.9408485045331,21.31525885448159,9.743892640985312
/cephfs/shared/impact/LLM_models/llama-2-7b-hf,FP16,512,measured,passed,5dee9633ebdc78686d77fff8e22fe46b07065d090315624733ec2ee90043c3b6,ba9457487a4bde6e74b4c1695a75dceea9024aae9a77610029c1c1733b2c4e10,20261004T084442Z-483d17715a,24,32.43543300000002,1.227642,3.9201870000000008,0.5110650000000001,4.362872999999988,1.5260540000000002,3.049687000000001,0.0,0.0,0.0,0.0,0.0,2.0802269999999985,51.515296936035156,363.4905090332031,48.931911,49.10776,1.5107629716132277e-14,10.021766999999988,2.0802269999999985,4.575741000000001,47.03294100000001,68.96322515744872,21.30797434079231,9.728800501758968
/cephfs/shared/impact/LLM_models/llama-2-7b-hf,FP16,512,measured,passed,5dee9633ebdc78686d77fff8e22fe46b07065d090315624733ec2ee90043c3b6,ba9457487a4bde6e74b4c1695a75dceea9024aae9a77610029c1c1733b2c4e10,20261004T084442Z-483d17715a,25,32.52126199999999,1.231197,3.9329410000000005,0.512021,4.3790919999999955,1.5317179999999997,3.061075999999999,0.0,0.0,0.0,0.0,0.0,2.084897999999998,51.53833770751953,355.9760437011719,49.078621,49.255142,6.024123027322546e-14,10.055250999999997,2.084897999999998,4.592793999999999,47.16930699999999,68.9458125810498,21.317360036686566,9.73682738226364
/cephfs/shared/impact/LLM_models/llama-2-7b-hf,FP16,512,measured,passed,5dee9633ebdc78686d77fff8e22fe46b07065d090315624733ec2ee90043c3b6,ba9457487a4bde6e74b4c1695a75dceea9024aae9a77610029c1c1733b2c4e10,20261004T084442Z-483d17715a,26,32.43052800000001,1.228089,3.921980000000003,0.5110009999999999,4.360889999999998,1.5258680000000002,3.0537059999999996,0.0,0.0,0.0,0.0,0.0,2.079935999999999,51.40086364746094,355.1631774902344,48.933774,49.10984,1.5108317800523262e-14,10.02196,2.079935999999999,4.579574,47.03206200000001,68.95408498143246,21.308782931949693,9.737132086617846
/cephfs/shared/impact/LLM_models/llama-2-7b-hf,FP16,512,measured,passed,5dee9633ebdc78686d77fff8e22fe46b07065d090315624733ec2ee90043c3b6,ba9457487a4bde6e74b4c1695a75dceea9024aae9a77610029c1c1733b2c4e10,20261004T084442Z-483d17715a,27,32.425826999999984,1.230552,3.9263950000000016,0.509273,4.361832999999993,1.5267009999999992,3.054733000000001,0.0,0.0,0.0,0.0,0.0,2.0792019999999996,51.38399887084961,359.6695861816406,48.937992,49.114087,4.5319740127179776e-14,10.028052999999995,2.0792019999999996,4.581434,47.03531399999998,68.93932290959086,21.320263749063095,9.740413341346041
/cephfs/shared/impact/LLM_models/llama-2-7b-hf,FP16,512,measured,passed,5dee9633ebdc78686d77fff8e22fe46b07065d090315624733ec2ee90043c3b6,ba9457487a4bde6e74b4c1695a75dceea9024aae9a77610029c1c1733b2c4e10,20261004T084442Z-483d17715a,28,32.45817499999999,1.2313889999999996,3.9287349999999988,0.5098760000000002,4.365429999999994,1.5303419999999996,3.057423,0.0,0.0,0.0,0.0,0.0,2.0825010000000006,51.523521423339844,356.94287109375,48.987922000000005,49.164863,3.018296897509519e-14,10.035429999999993,2.0825010000000006,4.587764999999999,47.08136999999998,68.94059157581864,21.315076430443714,9.744331993737653
/cephfs/shared/impact/LLM_models/llama-2-7b-hf,FP16,512,measured,passed,5dee9633ebdc78686d77fff8e22fe46b07065d090315624733ec2ee90043c3b6,ba9457487a4bde6e74b4c1695a75dceea9024aae9a77610029c1c1733b2c4e10,20261004T084442Z-483d17715a,29,32.40584299999999,1.2264599999999999,3.926033000000001,0.5105869999999999,4.357133999999985,1.5280739999999997,3.0502510000000003,0.0,0.0,0.0,0.0,0.0,2.081542999999998,51.388031005859375,359.6392822265625,48.91020300000001,49.086694,4.526825390746338e-14,10.020213999999987,2.081542999999998,4.5783249999999995,47.00438199999998,68.94217437004066,21.317616727734006,9.740208902225332
/cephfs/shared/impact/LLM_models/llama-2-7b-hf,FP16,512,measured,passed,5dee9633ebdc78686d77fff8e22fe46b07065d090315624733ec2ee90043c3b6,ba9457487a4bde6e74b4c1695a75dceea9024aae9a77610029c1c1733b2c4e10,20261004T084442Z-483d17715a,30,32.44005700000002,1.230458,3.9268440000000027,0.510807,4.370570999999993,1.5290969999999997,3.0555100000000017,0.0,0.0,0.0,0.0,0.0,2.081477,51.25660705566406,359.4180908203125,48.9691,49.145559999999996,6.035308343960459e-14,10.038679999999996,2.081477,4.584607000000002,47.063344000000015,68.9284998533041,21.33014602617271,9.741354120523184
/cephfs/shared/impact/LLM_models/llama-2-7b-hf,FP16,512,measured,passed,5dee9633ebdc78686d77fff8e22fe46b07065d090315624733ec2ee90043c3b6,ba9457487a4bde6e74b4c1695a75dceea9024aae9a77610029c1c1733b2c4e10,20261004T084442Z-483d17715a,31,32.39927900000002,1.22774,3.9181710000000005,0.509848,4.359376999999992,1.5262480000000003,3.051045,0.0,0.0,0.0,0.0,0.0,2.078141999999998,51.2270393371582,355.1983947753906,48.901382,49.077302,3.0235791618185225e-14,10.015135999999993,2.078141999999998,4.577293,46.99170800000001,68.9468001461024,21.31256007974852,9.74063977414909
/cephfs/shared/impact/LLM_models/llama-2-7b-hf,W8A8,1024,measured,passed,5dee9633ebdc78686d77fff8e22fe46b07065d090315624733ec2ee90043c3b6,ba9457487a4bde6e74b4c1695a75dceea9024aae9a77610029c1c1733b2c4e10,20261004T085224Z-f06f524204,0,36.818640000000016,4.5041899999999995,7.000623999999995,0.9815289999999998,7.813792000000014,5.4005030000000005,9.785423999999999,21.143883999999996,31.972840000000012,0.0,10.879774999999961,1.5549419999999996,12.281335000000002,153.8357696533203,931.9733276367188,148.566056,150.1231,1.9637180234043972e-14,20.300135000000008,77.83277599999997,15.185927,72.30470200000002,50.92150161963188,28.07581587155978,21.00268250880834
/cephfs/shared/impact/LLM_models/llama-2-7b-hf,W8A8,1024,measured,passed,5dee9633ebdc78686d77fff8e22fe46b07065d090315624733ec2ee90043c3b6,ba9457487a4bde6e74b4c1695a75dceea9024aae9a77610029c1c1733b2c4e10,20261004T085224Z-f06f524204,1,36.82852800000003,4.506303,6.9977619999999945,0.9817209999999997,7.810999000000013,5.401139000000001,9.787723999999994,21.14412599999998,31.964654999999983,0.0,10.887138999999953,1.555466999999999,12.283313,153.6336669921875,937.5262451171875,148.60343300000002,150.15618,3.9305042122049235e-14,20.296785000000007,77.83469999999991,15.188862999999994,72.31417600000003,50.928503976868946,28.067505049079173,21.003990974051874
/cephfs/shared/impact/LLM_models/llama-2-7b-hf,W8A8,1024,measured,passed,5dee9633ebdc78686d77fff8e22fe46b07065d090315624733ec2ee90043c3b6,ba9457487a4bde6e74b4c1695a75dceea9024aae9a77610029c1c1733b2c4e10,20261004T085224Z-f06f524204,2,36.820691000000004,4.506746000000001,6.999844000000001,0.9814019999999999,7.809411000000022,5.4025810000000005,9.788336999999999,21.13775199999999,31.97570899999998,0.0,10.89212299999998,1.5541259999999995,12.284038999999993,153.7022705078125,951.6520385742188,148.60409900000002,150.162408,7.857398136640803e-14,20.297403000000024,77.84374899999995,15.190918,72.30901200000002,50.92130286609363,28.070364175353436,21.008332958552934
/cephfs/shared/impact/LLM_models/llama-2-7b-hf,W8A8,1024,measured,passed,5dee9633ebdc78686d77fff8e22fe46b07065d090315624733ec2ee90043c3b6,ba9457487a4bde6e74b4c1695a75dceea9024aae9a77610029c1c1733b2c4e10,20261004T085224Z-f06f524204,3,36.83389899999999,4.508344000000001,6.997111999999996,0.9816580000000001,7.813342000000018,5.400121,9.788274,21.13772200000003,31.983695999999988,0.0,10.896649999999967,1.5536789999999998,12.286189999999998,153.55545043945312,911.0103759765625,148.62838,150.184109,1.9643090499165727e-14,20.300456000000015,77.85793699999998,15.188395,72.32275,50.92989273776231,28.06925345067771,21.000853811559985
/cephfs/shared/impact/LLM_models/llama-2-7b-hf,W8A8,1024,measured,passed,5dee9633ebdc78686d77fff8e22fe46b07065d090315624733ec2ee90043c3b6,ba9457487a4bde6e74b4c1695a75dceea9024aae9a77610029c1c1733b2c4e10,20261004T085224Z-f06f524204,4,36.82307399999999,4.5056270000000005,6.995467999999995,0.981787,7.814745000000015,5.403698999999999,9.785228,21.132929,31.98315000000001,0.0,10.895418999999984,1.552873999999999,12.28095899999999,153.20413208007812,905.6803588867188,148.60084500000002,150.153473,7.861423181470713e-14,20.297627000000013,77.84533099999999,15.188927,72.309628,50.92416462161856,28.070434825083062,21.00540055329838
/cephfs/shared/impact/LLM_models/llama-2-7b-hf,W8A8,1024,measured,passed,5dee9633ebdc78686d77fff8e22fe46b07065d090315624733ec2ee90043c3b6,ba9457487a4bde6e74b4c1695a75dceea9024aae9a77610029c1c1733b2c4e10,20261004T085224Z-f06f524204,5,36.857609,4.503643999999998,6.999034000000001,0.9815009999999997,7.811874000000018,5.402680000000001,9.785292999999998,21.146166000000004,31.97355499999998,0.0,10.890027999999969,1.5527419999999996,12.282967999999995,153.4354248046875,937.5764770507812,148.648865,150.200589,1.9639066333406726e-14,20.296053000000015,77.84545899999995,15.187973,72.34163500000001,50.94937237733153,28.055839489942425,20.994788132726054
/cephfs/shared/impact/LLM_models/llama-2-7b-hf,W8A8,1024,measured,passed,5dee9633ebdc78686d77fff8e22fe46b07065d090315624733ec2ee90043c3b6,ba9457487a4bde6e74b4c1695a75dceea9024aae9a77610029c1c1733b2c4e10,20261004T085224Z-f06f524204,6,36.874773000000005,4.510964,6.995325000000003,0.9816910000000001,7.812666000000016,5.404306000000002,9.785350999999995,21.143177000000012,31.977309999999957,0.0,10.894758999999967,1.5550850000000005,12.283967999999994,153.4027557373047,965.5592041015625,148.64559300000002,150.19799,3.928151143511662e-14,20.300646000000018,77.85429899999993,15.189656999999997,72.36507600000002,50.95658712498277,28.053098431071938,20.990314443945298
/cephfs/shared/impact/LLM_models/llama-2-7b-hf,W8A8,1024,measured,passed,5dee9633ebdc78686d77fff8e22fe46b07065d090315624733ec2ee90043c3b6,ba9457487a4bde6e74b4c1695a75dceea9024aae9a77610029c1c1733b2c4e10,20261004T085224Z-f06f524204,7,36.83569699999998,4.507381999999999,6.995354999999997,0.9821669999999999,7.812395000000016,5.4027080000000005,9.785766999999998,21.137509999999967,31.98009099999997,0.0,10.88814299999997,1.5539539999999998,12.28393800000001,153.40850830078125,906.63330078125,148.623439,150.17739300000002,5.895828231981617e-14,20.297299000000013,77.84363599999992,15.188474999999999,72.32147099999999,50.93327955124142,28.06538462139413,21.001335827364464
/cephfs/shared/impact/LLM_models/llama-2-7b-hf,W8A8,1024,measured,passed,5dee9633ebdc78686d77fff8e22fe46b07065d090315624733ec2ee90043c3b6,ba9457487a4bde6e74b4c1695a75dceea9024aae9a77610029c1c1733b2c4e10,20261004T085224Z-f06f524204,8,36.82947000000002,4.506166,6.999585,0.9817249999999998,7.81154400000001,5.403828999999999,9.787143,21.139670999999986,31.98168699999998,0.0,10.891147999999978,1.5534489999999994,12.28049100000001,153.4982147216797,917.9260864257812,148.62224700000004,150.176159,7.858835660588725e-14,20.29902000000001,77.84644599999996,15.190971999999999,72.31946200000003,50.92608404636639,28.06854398336094,21.005371970272666
/cephfs/shared/impact/LLM_models/llama-2-7b-hf,W8A8,1024,measured,passed,5dee9633ebdc78686d77fff8e22fe46b07065d090315624733ec2ee90043c3b6,ba9457487a4bde6e74b4c1695a75dceea9024aae9a77610029c1c1733b2c4e10,20261004T085224Z-f06f524204,9,36.85350000000002,4.511803,6.995886999999999,0.982619,7.817068000000017,5.403119000000002,9.787102000000006,21.138834000000035,31.980949000000013,0.0,10.885836999999965,1.5559799999999993,12.283908000000004,153.223388671875,944.7220458984375,148.63044899999997,150.188638,7.855101883872614e-14,20.307377000000017,77.84550800000001,15.190221000000008,72.35109800000004,50.937029317785885,28.067821444810704,20.995149237403417
/cephfs/shared/impact/LLM_models/llama-2-7b-hf,W8A8,1024,measured,passed,5dee9633ebdc78686d77fff8e22fe46b07065d090315624733ec2ee90043c3b6,ba9457487a4bde6e74b4c1695a75dceea9024aae9a77610029c1c1733b2c4e10,20261004T085224Z-f06f524204,10,36.82504500000001,4.509813999999999,6.992854000000001,0.981275,7.81178600000002,5.399342999999999,9.787908999999996,21.135457,31.977456,0.0,10.889479999999962,1.5536059999999994,12.285569999999998,153.51263427734375,931.3186645507812,148.60348899999997,150.15702,5.89605963958641e-14,20.29572900000002,77.84156899999996,15.187251999999994,72.30802600000001,50.928018696015855,28.06843185015176,21.003549453832402
/cephfs/shared/impact/LLM_models/llama-2-7b-hf,W8A8,1024,measured,passed,5dee9633ebdc78686d77fff8e22fe46b07065d090315624733ec2ee90043c3b6,ba9457487a4bde6e74b4c1695a75dceea9024aae9a77610029c1c1733b2c4e10,20261004T085224Z-f06f524204,11,36.84741799999999,4.5069040000000005,6.996285999999996,0.9808579999999999,7.810901000000015,5.403921000000002,9.787371999999998,21.14367499999997,31.986202999999986,0.0,10.89343999999997,1.5552979999999985,12.28160599999999,153.59429931640625,901.15966796875,148.648907,150.20440599999998,5.895978180080886e-14,20.294949000000013,77.86022199999991,15.191293,72.33366000000001,50.9409008198949,28.057406468855596,21.001692711249504
/cephfs/shared/impact/LLM_models/llama-2-7b-hf,W8A8,1024,measured,passed,5dee9633ebdc78686d77fff8e22fe46b07065d090315624733ec2ee90043c3b6,ba9457487a4bde6e74b4c1695a75dceea9024aae9a77610029c1c1733b2c4e10,20261004T085224Z-f06f524204,12,36.839762000000015,4.506265999999999,6.998843999999998,0.981238,7.818231000000016,5.402730000000001,9.788289,21.140747999999995,31.98511799999998,0.0,10.893238999999962,1.5544729999999995,12.283461,153.5542449951172,903.33349609375,148.619817,150.17511499999998,1.1784067924226107e-13,20.304579000000015,77.85703899999993,15.191019,72.33536000000002,50.92911958964468,28.07006006467654,21.00082034567879
/cephfs/shared/impact/LLM_models/llama-2-7b-hf,W8A8,1024,measured,passed,5dee9633ebdc78686d77fff8e22fe46b07065d090315624733ec2ee90043c3b6,ba9457487a4bde6e74b4c1695a75dceea9024aae9a77610029c1c1733b2c4e10,20261004T085224Z-f06f524204,13,36.867302,4.505785,6.998666999999992,0.9811789999999999,7.8115060000000165,5.404878999999999,9.788735999999998,21.13842399999999,31.983514999999993,0.0,10.889402999999968,1.5539249999999996,12.282141999999999,154.1939239501953,942.27880859375,148.626431,150.180356,1.9655195733092903e-14,20.29713700000001,77.84740899999994,15.193614999999998,72.35805400000001,50.95120717315034,28.050971354204755,20.997821472644905
/cephfs/shared/impact/LLM_models/llama-2-7b-hf,W8A8,1024,measured,passed,5dee9633ebdc78686d77fff8e22fe46b07065d090315624733ec2ee90043c3b6,ba9457487a4bde6e74b4c1695a75dceea9024aae9a77610029c1c1733b2c4e10,20261004T085224Z-f06f524204,14,36.86049199999998,4.511001,6.998187,0.9815899999999999,7.815334000000017,5.404325,9.788266,21.135453999999978,31.983707999999982,0.0,10.902793999999957,1.5564250000000004,12.286012999999997,153.55859375,914.8986206054688,148.661175,150.219362,9.818093019573319e-14,20.306112000000017,77.86439399999992,15.192591,72.359195,50.94099236455018,28.062932430356664,20.99607520509315
/cephfs/shared/impact/LLM_models/llama-2-7b-hf,W8A8,1024,measured,passed,5dee9633ebdc78686d77fff8e22fe46b07065d090315624733ec2ee90043c3b6,ba9457487a4bde6e74b4c1695a75dceea9024aae9a77610029c1c1733b2c4e10,20261004T085224Z-f06f524204,15,36.832872,4.508979999999999,7.000765000000002,0.982426,7.815385000000012,5.402543,9.785437999999996,21.139902999999993,31.982838000000015,0.0,10.894282999999977,1.5554960000000013,12.282304000000002,153.46112060546875,904.8599243164062,148.64374700000002,150.199771,3.9295434355870284e-14,20.307556000000012,77.854824,15.187980999999995,72.32840900000001,50.924488052820294,28.076873638959775,20.998638308219935
/cephfs/shared/impact/LLM_models/llama-2-7b-hf,W8A8,1024,measured,passed,5dee9633ebdc78686d77fff8e22fe46b07065d090315624733ec2ee90043c3b6,ba9457487a4bde6e74b4c1695a75dceea9024aae9a77610029c1c1733b2c4e10,20261004T085224Z-f06f524204,16,36.83488000000003,4.510070999999999,6.998666999999999,0.981273,7.813148000000014,5.404457000000001,9.786808999999998,21.142484000000003,31.981918000000004,0.0,10.891485999999977,1.5553719999999998,12.285787999999998,153.50025939941406,911.7598266601562,148.62856800000003,150.184486,3.9298054288675265e-14,20.30315900000001,77.85704799999998,15.191265999999999,72.32930500000003,50.926633402602185,28.07044668824068,21.002919909157143
/cephfs/shared/impact/LLM_models/llama-2-7b-hf,W8A8,1024,measured,passed,5dee9633ebdc78686d77fff8e22fe46b07065d090315624733ec2ee90043c3b6,ba9457487a4bde6e74b4c1695a75dceea9024aae9a77610029c1c1733b2c4e10,20261004T085224Z-f06f524204,17,36.84006199999996,4.501780999999999,6.997433000000001,0.9809530000000001,7.815373000000012,5.404021,9.786899999999994,21.134091000000016,31.97437899999997,0.0,10.886499999999987,1.5524169999999995,12.279518999999997,153.54293823242188,939.8556518554688,148.60447999999997,150.15804999999997,7.861957266028549e-14,20.295540000000013,77.82690599999997,15.190920999999994,72.32652299999997,50.935756997471,28.06099223102433,21.003250771504668
/cephfs/shared/impact/LLM_models/llama-2-7b-hf,W8A8,1024,measured,passed,5dee9633ebdc78686d77fff8e22fe46b07065d090315624733ec2ee90043c3b6,ba9457487a4bde6e74b4c1695a75dceea9024aae9a77610029c1c1733b2c4e10,20261004T085224Z-f06f524204,18,36.810729999999985,4.505876999999999,6.997905999999995,0.981243,7.813402000000019,5.402920000000002,9.785592,21.137806999999977,31.97333599999995,0.0,10.888475999999972,1.555625999999999,12.281616000000007,153.3488311767578,913.6333618164062,148.576218,150.131844,5.89627018899597e-14,20.298428000000012,77.8368609999999,15.188512000000001,72.29767,50.915513598156046,28.076185581084445,21.00830082075951
/cephfs/shared/impact/LLM_models/llama-2-7b-hf,W8A8,1024,measured,passed,5dee9633ebdc78686d77fff8e22fe46b07065d090315624733ec2ee90043c3b6,ba9457487a4bde6e74b4c1695a75dceea9024aae9a77610029c1c1733b2c4e10,20261004T085224Z-f06f524204,19,36.849611,4.504692000000001,7.001515999999999,0.9820390000000002,7.81165700000002,5.4028930000000015,9.784249999999995,21.134932999999982,31.97280999999998,0.0,10.894925999999964,1.5558519999999998,12.280116,153.40733337402344,903.6279907226562,148.64237699999998,150.198061,1.9630868100894605e-14,20.29990400000002,77.83863699999992,15.187142999999995,72.33665800000001,50.9418212270741,28.063093542419416,20.99508523050649
/cephfs/shared/impact/LLM_models/llama-2-7b-hf,W8A8,1024,measured,passed,5dee9633ebdc78686d77fff8e22fe46b07065d090315624733ec2ee90043c3b6,ba9457487a4bde6e74b4c1695a75dceea9024aae9a77610029c1c1733b2c4e10,20261004T085224Z-f06f524204,20,36.801764999999975,4.503697000000002,6.997332000000002,0.9815269999999999,7.809290000000015,5.403046000000001,9.785306999999998,21.138753999999995,31.97516400000001,0.0,10.889535999999977,1.556391,12.28267900000001,153.05474853515625,901.9541625976562,148.59572399999996,150.153584,3.9333697663073984e-14,20.291846000000017,77.842524,15.188353,72.28196399999999,50.91417410849542,28.073180191949433,21.01264569955515
/cephfs/shared/impact/LLM_models/llama-2-7b-hf,W8A8,1024,measured,passed,5dee9633ebdc78686d77fff8e22fe46b07065d090315624733ec2ee90043c3b6,ba9457487a4bde6e74b4c1695a75dceea9024aae9a77610029c1c1733b2c4e10,20261004T085224Z-f06f524204,21,36.83014600000001,4.502705000000001,6.99493499999999,0.982106,7.814154000000016,5.403334000000001,9.787488999999999,21.132285,31.979471,0.0,10.890060999999985,1.5565210000000003,12.284665000000004,153.22230529785156,908.9319458007812,148.60111300000003,150.15792000000002,3.927918141250111e-14,20.293900000000008,77.843003,15.190823,72.31486900000002,50.93025336186394,28.063246577961724,21.00650006017434
/cephfs/shared/impact/LLM_models/llama-2-7b-hf,W8A8,1024,measured,passed,5dee9633ebdc78686d77fff8e22fe46b07065d090315624733ec2ee90043c3b6,ba9457487a4bde6e74b4c1695a75dceea9024aae9a77610029c1c1733b2c4e10,20261004T085224Z-f06f524204,22,36.834051000000024,4.51077,6.997501999999993,0.98204,7.813014000000011,5.402497000000002,9.786900000000005,21.140945000000006,31.979808,0.0,10.902471999999978,1.5551689999999982,12.284536999999997,153.55990600585938,928.475341796875,148.62456200000003,150.179731,3.929262410293263e-14,20.303326000000002,77.86293099999997,15.189397000000007,72.32677400000003,50.927269340120176,28.07165988075176,21.00107077912807
/cephfs/shared/impact/LLM_models/llama-2-7b-hf,W8A8,1024,measured,passed,5dee9633ebdc78686d77fff8e22fe46b07065d090315624733ec2ee90043c3b6,ba9457487a4bde6e74b4c1695a75dceea9024aae9a77610029c1c1733b2c4e10,20261004T085224Z-f06f524204,23,36.83929700000001,4.504338000000001,6.996857999999993,0.9814669999999999,7.808120000000018,5.406153000000002,9.786699000000002,21.138148000000005,31.977743999999948,0.0,10.89477399999997,1.5540329999999998,12.283281000000008,153.70361328125,901.2150268554688,148.61664400000004,150.17194800000001,5.894294861462328e-14,20.290783000000012,77.84797999999994,15.192852000000006,72.32293200000002,50.93722831922798,28.055808080347195,21.00696360042483
/cephfs/shared/impact/LLM_models/llama-2-7b-hf,W8A8,1024,measured,passed,5dee9633ebdc78686d77fff8e22fe46b07065d090315624733ec2ee90043c3b6,ba9457487a4bde6e74b4c1695a75dceea9024aae9a77610029c1c1733b2c4e10,20261004T085224Z-f06f524204,24,36.859579999999994,4.508881,6.998271000000001,0.9818819999999998,7.815691000000009,5.403207,9.788438000000001,21.145928000000012,31.984494999999995,0.0,10.891622999999951,1.553253,12.283131000000015,153.3619842529297,906.94384765625,148.657322,150.211125,1.9641101827462125e-14,20.30472500000001,77.85842999999997,15.191645000000001,72.35595,50.942016516955405,28.0622740769764,20.995709406068194
/cephfs/shared/impact/LLM_models/llama-2-7b-hf,W8A8,1024,measured,passed,5dee9633ebdc78686d77fff8e22fe46b07065d090315624733ec2ee90043c3b6,ba9457487a4bde6e74b4c1695a75dceea9024aae9a77610029c1c1733b2c4e10,20261004T085224Z-f06f524204,25,36.826131999999994,4.5062549999999995,6.995884999999996,0.9815900000000001,7.807827000000014,5.402220000000002,9.786771,21.132672000000024,31.978508000000026,0.0,10.900079999999967,1.5540239999999998,12.284059,153.6879425048828,910.02197265625,148.609925,150.163949,3.93096944467843e-14,20.291557000000008,77.84934300000002,15.188991000000001,72.30668,50.930470047857256,28.06318448032742,21.00634547181533
/cephfs/shared/impact/LLM_models/llama-2-7b-hf,W8A8,1024,measured,passed,5dee9633ebdc78686d77fff8e22fe46b07065d090315624733ec2ee90043c3b6,ba9457487a4bde6e74b4c1695a75dceea9024aae9a77610029c1c1733b2c4e10,20261004T085224Z-f06f524204,26,36.82923999999998,4.505715,6.997099999999999,0.9809180000000001,7.8131330000000165,5.401028000000002,9.785835,21.133686000000022,31.980507999999976,0.0,10.90232999999996,1.556939999999999,12.283155999999991,153.16201782226562,912.498046875,148.616638,150.175881,7.859468715942918e-14,20.296866000000016,77.85661999999995,15.186863000000002,72.312969,50.930338650595274,28.06808554631468,21.00157580309004
/cephfs/shared/impact/LLM_models/llama-2-7b-hf,W8A8,1024,measured,passed,5dee9633ebdc78686d77fff8e22fe46b07065d090315624733ec2ee90043c3b6,ba9457487a4bde6e74b4c1695a75dceea9024aae9a77610029c1c1733b2c4e10,20261004T085224Z-f06f524204,27,36.823794000000014,4.510100999999999,7.000532000000001,0.9822369999999999,7.812948000000015,5.403238999999999,9.787735999999999,21.145484999999983,31.98891599999997,0.0,10.897612999999954,1.5548569999999982,12.285178,153.4423370361328,907.350341796875,148.63793600000002,150.19282800000002,7.86077524470591e-14,20.305818000000013,77.8720489999999,15.190974999999998,72.32058700000002,50.917443465994,28.07750716956986,21.00504936443615
/cephfs/shared/impact/LLM_models/llama-2-7b-hf,W8A8,1024,measured,passed,5dee9633ebdc78686d77fff8e22fe46b07065d090315624733ec2ee90043c3b6,ba9457487a4bde6e74b4c1695a75dceea9024aae9a77610029c1c1733b2c4e10,20261004T085224Z-f06f524204,28,36.84707700000001,4.504979,6.993936999999995,0.981973,7.814066000000017,5.401160000000001,9.784365000000001,21.134363000000004,31.983185,0.0,10.891341999999968,1.5522929999999986,12.283829000000011,153.603271484375,902.6148681640625,148.629009,150.183767,1.9641070337742922e-14,20.294955000000012,77.84501199999998,15.185525000000002,72.32755700000003,50.94472774740615,28.05978224869396,20.995490003899892
/cephfs/shared/impact/LLM_models/llama-2-7b-hf,W8A8,1024,measured,passed,5dee9633ebdc78686d77fff8e22fe46b07065d090315624733ec2ee90043c3b6,ba9457487a4bde6e74b4c1695a75dceea9024aae9a77610029c1c1733b2c4e10,20261004T085224Z-f06f524204,29,36.85665999999999,4.504365000000001,7.002452999999999,0.9812410000000001,7.813387000000015,5.406664,9.788146999999993,21.143289999999986,31.97708500000001,0.0,10.886712999999961,1.5534429999999992,12.280702999999994,153.48477172851562,918.0624389648438,148.639157,150.1926,7.862693708447021e-14,20.301446000000016,77.84123399999994,15.194810999999994,72.35291699999999,50.94011620844533,28.05891848147604,21.000965310078648
/cephfs/shared/impact/LLM_models/llama-2-7b-hf,W8A8,1024,measured,passed,5dee9633ebdc78686d77fff8e22fe46b07065d090315624733ec2ee90043c3b6,ba9457487a4bde6e74b4c1695a75dceea9024aae9a77610029c1c1733b2c4e10,20261004T085224Z-f06f524204,30,36.827985,4.506381999999999,6.998807999999995,0.981653,7.8095390000000116,5.401378999999998,9.782637999999999,21.13656499999998,31.976282000000037,0.0,10.895406999999988,1.5538699999999994,12.284692000000007,153.40451049804688,931.1049194335938,148.608441,150.164992,3.931058285181318e-14,20.296382000000005,77.846816,15.184016999999997,72.308384,50.931832469108976,28.069195959351,20.998971571540025
/cephfs/shared/impact/LLM_models/llama-2-7b-hf,W8A8,1024,measured,passed,5dee9633ebdc78686d77fff8e22fe46b07065d090315624733ec2ee90043c3b6,ba9457487a4bde6e74b4c1695a75dceea9024aae9a77610029c1c1733b2c4e10,20261004T085224Z-f06f524204,31,36.82568199999998,4.508500999999999,6.999437,0.9816569999999999,7.813353000000008,5.403585,9.785084999999997,21.14679900000002,31.979949,0.0,10.896998999999974,1.5545629999999997,12.284527999999995,153.486083984375,922.1845703125,148.61666,150.172875,3.929641176402418e-14,20.302948000000008,77.86283799999998,15.188669999999997,72.31729999999999,50.92236850656756,28.07481474004147,21.002816753390956
/cephfs/shared/impact/LLM_models/llama-2-7b-hf,W8A8,2048,measured,passed,5dee9633ebdc78686d77fff8e22fe46b07065d090315624733ec2ee90043c3b6,ba9457487a4bde6e74b4c1695a75dceea9024aae9a77610029c1c1733b2c4e10,20261004T085224Z-f06f524204,0,67.53239799999999,45.436045,13.677550999999998,1.8833729999999995,16.57328600000001,18.829333000000002,35.20990499999999,48.23703700000006,63.23665700000001,0.0,20.79428699999996,2.722587,35.084617000000016,374.12335205078125,903.52197265625,366.51140000000004,369.230913,1.4272190452725925e-14,77.570255,170.07518500000003,54.039238,199.141891,33.9116986691665,38.95225389820167,27.136047432631845
/cephfs/shared/impact/LLM_models/llama-2-7b-hf,W8A8,2048,measured,passed,5dee9633ebdc78686d77fff8e22fe46b07065d090315624733ec2ee90043c3b6,ba9457487a4bde6e74b4c1695a75dceea9024aae9a77610029c1c1733b2c4e10,20261004T085224Z-f06f524204,1,67.56056199999999,45.42522399999999,13.677903999999995,1.882192,16.56290699999999,18.807825000000005,35.213165000000004,48.23120199999994,63.231412,0.0,20.796709000000007,2.723568,35.074495,373.56365966796875,911.3458862304688,366.475326,369.19948800000003,7.13608902700377e-14,77.54822699999998,170.05738599999995,54.02099000000001,199.12977899999998,33.92790487654787,38.943561023085344,27.128534100366785
/cephfs/shared/impact/LLM_models/llama-2-7b-hf,W8A8,2048,measured,passed,5dee9633ebdc78686d77fff8e22fe46b07065d090315624733ec2ee90043c3b6,ba9457487a4bde6e74b4c1695a75dceea9024aae9a77610029c1c1733b2c4e10,20261004T085224Z-f06f524204,2,67.566484,45.40822300000001,13.671515999999992,1.8833760000000002,16.565269999999973,18.817494,35.19668299999999,48.235149,63.236604000000035,0.0,20.798081999999976,2.7212579999999993,35.07422499999999,373.5444030761719,908.1973266601562,366.45758499999994,369.181263,4.28138237467881e-14,77.52838499999997,170.065318,54.01417699999999,199.10904599999995,33.934412000547695,38.9376507785588,27.12793722089352
/cephfs/shared/impact/LLM_models/llama-2-7b-hf,W8A8,2048,measured,passed,5dee9633ebdc78686d77fff8e22fe46b07065d090315624733ec2ee90043c3b6,ba9457487a4bde6e74b4c1695a75dceea9024aae9a77610029c1c1733b2c4e10,20261004T085224Z-f06f524204,3,67.58924100000002,45.421581999999994,13.675500000000005,1.8830589999999998,16.570784,18.804631000000004,35.203238999999975,48.23631300000006,63.230314999999926,0.0,20.801432999999975,2.7219899999999995,35.07357100000001,373.8520812988281,926.9569091796875,366.50997800000005,369.23183,2.854310181526927e-14,77.55092499999999,170.06362199999998,54.00786999999998,199.148036,33.93919536319204,38.94134562291139,27.11945901389657
/cephfs/shared/impact/LLM_models/llama-2-7b-hf,W8A8,2048,measured,passed,5dee9633ebdc78686d77fff8e22fe46b07065d090315624733ec2ee90043c3b6,ba9457487a4bde6e74b4c1695a75dceea9024aae9a77610029c1c1733b2c4e10,20261004T085224Z-f06f524204,4,67.610874,45.440454999999986,13.656157999999996,1.880786,16.56054099999999,18.818389,35.21412299999999,48.23433900000002,63.22166400000004,0.0,20.783316999999975,2.717043999999999,35.07761099999998,373.7629699707031,913.9540405273438,366.4957739999999,369.21281799999997,1.4269360448630634e-14,77.53793999999998,170.03397500000003,54.03251199999998,199.18132599999996,33.94438392281815,38.92831800908886,27.127298068092987
/cephfs/shared/impact/LLM_models/llama-2-7b-hf,W8A8,2048,measured,passed,5dee9633ebdc78686d77fff8e22fe46b07065d090315624733ec2ee90043c3b6,ba9457487a4bde6e74b4c1695a75dceea9024aae9a77610029c1c1733b2c4e10,20261004T085224Z-f06f524204,5,67.58856599999997,45.439829,13.661466999999986,1.880531,16.55778399999999,18.810198000000003,35.213812999999995,48.23115000000002,63.21343199999994,0.0,20.802802999999958,2.7162,35.077689,374.120361328125,907.76171875,366.481374,369.20092900000003,5.70857438474383e-14,77.53961099999998,170.04127399999993,54.024011,199.15218799999994,33.93814884926095,38.93485267658722,27.126998474151847
/cephfs/shared/impact/LLM_models/llama-2-7b-hf,W8A8,2048,measured,passed,5dee9633ebdc78686d77fff8e22fe46b07065d090315624733ec2ee90043c3b6,ba9457487a4bde6e74b4c1695a75dceea9024aae9a77610029c1c1733b2c4e10,20261004T085224Z-f06f524204,6,67.59888699999998,45.41175500000001,13.657041000000005,1.880781,16.550463999999995,18.811980000000005,35.201482000000006,48.22400899999997,63.203791,0.0,20.796815999999982,2.7166029999999997,35.06592499999998,374.1405944824219,905.7511596679688,366.403987,369.120951,2.8541646566773965e-14,77.50004100000001,170.00714399999993,54.01346200000001,199.11239,33.95011581147711,38.9227616623958,27.127122526127085
/cephfs/shared/impact/LLM_models/llama-2-7b-hf,W8A8,2048,measured,passed,5dee9633ebdc78686d77fff8e22fe46b07065d090315624733ec2ee90043c3b6,ba9457487a4bde6e74b4c1695a75dceea9024aae9a77610029c1c1733b2c4e10,20261004T085224Z-f06f524204,7,67.618869,45.440876,13.662103999999994,1.8815820000000003,16.56053599999999,18.804213999999998,35.19908400000001,48.226733000000024,63.22757700000003,0.0,20.812699999999964,2.719564,35.08442299999998,373.9824523925781,903.2687377929688,366.541953,369.262676,4.2804691870720754e-14,77.54509799999998,170.070997,54.003298000000015,199.167265,33.9507945746004,38.934660271606376,27.11454515379323
/cephfs/shared/impact/LLM_models/llama-2-7b-hf,W8A8,2048,measured,passed,5dee9633ebdc78686d77fff8e22fe46b07065d090315624733ec2ee90043c3b6,ba9457487a4bde6e74b4c1695a75dceea9024aae9a77610029c1c1733b2c4e10,20261004T085224Z-f06f524204,8,67.65235299999998,45.44251900000001,13.658457000000004,1.8815449999999998,16.554025999999983,18.823033999999996,35.21387299999999,48.22806799999997,63.21635299999998,0.0,20.806477999999977,2.7160009999999994,35.076724,374.51544189453125,904.3279418945312,366.556161,369.270054,4.2798545894278655e-14,77.536547,170.04362399999994,54.036906999999985,199.22580699999997,33.957625278937876,38.918927305436895,27.123447415625222
/cephfs/shared/impact/LLM_models/llama-2-7b-hf,W8A8,2048,measured,passed,5dee9633ebdc78686d77fff8e22fe46b07065d090315624733ec2ee90043c3b6,ba9457487a4bde6e74b4c1695a75dceea9024aae9a77610029c1c1733b2c4e10,20261004T085224Z-f06f524204,9,67.62655899999999,45.412173,13.649912999999989,1.882444,16.553935999999997,18.798096,35.198403000000006,48.21760799999997,63.196551000000014,0.0,20.794738999999975,2.7167140000000014,35.06298499999999,374.75018310546875,915.402587890625,366.383751,369.100816,4.2825045380447724e-14,77.498466,169.98859699999994,53.99649900000001,199.121524,33.96245551033448,38.92018524325878,27.117359246406735
/cephfs/shared/impact/LLM_models/llama-2-7b-hf,W8A8,2048,measured,passed,5dee9633ebdc78686d77fff8e22fe46b07065d090315624733ec2ee90043c3b6,ba9457487a4bde6e74b4c1695a75dceea9024aae9a77610029c1c1733b2c4e10,20261004T085224Z-f06f524204,10,67.650798,45.438925,13.653769999999996,1.8820940000000004,16.55531599999998,18.819637999999994,35.211379999999956,48.224166000000025,63.21822300000009,0.0,20.794824999999957,2.7188609999999986,35.078084999999994,374.0982971191406,913.2407836914062,366.531236,369.250097,5.706358128480311e-14,77.53010499999998,170.03416000000007,54.031017999999946,199.2119209999999,33.95921170801823,38.91840639396275,27.122381898019032
/cephfs/shared/impact/LLM_models/llama-2-7b-hf,W8A8,2048,measured,passed,5dee9633ebdc78686d77fff8e22fe46b07065d090315624733ec2ee90043c3b6,ba9457487a4bde6e74b4c1695a75dceea9024aae9a77610029c1c1733b2c4e10,20261004T085224Z-f06f524204,11,67.63095200000002,45.418194,13.652851999999998,1.881164,16.557128999999986,18.812119,35.20754599999998,48.224556999999976,63.21205099999992,0.0,20.802639999999972,2.7160329999999973,35.07384599999999,374.1058349609375,912.03955078125,366.468746,369.187436,0.0,77.50933899999998,170.02912699999985,54.019664999999975,199.15995599999997,33.95810752237766,38.918134225737624,27.123758251884723
/cephfs/shared/impact/LLM_models/llama-2-7b-hf,W8A8,2048,measured,passed,5dee9633ebdc78686d77fff8e22fe46b07065d090315624733ec2ee90043c3b6,ba9457487a4bde6e74b4c1695a75dceea9024aae9a77610029c1c1733b2c4e10,20261004T085224Z-f06f524204,12,67.63823999999997,45.42951600000001,13.660739999999995,1.881809,16.55430399999999,18.817555,35.208972,48.22353899999998,63.20611599999994,0.0,20.79395899999996,2.7178189999999995,35.06788299999999,374.79046630859375,902.1569213867188,366.51434399999994,369.23448599999995,2.853834765495414e-14,77.52636899999999,170.00931599999987,54.026527,199.19113599999997,33.95645075290899,38.92059182794158,27.12295741914942
/cephfs/shared/impact/LLM_models/llama-2-7b-hf,W8A8,2048,measured,passed,5dee9633ebdc78686d77fff8e22fe46b07065d090315624733ec2ee90043c3b6,ba9457487a4bde6e74b4c1695a75dceea9024aae9a77610029c1c1733b2c4e10,20261004T085224Z-f06f524204,13,67.66627099999998,45.43905099999999,13.66049699999999,1.8808479999999999,16.556287999999977,18.808059000000004,35.204494999999994,48.22269300000004,63.206902000000035,0.0,20.802314999999968,2.7162849999999974,35.07130399999998,374.7343444824219,916.9008178710938,366.51429699999994,369.229117,2.852755579120724e-14,77.53668399999997,170.01949900000002,54.012553999999994,199.21550899999994,33.96636704625241,38.921007902050434,27.112625051697158
/cephfs/shared/impact/LLM_models/llama-2-7b-hf,W8A8,2048,measured,passed,5dee9633ebdc78686d77fff8e22fe46b07065d090315624733ec2ee90043c3b6,ba9457487a4bde6e74b4c1695a75dceea9024aae9a77610029c1c1733b2c4e10,20261004T085224Z-f06f524204,14,67.67715400000002,45.437972000000016,13.664372000000006,1.8819979999999998,16.559063999999992,18.81643500000001,35.213271,48.229906999999955,63.21544700000007,0.0,20.799095999999956,2.719382999999999,35.080209,374.6689453125,910.1131591796875,366.56257200000005,369.27727000000004,0.0,77.54340600000002,170.044042,54.029706000000004,199.25026600000004,33.965903965217294,38.91759221039133,27.11650382439138
/cephfs/shared/impact/LLM_models/llama-2-7b-hf,W8A8,2048,measured,passed,5dee9633ebdc78686d77fff8e22fe46b07065d090315624733ec2ee90043c3b6,ba9457487a4bde6e74b4c1695a75dceea9024aae9a77610029c1c1733b2c4e10,20261004T085224Z-f06f524204,15,67.68676000000002,45.438598,13.660315000000004,1.881423,16.561144999999993,18.815834000000006,35.22032099999998,48.232235000000124,63.22406099999998,0.0,20.806565999999943,2.7163869999999997,35.08087899999999,374.68603515625,901.6110229492188,366.601264,369.317651,2.852689064362721e-14,77.54148099999999,170.06012800000002,54.03615499999998,199.264396,33.96831614615188,38.913866479187774,27.117817374660337
/cephfs/shared/impact/LLM_models/llama-2-7b-hf,W8A8,2048,measured,passed,5dee9633ebdc78686d77fff8e22fe46b07065d090315624733ec2ee90043c3b6,ba9457487a4bde6e74b4c1695a75dceea9024aae9a77610029c1c1733b2c4e10,20261004T085224Z-f06f524204,16,67.67293799999999,45.428520999999996,13.661658,1.8811019999999998,16.555780999999993,18.811703000000005,35.212526,48.224841999999974,63.20902799999996,0.0,20.798320999999937,2.7214769999999997,35.068811,374.8138122558594,915.6919555664062,366.512683,369.23416,4.280072885127359e-14,77.52706199999999,170.02247899999986,54.024229000000005,199.22422899999998,33.968226826466974,38.914474604391614,27.11729856914141
/cephfs/shared/impact/LLM_models/llama-2-7b-hf,W8A8,2048,measured,passed,5dee9633ebdc78686d77fff8e22fe46b07065d090315624733ec2ee90043c3b6,ba9457487a4bde6e74b4c1695a75dceea9024aae9a77610029c1c1733b2c4e10,20261004T085224Z-f06f524204,17,67.656538,45.40912000000001,13.651145000000001,1.880207,16.554300000000005,18.821042,35.196422999999996,48.22098500000004,63.20043800000002,0.0,20.800308999999938,2.715500999999999,35.067579000000016,374.7350158691406,918.7212524414062,366.44758599999994,369.163087,1.4271647079400247e-14,77.49477200000001,170.00481200000002,54.017464999999994,199.168775,33.96945028155141,38.90909707106448,27.121452647384103
/cephfs/shared/impact/LLM_models/llama-2-7b-hf,W8A8,2048,measured,passed,5dee9633ebdc78686d77fff8e22fe46b07065d090315624733ec2ee90043c3b6,ba9457487a4bde6e74b4c1695a75dceea9024aae9a77610029c1c1733b2c4e10,20261004T085224Z-f06f524204,18,67.69013500000001,45.42551600000001,13.657189999999991,1.8805249999999996,16.55209199999999,18.814166000000004,35.20481099999999,48.22833299999997,63.19669899999995,0.0,20.795136999999972,2.7169650000000005,35.07127499999999,375.2470703125,922.2774658203125,366.548819,369.26835100000005,4.281183291634575e-14,77.515323,170.0084089999999,54.01897699999999,199.22443500000003,33.976823676272446,38.90854201694685,27.114634306780683
/cephfs/shared/impact/LLM_models/llama-2-7b-hf,W8A8,2048,measured,passed,5dee9633ebdc78686d77fff8e22fe46b07065d090315624733ec2ee90043c3b6,ba9457487a4bde6e74b4c1695a75dceea9024aae9a77610029c1c1733b2c4e10,20261004T085224Z-f06f524204,19,67.69680500000003,45.43834,13.66199,1.881904,16.557993000000003,18.809644000000002,35.209095999999995,48.22946799999999,63.21021200000003,0.0,20.795568999999986,2.717602000000001,35.07482799999998,374.9266357421875,903.3869018554688,366.558216,369.276612,1.426796216241727e-14,77.540227,170.02767899999998,54.018739999999994,199.25577200000004,33.97482758993803,38.91492137050865,27.11025103955332
/cephfs/shared/impact/LLM_models/llama-2-7b-hf,W8A8,2048,measured,passed,5dee9633ebdc78686d77fff8e22fe46b07065d090315624733ec2ee90043c3b6,ba9457487a4bde6e74b4c1695a75dceea9024aae9a77610029c1c1733b2c4e10,20261004T085224Z-f06f524204,20,67.65358300000003,45.412739,13.650779000000004,1.8812959999999999,16.556324000000004,18.803503000000006,35.20476,48.21990300000002,63.20560400000002,0.0,20.796851999999983,2.7178289999999987,35.06707800000001,374.89434814453125,903.39990234375,366.439959,369.156085,1.426335513013144e-14,77.50113800000001,170.00726600000004,54.00826300000001,199.16298400000005,33.968954291225124,38.913424795844584,27.117620912930285
/cephfs/shared/impact/LLM_models/llama-2-7b-hf,W8A8,2048,measured,passed,5dee9633ebdc78686d77fff8e22fe46b07065d090315624733ec2ee90043c3b6,ba9457487a4bde6e74b4c1695a75dceea9024aae9a77610029c1c1733b2c4e10,20261004T085224Z-f06f524204,21,67.71104900000002,45.438371000000004,13.665016999999992,1.881492,16.555548999999992,18.814768,35.20212200000001,48.231648000000014,63.219481999999985,0.0,20.789681999999978,2.7208040000000002,35.080856,375.23260498046875,908.7578125,366.573909,369.294713,2.8527463447512955e-14,77.54042899999999,170.04247199999998,54.01689000000001,199.26836800000004,33.979828148138395,38.91256288102885,27.107608970832743
/cephfs/shared/impact/LLM_models/llama-2-7b-hf,W8A8,2048,measured,passed,5dee9633ebdc78686d77fff8e22fe46b07065d090315624733ec2ee90043c3b6,ba9457487a4bde6e74b4c1695a75dceea9024aae9a77610029c1c1733b2c4e10,20261004T085224Z-f06f524204,22,67.69718500000003,45.427301,13.659726000000006,1.8808170000000002,16.562017000000004,18.820181000000005,35.20441900000004,48.216455,63.21378599999999,0.0,20.792351999999966,2.7190129999999995,35.07632,374.8699645996094,912.4063720703125,366.55094,369.26926799999995,5.706916650672112e-14,77.52986100000001,170.01792599999996,54.02460000000004,199.25164600000008,33.9757218366969,38.910524734134434,27.113753429168668
/cephfs/shared/impact/LLM_models/llama-2-7b-hf,W8A8,2048,measured,passed,5dee9633ebdc78686d77fff8e22fe46b07065d090315624733ec2ee90043c3b6,ba9457487a4bde6e74b4c1695a75dceea9024aae9a77610029c1c1733b2c4e10,20261004T085224Z-f06f524204,23,67.701393,45.43993000000002,13.659236999999992,1.8812360000000001,16.557552999999988,18.81227,35.20185100000001,48.232527000000005,63.20001799999992,0.0,20.811617999999978,2.7164840000000012,35.07807800000001,374.75714111328125,906.0039672851562,366.559164,369.274941,1.426956147480453e-14,77.537956,170.0387249999999,54.01412100000002,199.25347000000002,33.97752270010655,38.91423120510774,27.10824609478571
/cephfs/shared/impact/LLM_models/llama-2-7b-hf,W8A8,2048,measured,passed,5dee9633ebdc78686d77fff8e22fe46b07065d090315624733ec2ee90043c3b6,ba9457487a4bde6e74b4c1695a75dceea9024aae9a77610029c1c1733b2c4e10,20261004T085224Z-f06f524204,24,67.69973300000001,45.41144899999998,13.654822999999993,1.8793109999999997,16.554097999999986,18.826601000000004,35.21145100000001,48.22150200000002,63.206378000000036,0.0,20.790707999999963,2.717478000000001,35.06649199999997,374.9543151855469,918.94482421875,366.50887900000004,369.226357,5.706252554922352e-14,77.49968099999997,170.002558,54.038052000000015,199.237466,33.97941881071706,38.898146295436206,27.12243489384673
/cephfs/shared/impact/LLM_models/llama-2-7b-hf,W8A8,2048,measured,passed,5dee9633ebdc78686d77fff8e22fe46b07065d090315624733ec2ee90043c3b6,ba9457487a4bde6e74b4c1695a75dceea9024aae9a77610029c1c1733b2c4e10,20261004T085224Z-f06f524204,25,67.70432899999999,45.43775899999999,13.662350999999997,1.8804609999999995,16.561651999999988,18.806516000000002,35.21472600000001,48.226596,63.223230000000044,0.0,20.788938999999957,2.721195,35.077607000000015,374.495361328125,906.1266479492188,366.576777,369.297972,1.426383702463817e-14,77.54222299999998,170.03756700000002,54.021242000000015,199.26779399999998,33.97655368232761,38.91357526645775,27.10987105121464
/cephfs/shared/impact/LLM_models/llama-2-7b-hf,W8A8,2048,measured,passed,5dee9633ebdc78686d77fff8e22fe46b07065d090315624733ec2ee90043c3b6,ba9457487a4bde6e74b4c1695a75dceea9024aae9a77610029c1c1733b2c4e10,20261004T085224Z-f06f524204,26,67.774429,45.439043,13.666909999999998,1.882156,16.571182999999973,18.81454200000001,35.218241000000006,48.23303299999996,63.23547999999991,0.0,20.803263999999935,2.7211779999999988,35.08617399999998,375.0810241699219,909.551025390625,366.687309,369.405684,8.557214574716656e-14,77.55929199999997,170.0791289999998,54.032783000000016,199.366504,33.99489264254741,38.90287006286672,27.102237294585862
/cephfs/shared/impact/LLM_models/llama-2-7b-hf,W8A8,2048,measured,passed,5dee9633ebdc78686d77fff8e22fe46b07065d090315624733ec2ee90043c3b6,ba9457487a4bde6e74b4c1695a75dceea9024aae9a77610029c1c1733b2c4e10,20261004T085224Z-f06f524204,27,67.69804099999999,45.43701500000001,13.659726999999993,1.881684,16.557979000000003,18.81687599999999,35.212383999999986,48.23159300000002,63.21100500000001,0.0,20.79262899999998,2.7185049999999995,35.07590499999997,375.3614501953125,904.1510009765625,366.561892,369.280397,4.278997927952984e-14,77.536405,170.02963699999998,54.02925999999998,199.26370599999996,33.974095111931724,38.91145385000519,27.11445103806309
/cephfs/shared/impact/LLM_models/llama-2-7b-hf,W8A8,2048,measured,passed,5dee9633ebdc78686d77fff8e22fe46b07065d090315624733ec2ee90043c3b6,ba9457487a4bde6e74b4c1695a75dceea9024aae9a77610029c1c1733b2c4e10,20261004T085224Z-f06f524204,28,67.70623499999994,45.436502999999995,13.662212999999996,1.8823480000000001,16.559868999999996,18.81582,35.206151000000006,48.23249599999998,63.21945500000001,0.0,20.791357000000005,2.718972999999999,35.08187599999999,374.9025573730469,911.4528198242188,366.61598899999996,369.334962,4.2778891482867736e-14,77.54093299999998,170.04415699999998,54.02197100000001,199.26913899999994,33.97728084728662,38.912665247176086,27.110053905537285
/cephfs/shared/impact/LLM_models/llama-2-7b-hf,W8A8,2048,measured,passed,5dee9633ebdc78686d77fff8e22fe46b07065d090315624733ec2ee90043c3b6,ba9457487a4bde6e74b4c1695a75dceea9024aae9a77610029c1c1733b2c4e10,20261004T085224Z-f06f524204,29,67.73024900000003,45.42467499999999,13.656679999999996,1.8813889999999998,16.55874699999998,18.809288,35.210385,48.22174399999994,63.20891700000002,0.0,20.792167999999954,2.7201950000000013,35.072061000000005,374.7421569824219,934.6004028320312,366.539621,369.25899200000003,2.852845420486005e-14,77.52149099999997,170.0150849999999,54.019673,199.271413,33.988944013760786,38.902464650059954,27.10859133617926
/cephfs/shared/impact/LLM_models/llama-2-7b-hf,W8A8,2048,measured,passed,5dee9633ebdc78686d77fff8e22fe46b07065d090315624733ec2ee90043c3b6,ba9457487a4bde6e74b4c1695a75dceea9024aae9a77610029c1c1733b2c4e10,20261004T085224Z-f06f524204,30,67.68427799999999,45.423372,13.659985999999995,1.8819360000000003,16.548341000000008,18.801957,35.205826000000016,48.21864300000005,63.200769000000015,0.0,20.792193,2.7167320000000004,35.071542999999984,375.0611877441406,912.6176147460938,366.525163,369.240743,0.0,77.51363500000001,169.99988000000005,54.00778300000002,199.20569600000002,33.97707965137703,38.91135472351152,27.11156562511145
/cephfs/shared/impact/LLM_models/llama-2-7b-hf,W8A8,2048,measured,passed,5dee9633ebdc78686d77fff8e22fe46b07065d090315624733ec2ee90043c3b6,ba9457487a4bde6e74b4c1695a75dceea9024aae9a77610029c1c1733b2c4e10,20261004T085224Z-f06f524204,31,67.72208399999998,45.43937099999999,13.667663999999998,1.8815460000000002,16.563959999999987,18.805000999999994,35.21753500000001,48.222578000000006,63.210273999999906,0.0,20.806216999999975,2.7176799999999983,35.07167099999999,375.8592529296875,910.8643798828125,366.56515999999993,369.28284,2.852206703285548e-14,77.55254099999998,170.02841999999987,54.022536,199.29716099999996,33.98045594839155,38.91301843481854,27.106525616789902
/cephfs/shared/impact/LLM_models/llama-2-7b-hf,W8A8,4096,measured,passed,5dee9633ebdc78686d77fff8e22fe46b07065d090315624733ec2ee90043c3b6,ba9457487a4bde6e74b4c1695a75dceea9024aae9a77610029c1c1733b2c4e10,20261004T085224Z-f06f524204,0,135.11431699999994,117.36162900000002,26.98111200000003,3.746459999999999,31.833909000000002,71.833341,138.56071399999993,96.22378600000002,124.72179000000006,0.0,39.28681699999995,5.670119999999997,113.97465899999996,903.90283203125,970.1982421875,899.5796369999999,905.253734,0.0,179.92311000000007,379.877172,210.39405499999992,525.431482,25.714926042440666,34.24292532208797,40.04214863547136
/cephfs/shared/impact/LLM_models/llama-2-7b-hf,W8A8,4096,measured,passed,5dee9633ebdc78686d77fff8e22fe46b07065d090315624733ec2ee90043c3b6,ba9457487a4bde6e74b4c1695a75dceea9024aae9a77610029c1c1733b2c4e10,20261004T085224Z-f06f524204,1,135.420008,117.60813899999998,27.039102000000018,3.748349,31.87644200000001,71.96331300000001,138.72593000000018,96.27156200000003,124.872161,0.0,39.310903000000025,5.675174999999993,114.14338499999988,904.0201416015625,971.2333374023438,901.0080059999999,906.686769,2.1596874032455077e-14,180.272032,380.27318599999995,210.6892430000002,526.3812830000002,25.72660016104713,34.247424409275574,40.0259754296773
/cephfs/shared/impact/LLM_models/llama-2-7b-hf,W8A8,4096,measured,passed,5dee9633ebdc78686d77fff8e22fe46b07065d090315624733ec2ee90043c3b6,ba9457487a4bde6e74b4c1695a75dceea9024aae9a77610029c1c1733b2c4e10,20261004T085224Z-f06f524204,2,135.49556100000004,117.712425,27.048935999999998,3.7501369999999996,31.864069999999987,72.02765500000001,138.736598,96.28532500000011,124.85400599999996,0.0,39.30519999999999,5.670155999999998,114.165483,904.1171875,971.7352905273438,901.3130739999999,906.9832299999999,0.0,180.375568,380.28017000000006,210.764253,526.6353819999999,25.728533560625834,34.25056009624511,40.02090634312907
/cephfs/shared/impact/LLM_models/llama-2-7b-hf,W8A8,4096,measured,passed,5dee9633ebdc78686d77fff8e22fe46b07065d090315624733ec2ee90043c3b6,ba9457487a4bde6e74b4c1695a75dceea9024aae9a77610029c1c1733b2c4e10,20261004T085224Z-f06f524204,3,135.31877000000011,117.32217899999999,27.030434000000007,3.7441559999999994,31.83572799999996,71.87615100000002,138.59822700000004,96.18783199999989,124.72875300000004,0.0,39.28960899999996,5.663461,113.94638200000004,905.15966796875,991.0828857421875,899.8782210000002,905.541682,4.3158924317356755e-14,179.93249699999996,379.81603699999994,210.47437800000006,525.7256450000002,25.739427263435104,34.22555066721158,40.035022069353296
/cephfs/shared/impact/LLM_models/llama-2-7b-hf,W8A8,4096,measured,passed,5dee9633ebdc78686d77fff8e22fe46b07065d090315624733ec2ee90043c3b6,ba9457487a4bde6e74b4c1695a75dceea9024aae9a77610029c1c1733b2c4e10,20261004T085224Z-f06f524204,4,135.77697,117.96362399999998,27.108417000000014,3.7581749999999996,31.918132,72.10460300000001,138.88382999999988,96.383045,125.06459400000001,0.0,39.282676000000045,5.684041000000002,114.35447500000008,905.7499389648438,972.9461059570312,902.501765,908.178856,0.0,180.748348,380.76883100000015,210.98843299999987,527.5137509999998,25.739038980995215,34.264196460728854,39.99676455827593
/cephfs/shared/impact/LLM_models/llama-2-7b-hf,W8A8,4096,measured,passed,5dee9633ebdc78686d77fff8e22fe46b07065d090315624733ec2ee90043c3b6,ba9457487a4bde6e74b4c1695a75dceea9024aae9a77610029c1c1733b2c4e10,20261004T085224Z-f06f524204,5,136.22422500000005,118.18501300000001,27.13660700000002,3.7620150000000003,31.949323000000003,72.21926499999998,138.981357,96.43390099999996,125.22932099999997,0.0,39.28011700000002,5.689459999999994,114.58512900000001,908.1036987304688,974.88525390625,904.1070520000001,909.796512,2.1500071496792737e-14,181.03295800000004,381.217928,211.20062199999998,528.457805,25.77769193890514,34.25684251176875,39.96546554932611
/cephfs/shared/impact/LLM_models/llama-2-7b-hf,W8A8,4096,measured,passed,5dee9633ebdc78686d77fff8e22fe46b07065d090315624733ec2ee90043c3b6,ba9457487a4bde6e74b4c1695a75dceea9024aae9a77610029c1c1733b2c4e10,20261004T085224Z-f06f524204,6,136.33056399999998,118.31312099999998,27.15002600000001,3.764290999999999,31.965093999999993,72.209443,139.01074000000006,96.44777400000001,125.30173700000009,0.0,39.280861000000044,5.697389000000001,114.6511549999999,908.83837890625,976.5684204101562,904.4510889999999,910.148478,2.1501330085297602e-14,181.19253199999997,381.37891600000006,211.22018300000005,528.743279,25.78388594514881,34.26852674944356,39.94758730540763
/cephfs/shared/impact/LLM_models/llama-2-7b-hf,W8A8,4096,measured,passed,5dee9633ebdc78686d77fff8e22fe46b07065d090315624733ec2ee90043c3b6,ba9457487a4bde6e74b4c1695a75dceea9024aae9a77610029c1c1733b2c4e10,20261004T085224Z-f06f524204,7,136.396211,118.159777,27.20243500000002,3.7635829999999997,31.924117999999986,72.25614200000003,138.98176500000002,96.4050200000001,125.22969000000006,0.0,39.299747000000025,5.693195999999996,114.50372200000002,909.0361938476562,982.2061157226562,904.123996,909.8171920000001,2.1503739673501893e-14,181.049913,381.1313750000002,211.23790700000006,528.684031,25.799192523747706,34.24539089208844,39.95541658416387
/cephfs/shared/impact/LLM_models/llama-2-7b-hf,W8A8,4096,measured,passed,5dee9633ebdc78686d77fff8e22fe46b07065d090315624733ec2ee90043c3b6,ba9457487a4bde6e74b4c1695a75dceea9024aae9a77610029c1c1733b2c4e10,20261004T085224Z-f06f524204,8,136.66581700000006,118.67170899999999,27.237357000000006,3.771835,32.00765399999995,72.45158999999998,139.22831300000004,96.53873399999993,125.45477100000008,0.0,39.312789,5.705027999999995,114.85231500000002,909.3045043945312,977.5611572265625,906.120283,911.8253109999999,2.1451147515311684e-14,181.68855499999995,381.86363700000004,211.67990300000002,530.034275,25.784335739419884,34.27864264061036,39.93702161996977
/cephfs/shared/impact/LLM_models/llama-2-7b-hf,W8A8,4096,measured,passed,5dee9633ebdc78686d77fff8e22fe46b07065d090315624733ec2ee90043c3b6,ba9457487a4bde6e74b4c1695a75dceea9024aae9a77610029c1c1733b2c4e10,20261004T085224Z-f06f524204,9,136.85222200000013,118.80420800000003,27.246226,3.774238,32.04086999999999,72.473625,139.27928299999996,96.56994300000005,125.58162400000009,0.0,39.298089000000104,5.698649999999999,114.968226,909.76708984375,977.5169677734375,906.9475010000001,912.6461509999999,4.285192588602687e-14,181.86554200000003,382.11653200000023,211.75290799999996,530.4706720000001,25.798263546603778,34.28380711686168,39.917929336534534
/cephfs/shared/impact/LLM_models/llama-2-7b-hf,W8A8,4096,measured,passed,5dee9633ebdc78686d77fff8e22fe46b07065d090315624733ec2ee90043c3b6,ba9457487a4bde6e74b4c1695a75dceea9024aae9a77610029c1c1733b2c4e10,20261004T085224Z-f06f524204,10,136.84563500000002,118.75904799999998,27.257402999999996,3.773214,32.013912000000005,72.49765199999997,139.196656,96.53871599999998,125.53753899999994,0.0,39.27260700000005,5.706801999999997,114.921249,910.2130126953125,977.8654174804688,906.652676,912.359478,4.283284423417101e-14,181.803577,381.97691299999997,211.69430799999998,530.34352,25.803206759271802,34.280342861547545,39.916450379180645
/cephfs/shared/impact/LLM_models/llama-2-7b-hf,W8A8,4096,measured,passed,5dee9633ebdc78686d77fff8e22fe46b07065d090315624733ec2ee90043c3b6,ba9457487a4bde6e74b4c1695a75dceea9024aae9a77610029c1c1733b2c4e10,20261004T085224Z-f06f524204,11,136.9636920000001,118.922386,27.25041200000002,3.7756419999999995,32.035453999999994,72.46986499999998,139.33681199999995,96.59593200000003,125.59304299999991,0.0,39.29146799999997,5.714061999999993,115.04081099999999,910.4383544921875,977.6251831054688,907.389635,913.104031,2.140946601090323e-14,181.98389400000002,382.2353159999999,211.80667699999992,530.754263,25.80548128352953,34.287787529273224,39.906731187197245
/cephfs/shared/impact/LLM_models/llama-2-7b-hf,W8A8,4096,measured,passed,5dee9633ebdc78686d77fff8e22fe46b07065d090315624733ec2ee90043c3b6,ba9457487a4bde6e74b4c1695a75dceea9024aae9a77610029c1c1733b2c4e10,20261004T085224Z-f06f524204,12,136.9888709999999,118.90036,27.259626000000004,3.7760620000000014,32.030537999999986,72.52317600000002,139.366722,96.58073700000013,125.57769500000002,0.0,39.301726000000016,5.713582999999999,114.95014700000006,911.2559814453125,977.945068359375,907.1860049999999,912.896378,2.1418998217442146e-14,181.966586,382.1238880000002,211.88989800000002,530.8453549999999,25.80579630389719,34.278643353675015,39.915560342427796
/cephfs/shared/impact/LLM_models/llama-2-7b-hf,W8A8,4096,measured,passed,5dee9633ebdc78686d77fff8e22fe46b07065d090315624733ec2ee90043c3b6,ba9457487a4bde6e74b4c1695a75dceea9024aae9a77610029c1c1733b2c4e10,20261004T085224Z-f06f524204,13,136.77608300000006,119.08206899999999,27.282083000000025,3.7757399999999994,32.017088999999984,72.60290100000002,139.39868500000003,96.580747,125.54112999999992,0.0,39.29874800000006,5.7047829999999955,115.09870399999993,911.35400390625,978.18359375,907.490699,913.196694,0.0,182.156981,382.22411199999993,212.00158600000003,530.9346500000001,25.761378165843958,34.30873856132764,39.92988327282839
/cephfs/shared/impact/LLM_models/llama-2-7b-hf,W8A8,4096,measured,passed,5dee9633ebdc78686d77fff8e22fe46b07065d090315624733ec2ee90043c3b6,ba9457487a4bde6e74b4c1695a75dceea9024aae9a77610029c1c1733b2c4e10,20261004T085224Z-f06f524204,14,136.79360699999995,118.63428599999999,27.265381000000005,3.7771169999999996,32.02613099999998,72.453901,139.16797900000003,96.54299799999998,125.46781099999998,0.0,39.288436000000026,5.704018999999998,114.85953700000005,910.895751953125,988.0570068359375,906.3121029999999,912.016122,2.1445555802761213e-14,181.70291499999996,381.86280100000005,211.62188000000003,530.118402,25.804349836548397,34.275911629266545,39.91973853418506
/cephfs/shared/impact/LLM_models/llama-2-7b-hf,W8A8,4096,measured,passed,5dee9633ebdc78686d77fff8e22fe46b07065d090315624733ec2ee90043c3b6,ba9457487a4bde6e74b4c1695a75dceea9024aae9a77610029c1c1733b2c4e10,20261004T085224Z-f06f524204,15,136.992301,119.15052400000002,27.301957000000016,3.7786529999999994,32.04876599999999,72.65705099999997,139.48057900000006,96.62838699999995,125.62249299999986,0.0,39.312235999999984,5.713062999999993,115.161322,911.76806640625,979.3538818359375,908.148729,913.861792,2.1573622898715192e-14,182.27990000000003,382.43750099999977,212.13763000000003,531.409831,25.779030234011607,34.301190788470755,39.91977897751764
/cephfs/shared/impact/LLM_models/llama-2-7b-hf,W8A8,4096,measured,passed,5dee9633ebdc78686d77fff8e22fe46b07065d090315624733ec2ee90043c3b6,ba9457487a4bde6e74b4c1695a75dceea9024aae9a77610029c1c1733b2c4e10,20261004T085224Z-f06f524204,16,137.17733,119.05498300000001,27.333932000000015,3.781341999999999,32.06539,72.66763,139.39125600000008,96.62175800000016,125.664205,0.0,39.27279200000002,5.717980999999996,115.13214599999998,911.6646118164062,978.1688232421875,908.10774,913.821112,2.1393420744478903e-14,182.23564700000003,382.4088820000001,212.0588860000001,531.4718630000002,25.810835822177847,34.288860744449224,39.90030343337292
/cephfs/shared/impact/LLM_models/llama-2-7b-hf,W8A8,4096,measured,passed,5dee9633ebdc78686d77fff8e22fe46b07065d090315624733ec2ee90043c3b6,ba9457487a4bde6e74b4c1695a75dceea9024aae9a77610029c1c1733b2c4e10,20261004T085224Z-f06f524204,17,137.17807800000003,119.13178599999996,27.303445999999983,3.77779,32.05672599999999,72.637794,139.46545200000003,96.62913199999994,125.65727600000011,0.0,39.27443399999997,5.7096399999999985,115.10246100000003,911.7759399414062,978.8732299804688,908.2954860000001,914.005686,2.138506684626936e-14,182.26974799999994,382.3729430000001,212.103246,531.551072,25.8071303447583,34.290166571237755,39.902703084003946
/cephfs/shared/impact/LLM_models/llama-2-7b-hf,W8A8,4096,measured,passed,5dee9633ebdc78686d77fff8e22fe46b07065d090315624733ec2ee90043c3b6,ba9457487a4bde6e74b4c1695a75dceea9024aae9a77610029c1c1733b2c4e10,20261004T085224Z-f06f524204,18,137.11668600000002,118.921523,27.306182,3.782882,32.05475100000002,72.644897,139.34941900000004,96.62571299999995,125.62491299999996,0.0,39.27819699999996,5.709712999999998,115.04127399999996,911.995849609375,978.863037109375,907.8166130000001,913.537392,4.27830993685936e-14,182.065338,382.2798099999998,211.99431600000003,531.17634,25.813778904384186,34.27587493825497,39.910346157360856
/cephfs/shared/impact/LLM_models/llama-2-7b-hf,W8A8,4096,measured,passed,5dee9633ebdc78686d77fff8e22fe46b07065d090315624733ec2ee90043c3b6,ba9457487a4bde6e74b4c1695a75dceea9024aae9a77610029c1c1733b2c4e10,20261004T085224Z-f06f524204,19,137.23351699999992,119.215629,27.319085000000005,3.7815359999999996,32.053222999999974,72.644292,139.48749199999997,96.63099300000017,125.73794099999994,0.0,39.284067000000064,5.706381999999997,115.19656799999998,912.098388671875,979.36865234375,908.5886999999999,914.2950820000001,2.138036541533694e-14,182.369473,382.55595100000016,212.13178399999998,531.7347739999999,25.808640643840974,34.29707476682727,39.894284589331754
/cephfs/shared/impact/LLM_models/llama-2-7b-hf,W8A8,4096,measured,passed,5dee9633ebdc78686d77fff8e22fe46b07065d090315624733ec2ee90043c3b6,ba9457487a4bde6e74b4c1695a75dceea9024aae9a77610029c1c1733b2c4e10,20261004T085224Z-f06f524204,20,137.178228,119.21324000000003,27.307364000000007,3.7832320000000004,32.07109399999997,72.699388,139.41063199999996,96.62480300000001,125.72095899999985,0.0,39.27319899999995,5.7184059999999945,115.20313099999996,912.0958251953125,979.3907470703125,908.6585680000001,914.376974,2.1386839287361743e-14,182.37493,382.5404979999998,212.11001999999996,531.663178,25.801716890764247,34.302719756905944,39.8955633523298
/cephfs/shared/impact/LLM_models/llama-2-7b-hf,W8A8,4096,measured,passed,5dee9633ebdc78686d77fff8e22fe46b07065d090315624733ec2ee90043c3b6,ba9457487a4bde6e74b4c1695a75dceea9024aae9a77610029c1c1733b2c4e10,20261004T085224Z-f06f524204,21,137.20925799999998,119.35016799999998,27.361635999999983,3.7846100000000003,32.07190700000001,72.75599400000003,139.58837199999994,96.70489399999997,125.74402499999995,0.0,39.27941199999997,5.721531000000001,115.31108299999995,912.5774536132812,980.029052734375,909.1763050000001,914.899418,2.1345752031398642e-14,182.56832099999997,382.7609449999998,212.34436599999998,532.1219449999999,25.78530340446681,34.309489152904604,39.905207442628594
/cephfs/shared/impact/LLM_models/llama-2-7b-hf,W8A8,4096,measured,passed,5dee9633ebdc78686d77fff8e22fe46b07065d090315624733ec2ee90043c3b6,ba9457487a4bde6e74b4c1695a75dceea9024aae9a77610029c1c1733b2c4e10,20261004T085224Z-f06f524204,22,137.318777,119.30160299999999,27.34538800000002,3.788123999999999,32.07436500000001,72.695363,139.57455099999996,96.69610999999999,125.80189199999988,0.0,39.27263300000003,5.711660999999996,115.32764899999994,913.9071044921875,980.2646484375,909.329854,915.041515,2.1527474115032743e-14,182.50948000000002,382.80994499999986,212.26991399999997,532.098171,25.807037964804437,34.2999637937113,39.89299824148427
/cephfs/shared/impact/LLM_models/llama-2-7b-hf,W8A8,4096,measured,passed,5dee9633ebdc78686d77fff8e22fe46b07065d090315624733ec2ee90043c3b6,ba9457487a4bde6e74b4c1695a75dceea9024aae9a77610029c1c1733b2c4e10,20261004T085224Z-f06f524204,23,137.33331899999993,119.432678,27.392029999999988,3.786939999999998,32.08890799999997,72.88461200000002,139.61604100000005,96.70479399999995,125.8494509999998,0.0,39.29538600000002,5.714978999999995,115.36805499999997,913.931396484375,979.8838500976562,909.8329679999999,915.547947,4.3047785814650085e-14,182.70055599999995,382.93266499999976,212.50065300000006,532.5345279999999,25.788622479705193,34.307739009178384,39.90363851111643
/cephfs/shared/impact/LLM_models/llama-2-7b-hf,W8A8,4096,measured,passed,5dee9633ebdc78686d77fff8e22fe46b07065d090315624733ec2ee90043c3b6,ba9457487a4bde6e74b4c1695a75dceea9024aae9a77610029c1c1733b2c4e10,20261004T085224Z-f06f524204,24,137.38144499999999,119.40993300000001,27.372476000000002,3.7886709999999995,32.099016000000006,72.84158900000001,139.63743499999995,96.7127430000001,125.82448800000003,0.0,39.28837500000003,5.725077999999995,115.36723999999997,914.0391845703125,979.5885620117188,909.7485230000001,915.4653390000001,2.1348660892947858e-14,182.67009600000003,382.91792400000014,212.47902399999998,532.530565,25.79785162190643,34.302274461936285,39.899873916157276
/cephfs/shared/impact/LLM_models/llama-2-7b-hf,W8A8,4096,measured,passed,5dee9633ebdc78686d77fff8e22fe46b07065d090315624733ec2ee90043c3b6,ba9457487a4bde6e74b4c1695a75dceea9024aae9a77610029c1c1733b2c4e10,20261004T085224Z-f06f524204,25,137.40416799999994,119.42113199999999,27.368173,3.784574,32.087751999999995,72.80114699999999,139.58613800000006,96.71608100000002,125.83168099999993,0.0,39.29293199999997,5.7178959999999925,115.33274199999991,914.229736328125,980.7286376953125,909.6218529999999,915.3454250000001,4.268964425549179e-14,182.66163099999997,382.8913319999998,212.38728500000005,532.453084,25.80587325511668,34.30567621616029,39.88845052872303
/cephfs/shared/impact/LLM_models/llama-2-7b-hf,W8A8,4096,measured,passed,5dee9633ebdc78686d77fff8e22fe46b07065d090315624733ec2ee90043c3b6,ba9457487a4bde6e74b4c1695a75dceea9024aae9a77610029c1c1733b2c4e10,20261004T085224Z-f06f524204,26,137.31408300000004,119.42689100000001,27.369405999999987,3.788318,32.11163400000001,72.81528599999999,139.63838499999991,96.73892300000001,125.8719020000001,0.0,39.288405,5.720324999999992,115.40799499999987,914.0556030273438,980.3328857421875,909.8938049999999,915.61413,4.2691602816739554e-14,182.696249,383.02754999999996,212.4536709999999,532.4640029999999,25.78842555108839,34.31147419743979,39.90010025147182
/cephfs/shared/impact/LLM_models/llama-2-7b-hf,W8A8,4096,measured,passed,5dee9633ebdc78686d77fff8e22fe46b07065d090315624733ec2ee90043c3b6,ba9457487a4bde6e74b4c1695a75dceea9024aae9a77610029c1c1733b2c4e10,20261004T085224Z-f06f524204,27,137.46366799999998,119.49056500000002,27.381427999999996,3.7871669999999997,32.11136499999998,72.80561700000001,139.659116,96.73227399999992,125.90033900000002,0.0,39.27561400000006,5.717911999999992,115.44227300000006,913.9803466796875,983.7962036132812,910.0539220000001,915.771834,2.1229983595971793e-14,182.770525,383.068412,212.46473300000002,532.698926,25.805133310893886,34.310285994456834,39.88458069464927
/cephfs/shared/impact/LLM_models/llama-2-7b-hf,W8A8,4096,measured,passed,5dee9633ebdc78686d77fff8e22fe46b07065d090315624733ec2ee90043c3b6,ba9457487a4bde6e74b4c1695a75dceea9024aae9a77610029c1c1733b2c4e10,20261004T085224Z-f06f524204,28,137.45243900000003,119.42701500000004,27.384926999999994,3.792444,32.096978999999976,72.82543599999997,139.60829800000008,96.738209,125.82122600000021,0.0,39.27543099999998,5.7266319999999915,115.33450799999994,914.0971069335938,979.4090576171875,909.4807549999999,915.196291,4.2680173719339277e-14,182.701365,382.8960060000001,212.43373400000004,532.5875380000001,25.808421938704846,34.30447615918493,39.887101902110224
/cephfs/shared/impact/LLM_models/llama-2-7b-hf,W8A8,4096,measured,passed,5dee9633ebdc78686d77fff8e22fe46b07065d090315624733ec2ee90043c3b6,ba9457487a4bde6e74b4c1695a75dceea9024aae9a77610029c1c1733b2c4e10,20261004T085224Z-f06f524204,29,137.396404,119.39128499999997,27.373722999999988,3.787549000000001,32.128599999999985,72.784844,139.574259,96.75328099999992,125.83106299999989,0.0,39.280213000000046,5.719238999999993,115.33073800000011,913.8147583007812,980.4610595703125,909.9447959999999,915.6755380000001,2.134523190377328e-14,182.68115699999993,382.91453399999995,212.359103,532.436664,25.80521088983459,34.310401471526,39.88438763863941
/cephfs/shared/impact/LLM_models/llama-2-7b-hf,W8A8,4096,measured,passed,5dee9633ebdc78686d77fff8e22fe46b07065d090315624733ec2ee90043c3b6,ba9457487a4bde6e74b4c1695a75dceea9024aae9a77610029c1c1733b2c4e10,20261004T085224Z-f06f524204,30,137.42856600000002,119.55176300000001,27.39117,3.788541000000001,32.098762999999984,72.88248899999998,139.65297100000004,96.74720100000012,125.88403899999989,0.0,39.27998700000002,5.71780399999999,115.43646099999985,913.2471923828125,981.3632202148438,910.1983280000001,915.9260529999999,2.1478868935248346e-14,182.83023699999998,383.0654919999999,212.53546,532.794263,25.793927514568605,34.315353917390055,39.890718568041336
/cephfs/shared/impact/LLM_models/llama-2-7b-hf,W8A8,4096,measured,passed,5dee9633ebdc78686d77fff8e22fe46b07065d090315624733ec2ee90043c3b6,ba9457487a4bde6e74b4c1695a75dceea9024aae9a77610029c1c1733b2c4e10,20261004T085224Z-f06f524204,31,137.37115,119.521184,27.388760999999988,3.789084999999999,32.11813599999999,72.81389000000003,139.65953599999995,96.72152199999995,125.88396099999984,0.0,39.26051099999998,5.710885999999997,115.411149,914.4344482421875,980.560546875,910.056686,915.789551,2.133782994701356e-14,182.817166,382.98802899999976,212.47342599999996,532.661742,25.78956571654812,34.321437337243566,39.8889969462083
/cephfs/shared/impact/LLM_models/llama-2-7b-hf,W8A8,512,measured,passed,5dee9633ebdc78686d77fff8e22fe46b07065d090315624733ec2ee90043c3b6,ba9457487a4bde6e74b4c1695a75dceea9024aae9a77610029c1c1733b2c4e10,20261004T085224Z-f06f524204,0,21.832757999999995,1.2135799999999999,3.8849280000000035,0.47492399999999985,4.246459999999999,1.5252989999999997,3.0462860000000016,10.36444599999999,16.07804900000002,0.0,6.064774999999955,0.964788000000001,5.341171000000005,103.77574157714844,975.9066772460938,74.06914700000003,75.033935,7.846812657490437e-14,9.819892000000003,38.81322899999997,4.571585000000002,36.224235,60.27113616063941,27.10862493024353,12.620238909117063
/cephfs/shared/impact/LLM_models/llama-2-7b-hf,W8A8,512,measured,passed,5dee9633ebdc78686d77fff8e22fe46b07065d090315624733ec2ee90043c3b6,ba9457487a4bde6e74b4c1695a75dceea9024aae9a77610029c1c1733b2c4e10,20261004T085224Z-f06f524204,1,21.804708999999985,1.2148539999999997,3.885290999999999,0.474895,4.245230999999997,1.523573,3.045379000000001,10.363296000000007,16.084262000000034,0.0,6.0579339999999595,0.9661850000000002,5.334504000000004,100.0962905883789,924.6666259765625,74.02247200000002,74.987973,9.810208334203373e-14,9.820270999999996,38.806181,4.568952000000001,36.19393199999998,60.24410113827919,27.132368486518683,12.62353037520213
/cephfs/shared/impact/LLM_models/llama-2-7b-hf,W8A8,512,measured,passed,5dee9633ebdc78686d77fff8e22fe46b07065d090315624733ec2ee90043c3b6,ba9457487a4bde6e74b4c1695a75dceea9024aae9a77610029c1c1733b2c4e10,20261004T085224Z-f06f524204,2,21.77674999999998,1.21508,3.885986000000004,0.47527900000000023,4.242918999999998,1.5248200000000003,3.0445150000000005,10.36589600000001,16.075064,0.0,6.055398999999959,0.9654450000000008,5.333446,98.26729583740234,911.3119506835938,73.99431800000002,74.95950900000001,7.85923704018804e-14,9.819264000000002,38.79524999999997,4.569335000000001,36.165348999999985,60.21440578383466,27.151027907956887,12.634566308208454
/cephfs/shared/impact/LLM_models/llama-2-7b-hf,W8A8,512,measured,passed,5dee9633ebdc78686d77fff8e22fe46b07065d090315624733ec2ee90043c3b6,ba9457487a4bde6e74b4c1695a75dceea9024aae9a77610029c1c1733b2c4e10,20261004T085224Z-f06f524204,3,21.781928000000004,1.2147620000000001,3.886659000000004,0.4747010000000001,4.244719999999996,1.525271,3.0455760000000014,10.362504000000008,16.080225000000027,0.0,6.060915999999962,0.9672899999999995,5.3330160000000015,99.6385269165039,921.759765625,74.00893000000003,74.978733,1.9640049962611517e-14,9.820841999999999,38.803951,4.570847000000001,36.17361700000001,60.214957215917885,27.149184445669334,12.635858338412772
/cephfs/shared/impact/LLM_models/llama-2-7b-hf,W8A8,512,measured,passed,5dee9633ebdc78686d77fff8e22fe46b07065d090315624733ec2ee90043c3b6,ba9457487a4bde6e74b4c1695a75dceea9024aae9a77610029c1c1733b2c4e10,20261004T085224Z-f06f524204,4,21.796538999999992,1.214853,3.8876910000000002,0.4754710000000001,4.24643,1.5257469999999997,3.0465289999999987,10.374340000000007,16.07906800000003,0.0,6.060042999999955,0.9666190000000007,5.334184000000006,98.70976257324219,902.0968017578125,74.03925900000002,75.005878,1.965987163388111e-14,9.824445,38.814254,4.572275999999999,36.193259999999995,60.22264642643408,27.14440478696863,12.63294878659728
/cephfs/shared/impact/LLM_models/llama-2-7b-hf,W8A8,512,measured,passed,5dee9633ebdc78686d77fff8e22fe46b07065d090315624733ec2ee90043c3b6,ba9457487a4bde6e74b4c1695a75dceea9024aae9a77610029c1c1733b2c4e10,20261004T085224Z-f06f524204,5,21.776067000000005,1.214474,3.8955810000000026,0.47672100000000006,4.252001999999998,1.5251950000000003,3.049,10.379732000000004,16.10043300000002,0.0,6.062211999999953,0.9679100000000012,5.339242000000003,98.89030456542969,929.5943603515625,74.07186600000003,75.03993700000001,9.812105216120402e-14,9.838778000000001,38.84952899999998,4.5741950000000005,36.189040000000006,60.17309936931182,27.187176006879433,12.639724623808753
/cephfs/shared/impact/LLM_models/llama-2-7b-hf,W8A8,512,measured,passed,5dee9633ebdc78686d77fff8e22fe46b07065d090315624733ec2ee90043c3b6,ba9457487a4bde6e74b4c1695a75dceea9024aae9a77610029c1c1733b2c4e10,20261004T085224Z-f06f524204,6,21.785267,1.2176409999999998,3.893959,0.47614799999999996,4.251247999999999,1.5271450000000002,3.049158,10.392694999999987,16.09480700000001,0.0,6.064007999999965,0.9672060000000003,5.343503000000005,98.51068878173828,930.0394287109375,74.09947900000003,75.06658800000001,7.852462114191638e-14,9.838995999999998,38.86221899999997,4.576303,36.200566,60.17935465428911,27.17912200599294,12.641523339717947
/cephfs/shared/impact/LLM_models/llama-2-7b-hf,W8A8,512,measured,passed,5dee9633ebdc78686d77fff8e22fe46b07065d090315624733ec2ee90043c3b6,ba9457487a4bde6e74b4c1695a75dceea9024aae9a77610029c1c1733b2c4e10,20261004T085224Z-f06f524204,7,21.770890999999985,1.2159130000000002,3.8936380000000015,0.47691300000000003,4.252204999999993,1.5276330000000002,3.047652,10.385338000000008,16.09689299999999,0.0,6.062607999999961,0.9664560000000001,5.337679999999999,99.0994873046875,915.9722290039062,74.07018900000003,75.03664500000001,1.7679685652118864e-13,9.838668999999994,38.84897499999996,4.575285,36.18484499999998,60.16577105691622,27.190026653423548,12.644202289660223
/cephfs/shared/impact/LLM_models/llama-2-7b-hf,W8A8,512,measured,passed,5dee9633ebdc78686d77fff8e22fe46b07065d090315624733ec2ee90043c3b6,ba9457487a4bde6e74b4c1695a75dceea9024aae9a77610029c1c1733b2c4e10,20261004T085224Z-f06f524204,8,21.777851000000005,1.2177010000000001,3.8966700000000025,0.4762030000000001,4.253064999999992,1.5265170000000003,3.0474019999999986,10.392541000000008,16.101029000000004,0.0,6.0604719999999626,0.966656000000001,5.336915000000001,98.9981460571289,926.0364379882812,74.08162400000003,75.048157,5.889465531390141e-14,9.843638999999994,38.85761299999998,4.573918999999999,36.195409,60.16744001981027,27.195821989468318,12.63673799072142
/cephfs/shared/impact/LLM_models/llama-2-7b-hf,W8A8,512,measured,passed,5dee9633ebdc78686d77fff8e22fe46b07065d090315624733ec2ee90043c3b6,ba9457487a4bde6e74b4c1695a75dceea9024aae9a77610029c1c1733b2c4e10,20261004T085224Z-f06f524204,9,21.78539499999999,1.2155910000000003,3.8963560000000017,0.47573100000000007,4.248607999999994,1.527473,3.0481640000000016,10.388963000000007,16.095925000000015,0.0,6.061925999999957,0.9653730000000009,5.339775,98.76412963867188,948.110107421875,74.08012700000002,75.04517600000001,9.816526894824578e-14,9.836285999999996,38.85196199999998,4.575637000000002,36.19731799999999,60.1851081895073,27.174074057088976,12.640817753403729
/cephfs/shared/impact/LLM_models/llama-2-7b-hf,W8A8,512,measured,passed,5dee9633ebdc78686d77fff8e22fe46b07065d090315624733ec2ee90043c3b6,ba9457487a4bde6e74b4c1695a75dceea9024aae9a77610029c1c1733b2c4e10,20261004T085224Z-f06f524204,10,21.72946199999999,1.215012,3.8857590000000024,0.47479899999999997,4.243183999999998,1.5238639999999997,3.043456000000001,10.35888399999999,16.069950999999996,0.0,6.057284999999959,0.9646390000000014,5.332235,98.03292846679688,927.61572265625,73.93103300000001,74.89567100000001,1.7712733831945563e-13,9.818754,38.782993999999945,4.5673200000000005,36.11553599999999,60.166522241286955,27.18706431492531,12.64641344378774
/cephfs/shared/impact/LLM_models/llama-2-7b-hf,W8A8,512,measured,passed,5dee9633ebdc78686d77fff8e22fe46b07065d090315624733ec2ee90043c3b6,ba9457487a4bde6e74b4c1695a75dceea9024aae9a77610029c1c1733b2c4e10,20261004T085224Z-f06f524204,11,21.696002,1.212581,3.8860590000000035,0.474705,4.239209999999999,1.5234420000000004,3.0446090000000012,10.36389000000001,16.06509100000002,0.0,6.0584589999999565,0.9653030000000007,5.3312310000000025,101.11599731445312,938.899169921875,73.91210600000002,74.87771000000001,3.94191993163441e-14,9.812555000000003,38.78397399999999,4.568051000000001,36.07660800000001,60.13869707484694,27.199217287833715,12.662085637319343
/cephfs/shared/impact/LLM_models/llama-2-7b-hf,W8A8,512,measured,passed,5dee9633ebdc78686d77fff8e22fe46b07065d090315624733ec2ee90043c3b6,ba9457487a4bde6e74b4c1695a75dceea9024aae9a77610029c1c1733b2c4e10,20261004T085224Z-f06f524204,12,21.703607999999996,1.2126440000000003,3.8845900000000007,0.47515600000000013,4.244721999999998,1.524561,3.043704000000002,10.355569999999997,16.060536999999997,0.0,6.058176999999965,0.9656680000000003,5.330470000000004,98.19276428222656,914.375732421875,73.90408000000002,74.869748,7.868095201216782e-14,9.817111999999998,38.77042199999996,4.568265000000002,36.088984999999994,60.13914772055795,27.20251622482594,12.658336054616118
/cephfs/shared/impact/LLM_models/llama-2-7b-hf,W8A8,512,measured,passed,5dee9633ebdc78686d77fff8e22fe46b07065d090315624733ec2ee90043c3b6,ba9457487a4bde6e74b4c1695a75dceea9024aae9a77610029c1c1733b2c4e10,20261004T085224Z-f06f524204,13,21.696973999999997,1.2126130000000002,3.8856350000000015,0.474893,4.243461999999999,1.5246850000000003,3.043297,10.359616999999993,16.068598000000016,0.0,6.054985999999966,0.965665000000001,5.3282290000000065,98.5789794921875,916.832275390625,73.89336200000001,74.860853,3.9389710510807244e-14,9.816603,38.77709499999998,4.567982000000001,36.081559,60.13313892562125,27.20670412273483,12.660156951643916
/cephfs/shared/impact/LLM_models/llama-2-7b-hf,W8A8,512,measured,passed,5dee9633ebdc78686d77fff8e22fe46b07065d090315624733ec2ee90043c3b6,ba9457487a4bde6e74b4c1695a75dceea9024aae9a77610029c1c1733b2c4e10,20261004T085224Z-f06f524204,14,21.675815999999994,1.2137400000000003,3.8845120000000035,0.4755069999999999,4.241802999999995,1.5247069999999998,3.0435500000000015,10.366722999999983,16.06473800000001,0.0,6.05436399999996,0.9653840000000007,5.330388000000002,99.23107147216797,912.3919067382812,73.88611800000002,74.853602,1.9688945447031332e-14,9.815561999999998,38.781596999999955,4.568257000000001,36.05963499999999,60.11102441830041,27.22035871965981,12.668616862039789
/cephfs/shared/impact/LLM_models/llama-2-7b-hf,W8A8,512,measured,passed,5dee9633ebdc78686d77fff8e22fe46b07065d090315624733ec2ee90043c3b6,ba9457487a4bde6e74b4c1695a75dceea9024aae9a77610029c1c1733b2c4e10,20261004T085224Z-f06f524204,15,21.691931999999994,1.2134119999999997,3.8865710000000053,0.47533900000000007,4.241704000000002,1.5254889999999997,3.046079000000002,10.36248800000001,16.067043000000023,0.0,6.057954999999961,0.9650910000000005,5.327240999999996,99.90345764160156,901.30126953125,73.89667300000002,74.863514,1.9688907802406966e-14,9.817026000000007,38.77981799999999,4.571568000000002,36.080526,60.12088626424126,27.208655439225048,12.67045829653371
/cephfs/shared/impact/LLM_models/llama-2-7b-hf,W8A8,512,measured,passed,5dee9633ebdc78686d77fff8e22fe46b07065d090315624733ec2ee90043c3b6,ba9457487a4bde6e74b4c1695a75dceea9024aae9a77610029c1c1733b2c4e10,20261004T085224Z-f06f524204,16,21.682935999999994,1.212165,3.884664000000003,0.475792,4.239809000000001,1.52328,3.0447970000000004,10.36291699999999,16.061144999999993,0.0,6.052456999999958,0.9653040000000007,5.330343000000003,99.05238342285156,899.7130737304688,73.86842800000002,74.83443799999999,5.912793462195442e-14,9.812430000000004,38.77216599999994,4.568077000000001,36.063443,60.12442017807339,27.20879978098598,12.666780040940628
/cephfs/shared/impact/LLM_models/llama-2-7b-hf,W8A8,512,measured,passed,5dee9633ebdc78686d77fff8e22fe46b07065d090315624733ec2ee90043c3b6,ba9457487a4bde6e74b4c1695a75dceea9024aae9a77610029c1c1733b2c4e10,20261004T085224Z-f06f524204,17,21.676384000000013,1.2121670000000002,3.885484000000005,0.47486100000000003,4.240861,1.5251350000000004,3.043653000000002,10.359890999999987,16.066458000000004,0.0,6.05293999999996,0.9649580000000003,5.330950000000001,98.44857788085938,901.3784790039062,73.87356600000003,74.838524,9.848091490351149e-14,9.813373000000006,38.775196999999956,4.568788000000002,36.058545000000024,60.114416707607035,27.215110870391467,12.670472422001497
/cephfs/shared/impact/LLM_models/llama-2-7b-hf,W8A8,512,measured,passed,5dee9633ebdc78686d77fff8e22fe46b07065d090315624733ec2ee90043c3b6,ba9457487a4bde6e74b4c1695a75dceea9024aae9a77610029c1c1733b2c4e10,20261004T085224Z-f06f524204,18,21.68131000000002,1.2146940000000002,3.8870100000000036,0.47463900000000003,4.242593999999995,1.5253919999999999,3.043892000000001,10.36017600000001,16.06705600000001,0.0,6.058589999999954,0.965307,5.329434000000003,98.6102066040039,899.916748046875,73.87575800000002,74.83977,3.941174783057617e-14,9.818936999999998,38.78056299999998,4.569284000000001,36.06953100000002,60.10976411087798,27.222247497479223,12.667988391642792
/cephfs/shared/impact/LLM_models/llama-2-7b-hf,W8A8,512,measured,passed,5dee9633ebdc78686d77fff8e22fe46b07065d090315624733ec2ee90043c3b6,ba9457487a4bde6e74b4c1695a75dceea9024aae9a77610029c1c1733b2c4e10,20261004T085224Z-f06f524204,19,21.68119399999999,1.212899,3.8851169999999997,0.475215,4.240339999999995,1.5243919999999997,3.043096000000001,10.366846,16.06067000000004,0.0,6.053941999999957,0.9655950000000003,5.331454,98.494140625,898.547607421875,73.87402200000002,74.837919,7.878647035029013e-14,9.813570999999994,38.778507,4.567488000000001,36.062252999999984,60.12157365764141,27.212861603516558,12.665564738842033
/cephfs/shared/impact/LLM_models/llama-2-7b-hf,W8A8,512,measured,passed,5dee9633ebdc78686d77fff8e22fe46b07065d090315624733ec2ee90043c3b6,ba9457487a4bde6e74b4c1695a75dceea9024aae9a77610029c1c1733b2c4e10,20261004T085224Z-f06f524204,20,21.674346999999983,1.2151029999999996,3.884766,0.47473399999999993,4.240574999999999,1.523536,3.0454650000000028,10.362094,16.06509100000001,0.0,6.0516539999999575,0.9660100000000008,5.330597,98.3497314453125,934.9073486328125,73.87558400000002,74.842971,3.942275113307098e-14,9.815177999999998,38.77544599999997,4.569001000000003,36.05852599999998,60.10879923377899,27.22013096153737,12.671069804683658
/cephfs/shared/impact/LLM_models/llama-2-7b-hf,W8A8,512,measured,passed,5dee9633ebdc78686d77fff8e22fe46b07065d090315624733ec2ee90043c3b6,ba9457487a4bde6e74b4c1695a75dceea9024aae9a77610029c1c1733b2c4e10,20261004T085224Z-f06f524204,21,21.713990000000006,1.215141,3.8935470000000034,0.4760520000000001,4.248155999999996,1.5264129999999996,3.0475700000000003,10.377992000000008,16.088614000000018,0.0,6.059905999999956,0.9675830000000009,5.336287000000002,98.59900665283203,904.4766845703125,73.99061000000003,74.95829300000001,5.901472971329893e-14,9.832896,38.830381999999986,4.573983,36.120869000000006,60.114805100619265,27.222202212244667,12.662992687136068
/cephfs/shared/impact/LLM_models/llama-2-7b-hf,W8A8,512,measured,passed,5dee9633ebdc78686d77fff8e22fe46b07065d090315624733ec2ee90043c3b6,ba9457487a4bde6e74b4c1695a75dceea9024aae9a77610029c1c1733b2c4e10,20261004T085224Z-f06f524204,22,21.719127,1.2152999999999998,3.893294000000005,0.47633299999999995,4.250420999999995,1.5261269999999998,3.047167,10.386814000000008,16.08224199999999,0.0,6.057413999999955,0.9669030000000002,5.339359999999999,98.4189453125,912.3464965820312,73.99676300000002,74.963666,7.862039799003904e-14,9.835348,38.832732999999955,4.573294,36.127769,60.11754282419155,27.223790098967914,12.658667076840532
/cephfs/shared/impact/LLM_models/llama-2-7b-hf,W8A8,512,measured,passed,5dee9633ebdc78686d77fff8e22fe46b07065d090315624733ec2ee90043c3b6,ba9457487a4bde6e74b4c1695a75dceea9024aae9a77610029c1c1733b2c4e10,20261004T085224Z-f06f524204,23,21.712188,1.214731,3.8918630000000003,0.47575800000000007,4.248109999999996,1.5267770000000005,3.044241000000001,10.37789799999999,16.087265000000002,0.0,6.058391999999968,0.9672000000000004,5.3376149999999996,99.36988830566406,912.9874267578125,73.97603200000003,74.943522,1.5741389200053747e-13,9.830461999999997,38.82836999999996,4.571018000000001,36.113668,60.121802083355256,27.220890439597547,12.6573074770472
/cephfs/shared/impact/LLM_models/llama-2-7b-hf,W8A8,512,measured,passed,5dee9633ebdc78686d77fff8e22fe46b07065d090315624733ec2ee90043c3b6,ba9457487a4bde6e74b4c1695a75dceea9024aae9a77610029c1c1733b2c4e10,20261004T085224Z-f06f524204,24,21.712042000000014,1.214309,3.891764000000002,0.475599,4.248217,1.5269290000000004,3.048956,10.380493000000012,16.08618700000001,0.0,6.059003999999959,0.9679260000000002,5.3364420000000035,98.61666870117188,900.478515625,73.98619200000002,74.954316,5.902570135096899e-14,9.829889000000003,38.83005199999998,4.575885,36.11781600000002,60.114493080091016,27.21617774452364,12.66932917538535
/cephfs/shared/impact/LLM_models/llama-2-7b-hf,W8A8,512,measured,passed,5dee9633ebdc78686d77fff8e22fe46b07065d090315624733ec2ee90043c3b6,ba9457487a4bde6e74b4c1695a75dceea9024aae9a77610029c1c1733b2c4e10,20261004T085224Z-f06f524204,25,21.727382999999996,1.2156860000000005,3.893075,0.47575500000000004,4.251015999999993,1.5266959999999996,3.0491220000000006,10.382016000000004,16.08733600000001,0.0,6.057069999999959,0.9675780000000008,5.339123000000002,98.58195495605469,928.5687866210938,74.000245,74.96782300000001,3.9345719526806606e-14,9.835531999999994,38.83312299999998,4.575818,36.13873299999999,60.12214927402132,27.216039920381263,12.661810805597423
/cephfs/shared/impact/LLM_models/llama-2-7b-hf,W8A8,512,measured,passed,5dee9633ebdc78686d77fff8e22fe46b07065d090315624733ec2ee90043c3b6,ba9457487a4bde6e74b4c1695a75dceea9024aae9a77610029c1c1733b2c4e10,20261004T085224Z-f06f524204,26,21.723499000000004,1.216967,3.8936200000000034,0.47652600000000006,4.247136999999998,1.5261569999999993,3.047220999999999,10.381664000000008,16.09323500000002,0.0,6.059899999999958,0.9672940000000007,5.339868000000005,98.24960327148438,928.4895629882812,74.00587200000002,74.972519,5.899831419392474e-14,9.83425,38.84196099999999,4.573377999999998,36.131127000000006,60.124055914447396,27.21822100926993,12.657723076282668
/cephfs/shared/impact/LLM_models/llama-2-7b-hf,W8A8,512,measured,passed,5dee9633ebdc78686d77fff8e22fe46b07065d090315624733ec2ee90043c3b6,ba9457487a4bde6e74b4c1695a75dceea9024aae9a77610029c1c1733b2c4e10,20261004T085224Z-f06f524204,27,21.70330200000001,1.217124,3.8929510000000045,0.4758859999999999,4.251647999999995,1.5267309999999998,3.046355000000001,10.381933999999994,16.094422000000016,0.0,6.057351999999962,0.9663270000000012,5.336012000000005,98.18000030517578,905.1119384765625,73.98969800000002,74.95568899999999,1.9679818386007396e-14,9.837608999999999,38.83604699999998,4.573086000000001,36.11399700000001,60.096648953036144,27.240432566907497,12.662918480056359
/cephfs/shared/impact/LLM_models/llama-2-7b-hf,W8A8,512,measured,passed,5dee9633ebdc78686d77fff8e22fe46b07065d090315624733ec2ee90043c3b6,ba9457487a4bde6e74b4c1695a75dceea9024aae9a77610029c1c1733b2c4e10,20261004T085224Z-f06f524204,28,21.705937,1.2132830000000003,3.8918260000000036,0.4755959999999999,4.249750999999998,1.5270510000000002,3.0471570000000017,10.374952999999998,16.085181000000027,0.0,6.057825999999965,0.9660119999999999,5.339041000000005,98.8084487915039,901.7091064453125,73.97724800000002,74.94249099999999,3.9341659869593426e-14,9.830456000000002,38.823012999999996,4.574208000000002,36.110601,60.10959773280982,27.22318578967988,12.667216477510307
/cephfs/shared/impact/LLM_models/llama-2-7b-hf,W8A8,512,measured,passed,5dee9633ebdc78686d77fff8e22fe46b07065d090315624733ec2ee90043c3b6,ba9457487a4bde6e74b4c1695a75dceea9024aae9a77610029c1c1733b2c4e10,20261004T085224Z-f06f524204,29,21.709093000000006,1.2161310000000005,3.895309000000005,0.4759520000000001,4.247104999999997,1.527853,3.0475049999999997,10.385590999999993,16.091809000000005,0.0,6.063283999999968,0.9668140000000002,5.341140000000002,99.20944213867188,919.330322265625,73.99767300000003,74.96432,7.868765912674736e-14,9.834497000000002,38.848637999999966,4.575358,36.11894800000001,60.104444348711375,27.228082611929892,12.667473039358729
/cephfs/shared/impact/LLM_models/llama-2-7b-hf,W8A8,512,measured,passed,5dee9633ebdc78686d77fff8e22fe46b07065d090315624733ec2ee90043c3b6,ba9457487a4bde6e74b4c1695a75dceea9024aae9a77610029c1c1733b2c4e10,20261004T085224Z-f06f524204,30,21.705727999999997,1.215331,3.8946460000000016,0.47597899999999993,4.248280999999995,1.5277239999999999,3.0458179999999992,10.383344999999988,16.084988999999993,0.0,6.062336999999963,0.9666860000000013,5.334078999999998,99.06159973144531,923.04345703125,73.97266800000001,74.93935400000001,1.1804624788106427e-13,9.834236999999996,38.83143599999995,4.573541999999999,36.11350699999999,60.10418207237531,27.231464947450267,12.664352980174426
/cephfs/shared/impact/LLM_models/llama-2-7b-hf,W8A8,512,measured,passed,5dee9633ebdc78686d77fff8e22fe46b07065d090315624733ec2ee90043c3b6,ba9457487a4bde6e74b4c1695a75dceea9024aae9a77610029c1c1733b2c4e10,20261004T085224Z-f06f524204,31,21.716409000000006,1.2151679999999998,3.893608000000003,0.47659199999999996,4.248172999999998,1.5257760000000002,3.0481460000000014,10.377298000000003,16.087936000000006,0.0,6.060576999999959,0.9680650000000007,5.337290000000003,99.2791976928711,909.2378540039062,73.98756800000004,74.9563,9.834504255365875e-14,9.833541,38.831165999999975,4.573922000000001,36.123872000000006,60.11650412226022,27.221724736484504,12.66177114125529
/cephfs/shared/impact/LLM_models/llama2-13b-hf,FP16,1024,measured,passed,40c27a8aedea5475c19c3af676a21c722eae8ac0d9dcebf74df669298417d563,3bb82b90ab6cf09d73f609926c4187262b27e2e7b99a225aee971fcd40a59f16,20261005T133926Z-49cb46fc49,0,110.08590099999996,6.9242859999999995,10.842448999999998,1.5421759999999995,12.935824000000016,8.244506000000001,15.115817999999997,0.0,0.0,0.0,0.0,0.0,9.899752000000024,189.47744750976562,449.4995422363281,175.26334199999997,175.59762899999998,1.7142798103353357e-14,32.24473500000001,9.899752000000024,23.360324,165.69095999999996,66.4404992282017,19.460769012383068,14.098731759415243
/cephfs/shared/impact/LLM_models/llama2-13b-hf,FP16,1024,measured,passed,40c27a8aedea5475c19c3af676a21c722eae8ac0d9dcebf74df669298417d563,3bb82b90ab6cf09d73f609926c4187262b27e2e7b99a225aee971fcd40a59f16,20261005T133926Z-49cb46fc49,1,110.23936899999995,6.931195,10.876128999999999,1.5436860000000003,12.952046000000012,8.259232,15.135575999999999,0.0,0.0,0.0,0.0,0.0,9.899493000000021,190.30198669433594,443.23614501953125,175.51125900000002,175.847364,0.0,32.30305600000001,9.899493000000021,23.394807999999998,165.937233,66.4343782326417,19.467033055806116,14.098588711552157
/cephfs/shared/impact/LLM_models/llama2-13b-hf,FP16,1024,measured,passed,40c27a8aedea5475c19c3af676a21c722eae8ac0d9dcebf74df669298417d563,3bb82b90ab6cf09d73f609926c4187262b27e2e7b99a225aee971fcd40a59f16,20261005T133926Z-49cb46fc49,2,110.31171499999999,6.93219,10.887374999999997,1.5464390000000001,12.957351999999998,8.265721000000001,15.136892999999995,0.0,0.0,0.0,0.0,0.0,9.91540000000002,189.16717529296875,446.40130615234375,175.613388,175.949367,1.711800900980943e-14,32.323356,9.91540000000002,23.402613999999996,166.03768499999998,66.43775778974515,19.467481734643556,14.094760475611304
/cephfs/shared/impact/LLM_models/llama2-13b-hf,FP16,1024,measured,passed,40c27a8aedea5475c19c3af676a21c722eae8ac0d9dcebf74df669298417d563,3bb82b90ab6cf09d73f609926c4187262b27e2e7b99a225aee971fcd40a59f16,20261005T133926Z-49cb46fc49,3,110.228829,6.921663999999999,10.84792500000001,1.5447380000000006,12.950453999999992,8.251803999999998,15.121270000000004,0.0,0.0,0.0,0.0,0.0,9.90320500000002,189.560546875,446.2946472167969,175.43635100000003,175.771235,1.7135134136701336e-14,32.264781,9.90320500000002,23.373074000000003,165.866684,66.4562806355977,19.452237316084524,14.091482048317793
/cephfs/shared/impact/LLM_models/llama2-13b-hf,FP16,1024,measured,passed,40c27a8aedea5475c19c3af676a21c722eae8ac0d9dcebf74df669298417d563,3bb82b90ab6cf09d73f609926c4187262b27e2e7b99a225aee971fcd40a59f16,20261005T133926Z-49cb46fc49,4,110.03954799999998,6.921341999999999,10.810528999999987,1.5437489999999996,12.916247000000002,8.234686000000002,15.094206000000009,0.0,0.0,0.0,0.0,0.0,9.88675700000001,189.91722106933594,450.3414001464844,175.09725599999996,175.43198800000002,1.7168546178418155e-14,32.19186699999999,9.88675700000001,23.32889200000001,165.56030699999997,66.46493353023318,19.444193830831683,14.090872638935137
/cephfs/shared/impact/LLM_models/llama2-13b-hf,FP16,1024,measured,passed,40c27a8aedea5475c19c3af676a21c722eae8ac0d9dcebf74df669298417d563,3bb82b90ab6cf09d73f609926c4187262b27e2e7b99a225aee971fcd40a59f16,20261005T133926Z-49cb46fc49,5,110.17463100000005,6.918624,10.841294000000008,1.5456039999999998,12.930808000000008,8.242401,15.11008,0.0,0.0,0.0,0.0,0.0,9.902010000000015,189.7968292236328,446.9416809082031,175.32953699999996,175.664772,1.7121393093002074e-14,32.23633000000002,9.902010000000015,23.352480999999997,165.76344200000005,66.46497543167571,19.44718908527491,14.087835483049385
/cephfs/shared/impact/LLM_models/llama2-13b-hf,FP16,1024,measured,passed,40c27a8aedea5475c19c3af676a21c722eae8ac0d9dcebf74df669298417d563,3bb82b90ab6cf09d73f609926c4187262b27e2e7b99a225aee971fcd40a59f16,20261005T133926Z-49cb46fc49,6,110.16614999999994,6.920612,10.824405999999996,1.5428210000000004,12.915261999999979,8.232699000000002,15.101004999999995,0.0,0.0,0.0,0.0,0.0,9.891266000000018,189.9371795654297,463.9895324707031,175.26039099999994,175.595562,1.7152065526655997e-14,32.203100999999975,9.891266000000018,23.333703999999997,165.70295499999992,66.48411912750741,19.43423459165227,14.08164628084032
/cephfs/shared/impact/LLM_models/llama2-13b-hf,FP16,1024,measured,passed,40c27a8aedea5475c19c3af676a21c722eae8ac0d9dcebf74df669298417d563,3bb82b90ab6cf09d73f609926c4187262b27e2e7b99a225aee971fcd40a59f16,20261005T133926Z-49cb46fc49,7,110.16943000000005,6.917792999999999,10.803814,1.5448349999999997,12.903970999999995,8.227585000000001,15.098731000000004,0.0,0.0,0.0,0.0,0.0,9.890887000000026,189.33453369140625,447.2366027832031,175.21888800000008,175.554999,3.4312451969565994e-14,32.17041299999999,9.890887000000026,23.326316000000006,165.66615900000005,66.50086575617415,19.41881986893894,14.080314374886907
/cephfs/shared/impact/LLM_models/llama2-13b-hf,FP16,1024,measured,passed,40c27a8aedea5475c19c3af676a21c722eae8ac0d9dcebf74df669298417d563,3bb82b90ab6cf09d73f609926c4187262b27e2e7b99a225aee971fcd40a59f16,20261005T133926Z-49cb46fc49,8,110.24188600000006,6.926977,10.841997000000003,1.545248,12.926238999999997,8.250724000000002,15.113866000000007,0.0,0.0,0.0,0.0,0.0,9.907332000000025,189.98809814453125,467.1024169921875,175.41740300000006,175.754269,1.7145588138990145e-14,32.240460999999996,9.907332000000025,23.364590000000007,165.84693700000008,66.4720663487442,19.439889323973453,14.08804432728233
/cephfs/shared/impact/LLM_models/llama2-13b-hf,FP16,1024,measured,passed,40c27a8aedea5475c19c3af676a21c722eae8ac0d9dcebf74df669298417d563,3bb82b90ab6cf09d73f609926c4187262b27e2e7b99a225aee971fcd40a59f16,20261005T133926Z-49cb46fc49,9,110.51873000000008,6.932450000000001,10.886018000000004,1.5479409999999998,12.953855999999991,8.262724999999998,15.137926000000002,0.0,0.0,0.0,0.0,0.0,9.919785000000026,189.94345092773438,447.4638977050781,175.82597300000006,176.162813,5.1262708846728433e-14,32.32026499999999,9.919785000000026,23.400651,166.23964600000008,66.48157203125903,19.44197174240853,14.076456226332429
/cephfs/shared/impact/LLM_models/llama2-13b-hf,FP16,1024,measured,passed,40c27a8aedea5475c19c3af676a21c722eae8ac0d9dcebf74df669298417d563,3bb82b90ab6cf09d73f609926c4187262b27e2e7b99a225aee971fcd40a59f16,20261005T133926Z-49cb46fc49,10,110.27961400000005,6.9307859999999994,10.84833999999999,1.5460880000000006,12.94370300000001,8.247007999999997,15.118785,0.0,0.0,0.0,0.0,0.0,9.906451000000015,190.10032653808594,446.0514221191406,175.479017,175.81378700000002,1.713107455983984e-14,32.268917,9.906451000000015,23.365792999999996,165.91432400000005,66.4678078066364,19.449144728456353,14.083047464907242
/cephfs/shared/impact/LLM_models/llama2-13b-hf,FP16,1024,measured,passed,40c27a8aedea5475c19c3af676a21c722eae8ac0d9dcebf74df669298417d563,3bb82b90ab6cf09d73f609926c4187262b27e2e7b99a225aee971fcd40a59f16,20261005T133926Z-49cb46fc49,11,110.42844199999999,6.928706000000002,10.879004999999992,1.545156,12.958160999999997,8.256794000000001,15.129433999999998,0.0,0.0,0.0,0.0,0.0,9.910181000000014,189.37718200683594,454.5287780761719,175.69786100000002,176.03290900000002,3.407660252104574e-14,32.31102799999999,9.910181000000014,23.386228,166.12569799999997,66.47282348815173,19.449747022281887,14.07742948956639
/cephfs/shared/impact/LLM_models/llama2-13b-hf,FP16,1024,measured,passed,40c27a8aedea5475c19c3af676a21c722eae8ac0d9dcebf74df669298417d563,3bb82b90ab6cf09d73f609926c4187262b27e2e7b99a225aee971fcd40a59f16,20261005T133926Z-49cb46fc49,12,110.456328,6.924227,10.848731000000006,1.5471079999999997,12.932069000000004,8.252249999999998,15.115359999999997,0.0,0.0,0.0,0.0,0.0,9.910176000000016,190.549560546875,450.21746826171875,175.64915800000003,175.985196,1.714681948096973e-14,32.25213500000001,9.910176000000016,23.367609999999996,166.07607299999998,66.50947725624509,19.42009731889555,14.070425424859364
/cephfs/shared/impact/LLM_models/llama2-13b-hf,FP16,1024,measured,passed,40c27a8aedea5475c19c3af676a21c722eae8ac0d9dcebf74df669298417d563,3bb82b90ab6cf09d73f609926c4187262b27e2e7b99a225aee971fcd40a59f16,20261005T133926Z-49cb46fc49,13,110.32376600000016,6.9168020000000014,10.830801,1.547142,12.917270000000006,8.244288999999998,15.108480000000007,0.0,0.0,0.0,0.0,0.0,9.892898000000018,189.99945068359375,465.7082824707031,175.46499600000007,175.79955900000002,0.0,32.21201500000001,9.892898000000018,23.352769000000006,165.88855000000015,66.5047503278557,19.417865187199464,14.077384484944853
/cephfs/shared/impact/LLM_models/llama2-13b-hf,FP16,1024,measured,passed,40c27a8aedea5475c19c3af676a21c722eae8ac0d9dcebf74df669298417d563,3bb82b90ab6cf09d73f609926c4187262b27e2e7b99a225aee971fcd40a59f16,20261005T133926Z-49cb46fc49,14,110.41442399999998,6.922430999999999,10.838601999999996,1.5473939999999995,12.947212000000016,8.234107,15.110043,0.0,0.0,0.0,0.0,0.0,9.902507000000021,190.0513916015625,447.7344970703125,175.58593199999996,175.921811,0.0,32.25563900000001,9.902507000000021,23.34415,166.01421299999998,66.5090187187768,19.429444272943073,14.061537008280128
/cephfs/shared/impact/LLM_models/llama2-13b-hf,FP16,1024,measured,passed,40c27a8aedea5475c19c3af676a21c722eae8ac0d9dcebf74df669298417d563,3bb82b90ab6cf09d73f609926c4187262b27e2e7b99a225aee971fcd40a59f16,20261005T133926Z-49cb46fc49,15,110.44037999999999,6.927678999999999,10.840546000000003,1.5484190000000004,12.938255000000007,8.250049000000002,15.115262999999999,0.0,0.0,0.0,0.0,0.0,9.911260000000018,190.41372680664062,467.7659606933594,175.636433,175.971981,1.7133461262156793e-14,32.25489900000001,9.911260000000018,23.365312000000003,166.060591,66.50607427983923,19.423572327283846,14.070353392876944
/cephfs/shared/impact/LLM_models/llama2-13b-hf,FP16,1024,measured,passed,40c27a8aedea5475c19c3af676a21c722eae8ac0d9dcebf74df669298417d563,3bb82b90ab6cf09d73f609926c4187262b27e2e7b99a225aee971fcd40a59f16,20261005T133926Z-49cb46fc49,16,110.57625900000006,6.934818,10.878010000000002,1.5483879999999999,12.966722000000003,8.257794999999998,15.140466000000005,0.0,0.0,0.0,0.0,0.0,9.917733000000025,190.17926025390625,450.76715087890625,175.84486800000002,176.181256,5.126483643482193e-14,32.327938,9.917733000000025,23.398261000000005,166.30245800000006,66.4910551111638,19.439242443427982,14.06970244540823
/cephfs/shared/impact/LLM_models/llama2-13b-hf,FP16,1024,measured,passed,40c27a8aedea5475c19c3af676a21c722eae8ac0d9dcebf74df669298417d563,3bb82b90ab6cf09d73f609926c4187262b27e2e7b99a225aee971fcd40a59f16,20261005T133926Z-49cb46fc49,17,110.41516200000002,6.915490000000001,10.844757999999999,1.5461850000000001,12.919336000000023,8.231777000000001,15.100541000000003,0.0,0.0,0.0,0.0,0.0,9.890597000000014,190.31610107421875,448.84588623046875,175.52775200000002,175.863846,5.137281387509142e-14,32.22576900000002,9.890597000000014,23.332318000000004,165.97324900000007,66.52587851672409,19.41624279464458,14.05787868863132
/cephfs/shared/impact/LLM_models/llama2-13b-hf,FP16,1024,measured,passed,40c27a8aedea5475c19c3af676a21c722eae8ac0d9dcebf74df669298417d563,3bb82b90ab6cf09d73f609926c4187262b27e2e7b99a225aee971fcd40a59f16,20261005T133926Z-49cb46fc49,18,110.37368700000003,6.914274999999998,10.820986000000005,1.548616,12.922984999999988,8.236134,15.099515000000002,0.0,0.0,0.0,0.0,0.0,9.89183200000002,190.42405700683594,448.1194152832031,175.48772300000005,175.82184,1.713304565075252e-14,32.206861999999994,9.89183200000002,23.335649000000004,165.916198,66.52375616755636,19.41152364159164,14.064720190852013
/cephfs/shared/impact/LLM_models/llama2-13b-hf,FP16,1024,measured,passed,40c27a8aedea5475c19c3af676a21c722eae8ac0d9dcebf74df669298417d563,3bb82b90ab6cf09d73f609926c4187262b27e2e7b99a225aee971fcd40a59f16,20261005T133926Z-49cb46fc49,19,110.47454600000007,6.926592999999999,10.845711000000009,1.5483570000000004,12.9394,8.247041,15.1203,0.0,0.0,0.0,0.0,0.0,9.906626000000024,190.75027465820312,450.6434020996094,175.67199300000007,176.007294,1.7128799183630995e-14,32.26006100000001,9.906626000000024,23.367341,166.1019480000001,66.51008451749163,19.421843866635438,14.068071615872913
/cephfs/shared/impact/LLM_models/llama2-13b-hf,FP16,1024,measured,passed,40c27a8aedea5475c19c3af676a21c722eae8ac0d9dcebf74df669298417d563,3bb82b90ab6cf09d73f609926c4187262b27e2e7b99a225aee971fcd40a59f16,20261005T133926Z-49cb46fc49,20,110.42161899999998,6.918589999999999,10.855584999999994,1.5483560000000003,12.962888000000008,8.252826000000002,15.128157000000009,0.0,0.0,0.0,0.0,0.0,9.90576900000002,190.7584991455078,456.2814025878906,175.66059299999998,175.997344,0.0,32.285419000000005,9.90576900000002,23.38098300000001,166.088021,66.48379475844315,19.438740256890654,14.07746498466618
/cephfs/shared/impact/LLM_models/llama2-13b-hf,FP16,1024,measured,passed,40c27a8aedea5475c19c3af676a21c722eae8ac0d9dcebf74df669298417d563,3bb82b90ab6cf09d73f609926c4187262b27e2e7b99a225aee971fcd40a59f16,20261005T133926Z-49cb46fc49,21,110.44347499999998,6.921470999999999,10.847159999999997,1.5487069999999998,12.937502999999998,8.249374,15.119088999999997,0.0,0.0,0.0,0.0,0.0,9.90526200000003,190.88925170898438,445.0745544433594,175.63602900000004,175.972041,0.0,32.25484099999999,9.90526200000003,23.368463,166.06677899999997,66.50545983071063,19.422813638120843,14.071726531168526
/cephfs/shared/impact/LLM_models/llama2-13b-hf,FP16,1024,measured,passed,40c27a8aedea5475c19c3af676a21c722eae8ac0d9dcebf74df669298417d563,3bb82b90ab6cf09d73f609926c4187262b27e2e7b99a225aee971fcd40a59f16,20261005T133926Z-49cb46fc49,22,110.51192900000004,6.925343000000001,10.84756299999999,1.5486440000000004,12.941042999999997,8.248836999999998,15.12298,0.0,0.0,0.0,0.0,0.0,9.913359000000023,190.57235717773438,457.53997802734375,175.70719100000002,176.044958,3.4215843663084413e-14,32.26259299999999,9.913359000000023,23.371817,166.146339,66.51481438901885,19.418178693663535,14.067006917317629
/cephfs/shared/impact/LLM_models/llama2-13b-hf,FP16,1024,measured,passed,40c27a8aedea5475c19c3af676a21c722eae8ac0d9dcebf74df669298417d563,3bb82b90ab6cf09d73f609926c4187262b27e2e7b99a225aee971fcd40a59f16,20261005T133926Z-49cb46fc49,23,110.60963599999994,6.9300500000000005,10.874657999999991,1.550212,12.970411999999989,8.261919999999998,15.136391000000001,0.0,0.0,0.0,0.0,0.0,9.911207000000022,190.52056884765625,446.5739440917969,175.92491299999998,176.261695,3.417266436451187e-14,32.32533199999998,9.911207000000022,23.398311,166.33327899999992,66.49880088036983,19.434073682873766,14.067125436756411
/cephfs/shared/impact/LLM_models/llama2-13b-hf,FP16,1024,measured,passed,40c27a8aedea5475c19c3af676a21c722eae8ac0d9dcebf74df669298417d563,3bb82b90ab6cf09d73f609926c4187262b27e2e7b99a225aee971fcd40a59f16,20261005T133926Z-49cb46fc49,24,110.46467900000002,6.922563999999999,10.841493000000002,1.5488050000000002,12.93135600000001,8.244894,15.114970999999993,0.0,0.0,0.0,0.0,0.0,9.901742000000015,190.66053771972656,455.1092224121094,175.651321,175.98771599999998,3.419865662761509e-14,32.24421800000001,9.901742000000015,23.359864999999992,166.06876200000002,66.51743390487852,19.416184965598774,14.066381129522714
/cephfs/shared/impact/LLM_models/llama2-13b-hf,FP16,1024,measured,passed,40c27a8aedea5475c19c3af676a21c722eae8ac0d9dcebf74df669298417d563,3bb82b90ab6cf09d73f609926c4187262b27e2e7b99a225aee971fcd40a59f16,20261005T133926Z-49cb46fc49,25,110.56652799999992,6.926914999999998,10.857201999999997,1.5480340000000001,12.96285899999999,8.243897,15.129554999999993,0.0,0.0,0.0,0.0,0.0,9.90264000000001,190.46768188476562,451.8713073730469,175.80008099999995,176.136381,1.7113190364702068e-14,32.295009999999984,9.90264000000001,23.373451999999993,166.2349899999999,66.51218735598323,19.42732393463013,14.06048870938664
/cephfs/shared/impact/LLM_models/llama2-13b-hf,FP16,1024,measured,passed,40c27a8aedea5475c19c3af676a21c722eae8ac0d9dcebf74df669298417d563,3bb82b90ab6cf09d73f609926c4187262b27e2e7b99a225aee971fcd40a59f16,20261005T133926Z-49cb46fc49,26,110.507641,6.921633999999999,10.849844,1.5492839999999999,12.952522999999996,8.249217000000002,15.124282000000008,0.0,0.0,0.0,0.0,0.0,9.903328000000021,190.66455078125,458.0555725097656,175.723641,176.058394,1.7105532870363407e-14,32.273284999999994,9.903328000000021,23.37349900000001,166.154425,66.50899667583334,19.4236686744876,14.067334649679061
/cephfs/shared/impact/LLM_models/llama2-13b-hf,FP16,1024,measured,passed,40c27a8aedea5475c19c3af676a21c722eae8ac0d9dcebf74df669298417d563,3bb82b90ab6cf09d73f609926c4187262b27e2e7b99a225aee971fcd40a59f16,20261005T133926Z-49cb46fc49,27,110.72639899999997,6.9383729999999995,10.882984999999994,1.5476549999999998,12.964910999999976,8.255552000000002,15.13298300000001,0.0,0.0,0.0,0.0,0.0,9.923697000000029,190.8618621826172,445.2406311035156,176.00247899999997,176.339674,1.706681994960031e-14,32.33392399999997,9.923697000000029,23.38853500000001,166.44885799999994,66.5227748213208,19.42574096843607,14.051484210243137
/cephfs/shared/impact/LLM_models/llama2-13b-hf,FP16,1024,measured,passed,40c27a8aedea5475c19c3af676a21c722eae8ac0d9dcebf74df669298417d563,3bb82b90ab6cf09d73f609926c4187262b27e2e7b99a225aee971fcd40a59f16,20261005T133926Z-49cb46fc49,28,110.49203300000006,6.913950000000002,10.821512999999992,1.5457969999999996,12.915398000000009,8.233917999999997,15.096507999999998,0.0,0.0,0.0,0.0,0.0,9.890525000000022,190.658203125,451.8487854003906,175.60664500000004,175.942261,3.422239390368937e-14,32.196658,9.890525000000022,23.330425999999996,166.01911700000005,66.55380115050247,19.39334371956694,14.052855129930602
/cephfs/shared/impact/LLM_models/llama2-13b-hf,FP16,1024,measured,passed,40c27a8aedea5475c19c3af676a21c722eae8ac0d9dcebf74df669298417d563,3bb82b90ab6cf09d73f609926c4187262b27e2e7b99a225aee971fcd40a59f16,20261005T133926Z-49cb46fc49,29,110.76087399999997,6.934400999999998,10.881041999999997,1.5502749999999998,12.97628999999999,8.262968,15.150628,0.0,0.0,0.0,0.0,0.0,9.925070000000025,190.63314819335938,449.7613220214844,176.11030799999995,176.446224,3.410452472974886e-14,32.342007999999986,9.925070000000025,23.413596,166.51647799999995,66.51646451470107,19.42270722300528,14.06082826229366
/cephfs/shared/impact/LLM_models/llama2-13b-hf,FP16,1024,measured,passed,40c27a8aedea5475c19c3af676a21c722eae8ac0d9dcebf74df669298417d563,3bb82b90ab6cf09d73f609926c4187262b27e2e7b99a225aee971fcd40a59f16,20261005T133926Z-49cb46fc49,30,110.67513100000008,6.932963999999999,10.878707999999989,1.547874,12.975970999999996,8.259138,15.139131999999998,0.0,0.0,0.0,0.0,0.0,9.919138000000023,190.3078155517578,464.4600524902344,175.98707500000003,176.322702,3.417046202232859e-14,32.33551699999998,9.919138000000023,23.398269999999997,166.40891800000006,66.50793258568032,19.43136064378471,14.060706770534972
/cephfs/shared/impact/LLM_models/llama2-13b-hf,FP16,1024,measured,passed,40c27a8aedea5475c19c3af676a21c722eae8ac0d9dcebf74df669298417d563,3bb82b90ab6cf09d73f609926c4187262b27e2e7b99a225aee971fcd40a59f16,20261005T133926Z-49cb46fc49,31,110.54801799999998,6.922976,10.841745000000005,1.5496730000000003,12.941322000000023,8.245561000000002,15.112893000000007,0.0,0.0,0.0,0.0,0.0,9.902406000000019,190.67942810058594,449.64453125,175.71135799999996,176.04932,1.706426315810254e-14,32.25571600000003,9.902406000000019,23.35845400000001,166.16218800000001,66.5301891667435,19.412187807733986,14.057623025522513
/cephfs/shared/impact/LLM_models/llama2-13b-hf,FP16,2048,measured,passed,40c27a8aedea5475c19c3af676a21c722eae8ac0d9dcebf74df669298417d563,3bb82b90ab6cf09d73f609926c4187262b27e2e7b99a225aee971fcd40a59f16,20261005T133926Z-49cb46fc49,0,205.6178999999998,78.454894,22.782816999999994,3.1014509999999995,26.759875999999974,30.952937000000023,56.82741800000001,0.0,0.0,0.0,0.0,0.0,37.53315799999999,463.32000732421875,501.3551940917969,462.276872,462.27687199999997,2.7259326171239343e-14,131.09903799999995,37.53315799999999,87.78035500000003,424.4972929999998,48.43797672933568,30.8833625471435,20.678660723520814
/cephfs/shared/impact/LLM_models/llama2-13b-hf,FP16,2048,measured,passed,40c27a8aedea5475c19c3af676a21c722eae8ac0d9dcebf74df669298417d563,3bb82b90ab6cf09d73f609926c4187262b27e2e7b99a225aee971fcd40a59f16,20261005T133926Z-49cb46fc49,1,205.79106499999995,78.83487199999999,22.79372899999998,3.105607,26.790074999999973,31.026935000000005,56.99800500000002,0.0,0.0,0.0,0.0,0.0,37.659156999999986,462.496826171875,501.3565673828125,462.98433500000004,462.98433500000004,1.3365341682186762e-14,131.52428299999994,37.659156999999986,88.02494000000003,425.3402879999999,48.38268812193968,30.922131458189067,20.695180419871267
/cephfs/shared/impact/LLM_models/llama2-13b-hf,FP16,2048,measured,passed,40c27a8aedea5475c19c3af676a21c722eae8ac0d9dcebf74df669298417d563,3bb82b90ab6cf09d73f609926c4187262b27e2e7b99a225aee971fcd40a59f16,20261005T133926Z-49cb46fc49,2,205.14907200000002,78.678798,22.721244999999996,3.1000099999999993,26.74412099999998,30.959131999999993,56.930354000000015,0.0,0.0,0.0,0.0,0.0,37.610867999999996,463.3530578613281,500.0380554199219,461.8936,461.8936,4.010013505337956e-14,131.244174,37.610867999999996,87.889486,424.282732,48.3519729952149,30.93318773105288,20.714839273732217
/cephfs/shared/impact/LLM_models/llama2-13b-hf,FP16,2048,measured,passed,40c27a8aedea5475c19c3af676a21c722eae8ac0d9dcebf74df669298417d563,3bb82b90ab6cf09d73f609926c4187262b27e2e7b99a225aee971fcd40a59f16,20261005T133926Z-49cb46fc49,3,206.05661899999996,78.972829,22.804040000000043,3.1080679999999994,26.798697,31.055641000000005,57.01669700000001,0.0,0.0,0.0,0.0,0.0,37.72360900000001,463.5306091308594,503.92681884765625,463.27357700000005,463.273577,1.3296918077154762e-14,131.68363400000004,37.72360900000001,88.07233800000002,425.812591,48.39138704566863,30.925256035935313,20.683356918396058
/cephfs/shared/impact/LLM_models/llama2-13b-hf,FP16,2048,measured,passed,40c27a8aedea5475c19c3af676a21c722eae8ac0d9dcebf74df669298417d563,3bb82b90ab6cf09d73f609926c4187262b27e2e7b99a225aee971fcd40a59f16,20261005T133926Z-49cb46fc49,4,206.59913900000004,79.19180800000001,22.851034999999992,3.1145709999999993,26.853470999999995,31.096827,57.052599,0.0,0.0,0.0,0.0,0.0,37.75813099999999,463.5641174316406,502.9516296386719,464.52569400000004,464.52569400000004,0.0,132.010885,37.75813099999999,88.149426,426.7594500000001,48.411145670002156,30.933324382154858,20.65552994784298
/cephfs/shared/impact/LLM_models/llama2-13b-hf,FP16,2048,measured,passed,40c27a8aedea5475c19c3af676a21c722eae8ac0d9dcebf74df669298417d563,3bb82b90ab6cf09d73f609926c4187262b27e2e7b99a225aee971fcd40a59f16,20261005T133926Z-49cb46fc49,5,205.98754200000005,79.01401899999999,22.829633999999988,3.109736000000001,26.822388000000004,31.045724000000007,57.047409,0.0,0.0,0.0,0.0,0.0,37.69903,464.48779296875,503.980224609375,463.555482,463.55548200000004,2.662629646265235e-14,131.77577699999998,37.69903,88.09313300000001,425.85645200000005,48.3701822603829,30.943707998581637,20.68610974103546
/cephfs/shared/impact/LLM_models/llama2-13b-hf,FP16,2048,measured,passed,40c27a8aedea5475c19c3af676a21c722eae8ac0d9dcebf74df669298417d563,3bb82b90ab6cf09d73f609926c4187262b27e2e7b99a225aee971fcd40a59f16,20261005T133926Z-49cb46fc49,6,206.17938399999994,79.17626299999998,22.843633000000004,3.113381,26.845786999999994,31.09394100000001,57.079183000000015,0.0,0.0,0.0,0.0,0.0,37.793691,463.84991455078125,502.2592468261719,464.142496,464.142496,1.333183857031283e-14,131.97906399999997,37.793691,88.17312400000003,426.33157199999994,48.36127501249191,30.956906001791484,20.681818985716603
/cephfs/shared/impact/LLM_models/llama2-13b-hf,FP16,2048,measured,passed,40c27a8aedea5475c19c3af676a21c722eae8ac0d9dcebf74df669298417d563,3bb82b90ab6cf09d73f609926c4187262b27e2e7b99a225aee971fcd40a59f16,20261005T133926Z-49cb46fc49,7,207.52834499999997,79.041515,22.938239999999997,3.11886,26.861471999999996,31.155544,57.040861000000035,0.0,0.0,0.0,0.0,0.0,37.740598999999975,464.6723327636719,505.1881408691406,465.425436,465.425436,1.356471737623555e-14,131.960087,37.740598999999975,88.19640500000003,427.684837,48.52366206286616,30.8545161258546,20.621821811279233
/cephfs/shared/impact/LLM_models/llama2-13b-hf,FP16,2048,measured,passed,40c27a8aedea5475c19c3af676a21c722eae8ac0d9dcebf74df669298417d563,3bb82b90ab6cf09d73f609926c4187262b27e2e7b99a225aee971fcd40a59f16,20261005T133926Z-49cb46fc49,8,207.56724400000004,79.22719099999996,22.91298000000002,3.121606999999999,26.87955700000002,31.16905500000001,57.10090200000001,0.0,0.0,0.0,0.0,0.0,37.808125,464.60601806640625,504.7035217285156,465.647965,465.647965,2.659362153569784e-14,132.141335,37.808125,88.26995700000002,427.9785360000001,48.49945185101526,30.875692093119355,20.624856055865383
/cephfs/shared/impact/LLM_models/llama2-13b-hf,FP16,2048,measured,passed,40c27a8aedea5475c19c3af676a21c722eae8ac0d9dcebf74df669298417d563,3bb82b90ab6cf09d73f609926c4187262b27e2e7b99a225aee971fcd40a59f16,20261005T133926Z-49cb46fc49,9,206.488723,79.230669,22.844288000000006,3.116716,26.85325599999999,31.098968000000006,57.090757000000025,0.0,0.0,0.0,0.0,0.0,37.833376999999984,465.375244140625,504.25360107421875,464.556754,464.556754,3.983849330966134e-14,132.044929,37.833376999999984,88.18972500000004,426.723377,48.389362788530796,30.943917328438275,20.66671988303093
/cephfs/shared/impact/LLM_models/llama2-13b-hf,FP16,2048,measured,passed,40c27a8aedea5475c19c3af676a21c722eae8ac0d9dcebf74df669298417d563,3bb82b90ab6cf09d73f609926c4187262b27e2e7b99a225aee971fcd40a59f16,20261005T133926Z-49cb46fc49,10,207.39395199999996,79.44879,22.914750000000012,3.1235269999999993,26.897475999999987,31.156125999999997,57.170796000000024,0.0,0.0,0.0,0.0,0.0,37.870558,464.49267578125,503.9987487792969,465.75770800000004,465.757708,0.0,132.384543,37.870558,88.32692200000002,428.105417,48.444598868507185,30.923351525822905,20.632049605669913
/cephfs/shared/impact/LLM_models/llama2-13b-hf,FP16,2048,measured,passed,40c27a8aedea5475c19c3af676a21c722eae8ac0d9dcebf74df669298417d563,3bb82b90ab6cf09d73f609926c4187262b27e2e7b99a225aee971fcd40a59f16,20261005T133926Z-49cb46fc49,11,206.27211299999996,79.18347200000001,22.83063200000002,3.1121040000000004,26.852348000000003,31.083519000000006,57.07795499999997,0.0,0.0,0.0,0.0,0.0,37.775580999999974,465.29180908203125,505.6290283203125,464.18772399999995,464.187724,0.0,131.97855600000003,37.775580999999974,88.16147399999997,426.412143,48.37388343323983,30.950937529938034,20.675179036822122
/cephfs/shared/impact/LLM_models/llama2-13b-hf,FP16,2048,measured,passed,40c27a8aedea5475c19c3af676a21c722eae8ac0d9dcebf74df669298417d563,3bb82b90ab6cf09d73f609926c4187262b27e2e7b99a225aee971fcd40a59f16,20261005T133926Z-49cb46fc49,12,207.38405399999988,79.54795099999998,22.944643000000003,3.122857,26.915315999999965,31.214587,57.224427,0.0,0.0,0.0,0.0,0.0,37.89878499999999,464.9254150390625,504.5588684082031,466.263389,466.263389,5.307947326180854e-14,132.53076699999994,37.89878499999999,88.439014,428.35383499999983,48.4141933735693,30.93955421223204,20.646252414198656
/cephfs/shared/impact/LLM_models/llama2-13b-hf,FP16,2048,measured,passed,40c27a8aedea5475c19c3af676a21c722eae8ac0d9dcebf74df669298417d563,3bb82b90ab6cf09d73f609926c4187262b27e2e7b99a225aee971fcd40a59f16,20261005T133926Z-49cb46fc49,13,207.212279,79.40041199999999,22.960030999999994,3.1223139999999994,26.90024399999998,31.204775,57.19424900000001,0.0,0.0,0.0,0.0,0.0,37.833247,465.4168395996094,504.8736267089844,466.24638500000003,466.24638500000003,0.0,132.38300099999995,37.833247,88.39902400000001,427.99430399999994,48.41472820161645,30.93101935300521,20.654252445378344
/cephfs/shared/impact/LLM_models/llama2-13b-hf,FP16,2048,measured,passed,40c27a8aedea5475c19c3af676a21c722eae8ac0d9dcebf74df669298417d563,3bb82b90ab6cf09d73f609926c4187262b27e2e7b99a225aee971fcd40a59f16,20261005T133926Z-49cb46fc49,14,208.03043299999985,79.50072300000001,22.983446000000008,3.1271769999999997,26.940581999999964,31.236673999999994,57.22807499999997,0.0,0.0,0.0,0.0,0.0,37.916413000000006,465.94781494140625,506.09881591796875,466.96352300000007,466.963523,5.299503717510929e-14,132.55192799999998,37.916413000000006,88.46474899999996,429.04710999999975,48.486617938062786,30.894492681701095,20.618889380236123
/cephfs/shared/impact/LLM_models/llama2-13b-hf,FP16,2048,measured,passed,40c27a8aedea5475c19c3af676a21c722eae8ac0d9dcebf74df669298417d563,3bb82b90ab6cf09d73f609926c4187262b27e2e7b99a225aee971fcd40a59f16,20261005T133926Z-49cb46fc49,15,207.60963600000002,79.383196,22.951518000000014,3.1215160000000006,26.912414999999978,31.19201199999999,57.18749299999999,0.0,0.0,0.0,0.0,0.0,37.85605999999999,466.4915771484375,506.0904235839844,466.21384599999993,466.21384600000005,0.0,132.368645,37.85605999999999,88.37950499999998,428.35778600000003,48.46640887251201,30.9014215046858,20.63216962280218
/cephfs/shared/impact/LLM_models/llama2-13b-hf,FP16,2048,measured,passed,40c27a8aedea5475c19c3af676a21c722eae8ac0d9dcebf74df669298417d563,3bb82b90ab6cf09d73f609926c4187262b27e2e7b99a225aee971fcd40a59f16,20261005T133926Z-49cb46fc49,16,208.09539800000002,79.51908600000002,22.995577000000004,3.130185,26.954071000000052,31.229598,57.221658999999995,0.0,0.0,0.0,0.0,0.0,37.904185999999996,466.1246337890625,505.7989807128906,467.24259,467.24259,1.323977038420444e-14,132.59891900000008,37.904185999999996,88.451257,429.14557400000007,48.49063129333358,30.89835408625234,20.611014620414096
/cephfs/shared/impact/LLM_models/llama2-13b-hf,FP16,2048,measured,passed,40c27a8aedea5475c19c3af676a21c722eae8ac0d9dcebf74df669298417d563,3bb82b90ab6cf09d73f609926c4187262b27e2e7b99a225aee971fcd40a59f16,20261005T133926Z-49cb46fc49,17,208.09940900000004,79.65608300000001,23.013294999999992,3.1290380000000004,26.95922800000002,31.238592,57.248163999999996,0.0,0.0,0.0,0.0,0.0,37.938171000000004,466.5140075683594,505.56036376953125,467.3118109999999,467.311811,2.6477644144532624e-14,132.75764400000003,37.938171000000004,88.486756,429.3438090000001,48.469176598747694,30.92105702169331,20.609766379558994
/cephfs/shared/impact/LLM_models/llama2-13b-hf,FP16,2048,measured,passed,40c27a8aedea5475c19c3af676a21c722eae8ac0d9dcebf74df669298417d563,3bb82b90ab6cf09d73f609926c4187262b27e2e7b99a225aee971fcd40a59f16,20261005T133926Z-49cb46fc49,18,207.68248200000002,79.71036899999997,22.982616000000014,3.127533,26.94427000000002,31.259582999999996,57.307051000000016,0.0,0.0,0.0,0.0,0.0,37.964165999999985,466.5618591308594,507.5997009277344,466.97806999999995,466.97807,0.0,132.764788,37.964165999999985,88.56663400000001,429.013904,48.40926600831101,30.94650004630153,20.644233945387466
/cephfs/shared/impact/LLM_models/llama2-13b-hf,FP16,2048,measured,passed,40c27a8aedea5475c19c3af676a21c722eae8ac0d9dcebf74df669298417d563,3bb82b90ab6cf09d73f609926c4187262b27e2e7b99a225aee971fcd40a59f16,20261005T133926Z-49cb46fc49,19,208.44977900000018,79.84196100000001,23.03882499999999,3.131332,26.987089000000026,31.322534000000005,57.33498699999998,0.0,0.0,0.0,0.0,0.0,37.993706,466.3679504394531,506.4761657714844,468.153092,468.153092,0.0,132.999207,37.993706,88.65752099999997,430.1065070000002,48.4646885381811,30.922388951441732,20.612922510377167
/cephfs/shared/impact/LLM_models/llama2-13b-hf,FP16,2048,measured,passed,40c27a8aedea5475c19c3af676a21c722eae8ac0d9dcebf74df669298417d563,3bb82b90ab6cf09d73f609926c4187262b27e2e7b99a225aee971fcd40a59f16,20261005T133926Z-49cb46fc49,20,208.87836899999994,79.67560099999999,23.02870300000001,3.135946,26.97605200000001,31.282880000000002,57.273894000000034,0.0,0.0,0.0,0.0,0.0,37.94466400000001,466.69952392578125,506.9118347167969,468.44009800000003,468.440098,1.3239050056820619e-14,132.816302,37.94466400000001,88.55677400000003,430.251445,48.547976172398435,30.8694609962321,20.582562831369465
/cephfs/shared/impact/LLM_models/llama2-13b-hf,FP16,2048,measured,passed,40c27a8aedea5475c19c3af676a21c722eae8ac0d9dcebf74df669298417d563,3bb82b90ab6cf09d73f609926c4187262b27e2e7b99a225aee971fcd40a59f16,20261005T133926Z-49cb46fc49,21,208.7365529999999,79.82558999999999,23.039893000000006,3.1369699999999994,26.989686000000038,31.31136100000001,57.338116000000035,0.0,0.0,0.0,0.0,0.0,37.993471,466.7772216796875,508.20953369140625,468.37164000000007,468.37164,1.3207783980513196e-14,132.99213900000004,37.993471,88.64947700000005,430.37816899999996,48.50072983139624,30.90122793844593,20.598042230157834
/cephfs/shared/impact/LLM_models/llama2-13b-hf,FP16,2048,measured,passed,40c27a8aedea5475c19c3af676a21c722eae8ac0d9dcebf74df669298417d563,3bb82b90ab6cf09d73f609926c4187262b27e2e7b99a225aee971fcd40a59f16,20261005T133926Z-49cb46fc49,22,208.67407899999998,79.81052999999999,23.027596,3.1336399999999998,26.97740500000002,31.281665000000007,57.330034999999995,0.0,0.0,0.0,0.0,0.0,37.98986399999998,466.44085693359375,506.99224853515625,468.28957599999995,468.289576,1.3207179347022423e-14,132.949171,37.98986399999998,88.6117,430.23494999999997,48.50235412069615,30.90152740961654,20.59611846968732
/cephfs/shared/impact/LLM_models/llama2-13b-hf,FP16,2048,measured,passed,40c27a8aedea5475c19c3af676a21c722eae8ac0d9dcebf74df669298417d563,3bb82b90ab6cf09d73f609926c4187262b27e2e7b99a225aee971fcd40a59f16,20261005T133926Z-49cb46fc49,23,207.334219,79.53100799999999,22.944872999999987,3.1237209999999997,26.91463099999999,31.214356000000006,57.23917300000004,0.0,0.0,0.0,0.0,0.0,37.893270999999984,466.9458312988281,506.6078186035156,466.200356,466.20035600000006,2.6543300753854214e-14,132.51423299999996,37.893270999999984,88.45352900000005,428.301981,48.40841933906441,30.93943966605187,20.652140994883712
/cephfs/shared/impact/LLM_models/llama2-13b-hf,FP16,2048,measured,passed,40c27a8aedea5475c19c3af676a21c722eae8ac0d9dcebf74df669298417d563,3bb82b90ab6cf09d73f609926c4187262b27e2e7b99a225aee971fcd40a59f16,20261005T133926Z-49cb46fc49,24,209.42552399999985,79.935825,23.098085000000005,3.141576,27.02194600000003,31.351325999999997,57.36182100000001,0.0,0.0,0.0,0.0,0.0,38.03145900000001,466.89117431640625,508.12860107421875,469.368553,469.368553,1.3202829079224072e-14,133.19743200000002,38.03145900000001,88.713147,431.33610299999987,48.55274634870986,30.880195530491,20.567058120799135
/cephfs/shared/impact/LLM_models/llama2-13b-hf,FP16,2048,measured,passed,40c27a8aedea5475c19c3af676a21c722eae8ac0d9dcebf74df669298417d563,3bb82b90ab6cf09d73f609926c4187262b27e2e7b99a225aee971fcd40a59f16,20261005T133926Z-49cb46fc49,25,208.9013150000001,79.83705800000001,23.041888999999998,3.1388599999999998,27.005539000000024,31.326486000000006,57.319921000000015,0.0,0.0,0.0,0.0,0.0,38.02610299999999,467.1918029785156,507.9498291015625,468.90764099999996,468.907641,3.956499814735813e-14,133.02334600000003,38.02610299999999,88.64640700000002,430.57106800000014,48.517267072854054,30.89463177772084,20.588101149425114
/cephfs/shared/impact/LLM_models/llama2-13b-hf,FP16,2048,measured,passed,40c27a8aedea5475c19c3af676a21c722eae8ac0d9dcebf74df669298417d563,3bb82b90ab6cf09d73f609926c4187262b27e2e7b99a225aee971fcd40a59f16,20261005T133926Z-49cb46fc49,26,209.16724599999975,79.773133,23.054038000000002,3.137034,27.000963999999986,31.313408000000006,57.31789500000001,0.0,0.0,0.0,0.0,0.0,37.995964999999984,466.59307861328125,507.2007751464844,468.79079299999995,468.790793,1.3217465743188771e-14,132.965169,37.995964999999984,88.63130300000002,430.76371799999976,48.557303519234615,30.867309256533087,20.5753872242323
/cephfs/shared/impact/LLM_models/llama2-13b-hf,FP16,2048,measured,passed,40c27a8aedea5475c19c3af676a21c722eae8ac0d9dcebf74df669298417d563,3bb82b90ab6cf09d73f609926c4187262b27e2e7b99a225aee971fcd40a59f16,20261005T133926Z-49cb46fc49,27,209.01224800000006,79.98543000000001,23.095920000000003,3.1389220000000004,27.013157000000035,31.354016999999992,57.40023,0.0,0.0,0.0,0.0,0.0,38.049182,467.11767578125,508.1612243652344,469.04910600000005,469.049106,1.341113777378528e-14,133.23342900000006,38.049182,88.75424699999999,430.9999240000001,48.494729664963934,30.912633989234774,20.5926363458013
/cephfs/shared/impact/LLM_models/llama2-13b-hf,FP16,2048,measured,passed,40c27a8aedea5475c19c3af676a21c722eae8ac0d9dcebf74df669298417d563,3bb82b90ab6cf09d73f609926c4187262b27e2e7b99a225aee971fcd40a59f16,20261005T133926Z-49cb46fc49,28,208.94999299999998,80.040053,23.08136700000002,3.138024,27.000451000000023,31.375745,57.396894999999994,0.0,0.0,0.0,0.0,0.0,38.08024800000001,467.35302734375,508.4424133300781,468.94502200000005,468.945022,1.3193295051932736e-14,133.25989500000006,38.08024800000001,88.77264,430.982528,48.48224218500105,30.920022586159234,20.597735228839717
/cephfs/shared/impact/LLM_models/llama2-13b-hf,FP16,2048,measured,passed,40c27a8aedea5475c19c3af676a21c722eae8ac0d9dcebf74df669298417d563,3bb82b90ab6cf09d73f609926c4187262b27e2e7b99a225aee971fcd40a59f16,20261005T133926Z-49cb46fc49,29,209.27248899999992,79.87178699999998,23.097752000000018,3.137386,27.009831000000016,31.357151999999996,57.35031199999999,0.0,0.0,0.0,0.0,0.0,38.00902,467.310546875,507.71337890625,469.1056940000001,469.105694,2.6371541368379018e-14,133.116756,38.00902,88.70746399999999,431.0967089999999,48.544209369039734,30.8786296023429,20.577161028617365
/cephfs/shared/impact/LLM_models/llama2-13b-hf,FP16,2048,measured,passed,40c27a8aedea5475c19c3af676a21c722eae8ac0d9dcebf74df669298417d563,3bb82b90ab6cf09d73f609926c4187262b27e2e7b99a225aee971fcd40a59f16,20261005T133926Z-49cb46fc49,30,208.92572800000016,79.936096,23.071803000000013,3.1355319999999995,26.991861000000018,31.326805000000004,57.37740600000001,0.0,0.0,0.0,0.0,0.0,37.98971799999998,467.54425048828125,506.836181640625,468.604238,468.604238,3.9585818101836396e-14,133.13529200000005,37.98971799999998,88.70421100000002,430.7652310000002,48.50106576962802,30.906694045601835,20.59224018477015
/cephfs/shared/impact/LLM_models/llama2-13b-hf,FP16,2048,measured,passed,40c27a8aedea5475c19c3af676a21c722eae8ac0d9dcebf74df669298417d563,3bb82b90ab6cf09d73f609926c4187262b27e2e7b99a225aee971fcd40a59f16,20261005T133926Z-49cb46fc49,31,209.216274,80.21937600000001,23.113221999999986,3.143179,27.042551,31.388213000000007,57.46554600000001,0.0,0.0,0.0,0.0,0.0,38.14810699999999,466.4985656738281,508.1917419433594,469.67568300000005,469.675683,1.3172604028625975e-14,133.518328,38.14810699999999,88.85375900000003,431.588361,48.47588417705268,30.936498771800753,20.587617051146573
/cephfs/shared/impact/LLM_models/llama2-13b-hf,FP16,4096,measured,passed,40c27a8aedea5475c19c3af676a21c722eae8ac0d9dcebf74df669298417d563,3bb82b90ab6cf09d73f609926c4187262b27e2e7b99a225aee971fcd40a59f16,20261005T133926Z-49cb46fc49,0,420.8755299999998,200.95314799999997,44.511418000000006,6.197264,50.970251000000026,118.26599399999996,224.7477220000001,0.0,0.0,0.0,0.0,0.0,148.93493699999996,1214.3214111328125,1255.9796142578125,1216.4024299999999,1216.4024299999999,0.08877145239577788,302.632081,148.93493699999996,343.01371600000004,1066.521327,39.46245793170152,28.375623940992234,32.16191812730624
/cephfs/shared/impact/LLM_models/llama2-13b-hf,FP16,4096,measured,passed,40c27a8aedea5475c19c3af676a21c722eae8ac0d9dcebf74df669298417d563,3bb82b90ab6cf09d73f609926c4187262b27e2e7b99a225aee971fcd40a59f16,20261005T133926Z-49cb46fc49,1,421.9273949999999,201.65704899999992,44.65213700000004,6.211374000000001,51.027802000000015,118.67454599999999,225.14629299999982,0.0,0.0,0.0,0.0,0.0,149.254168,1210.1961669921875,1256.1014404296875,1219.7992629999999,1219.799263,0.08939870571893986,303.548362,149.254168,343.8208389999998,1069.2965959999997,39.45840626242861,28.387667475563543,32.15392626200784
/cephfs/shared/impact/LLM_models/llama2-13b-hf,FP16,4096,measured,passed,40c27a8aedea5475c19c3af676a21c722eae8ac0d9dcebf74df669298417d563,3bb82b90ab6cf09d73f609926c4187262b27e2e7b99a225aee971fcd40a59f16,20261005T133926Z-49cb46fc49,2,421.90101199999987,201.77320200000003,44.56494800000001,6.2108,50.994074000000076,119.51395699999995,225.2127119999999,0.0,0.0,0.0,0.0,0.0,149.206561,1212.8782958984375,1256.918212890625,1219.6146840000001,1219.614684,2.1244456173093774e-14,303.5430240000001,149.206561,344.72666899999984,1070.1707049999998,39.42371156571698,28.36398180045493,32.2123066338281
/cephfs/shared/impact/LLM_models/llama2-13b-hf,FP16,4096,measured,passed,40c27a8aedea5475c19c3af676a21c722eae8ac0d9dcebf74df669298417d563,3bb82b90ab6cf09d73f609926c4187262b27e2e7b99a225aee971fcd40a59f16,20261005T133926Z-49cb46fc49,3,421.97770699999995,201.87547400000008,44.54607299999996,6.209237999999998,51.017285,118.43526199999998,225.270836,0.0,0.0,0.0,0.0,0.0,149.32700100000005,1215.3302001953125,1255.8624267578125,1219.3912710000002,1219.391271,0.08914777322805797,303.64807,149.32700100000005,343.706098,1069.3318749999999,39.461809459294386,28.396055247114006,32.14213529359162
/cephfs/shared/impact/LLM_models/llama2-13b-hf,FP16,4096,measured,passed,40c27a8aedea5475c19c3af676a21c722eae8ac0d9dcebf74df669298417d563,3bb82b90ab6cf09d73f609926c4187262b27e2e7b99a225aee971fcd40a59f16,20261005T133926Z-49cb46fc49,4,422.0754859999999,202.00111600000002,44.57259799999996,6.213106999999999,51.05481100000001,118.56577100000003,225.28673399999994,0.0,0.0,0.0,0.0,0.0,149.40200499999997,1216.310302734375,1259.5213623046875,1220.1296340000001,1220.1296340000001,0.08936976434989177,303.841632,149.40200499999997,343.85250499999995,1069.7696229999997,39.45480194290393,28.402529429460166,32.14266862763592
/cephfs/shared/impact/LLM_models/llama2-13b-hf,FP16,4096,measured,passed,40c27a8aedea5475c19c3af676a21c722eae8ac0d9dcebf74df669298417d563,3bb82b90ab6cf09d73f609926c4187262b27e2e7b99a225aee971fcd40a59f16,20261005T133926Z-49cb46fc49,5,423.6288869999997,201.67678599999996,44.69529399999997,6.234223,51.13873300000003,118.68461999999998,225.21177699999996,0.0,0.0,0.0,0.0,0.0,149.434347,1216.369140625,1258.849609375,1221.6368069999999,1221.636807,0.08845027194890884,303.74503599999997,149.434347,343.8963969999999,1071.2703199999996,39.54453690082628,28.353724576258223,32.10173852291549
/cephfs/shared/impact/LLM_models/llama2-13b-hf,FP16,4096,measured,passed,40c27a8aedea5475c19c3af676a21c722eae8ac0d9dcebf74df669298417d563,3bb82b90ab6cf09d73f609926c4187262b27e2e7b99a225aee971fcd40a59f16,20261005T133926Z-49cb46fc49,6,423.25023200000004,202.46835699999997,44.71233899999998,6.231344,51.11883100000005,119.73351999999998,225.51353799999995,0.0,0.0,0.0,0.0,0.0,149.65728299999995,1217.3228759765625,1259.36376953125,1222.493342,1222.493342,2.1193421628672925e-14,304.530871,149.65728299999995,345.2470579999999,1073.028161,39.444466360095845,28.38051060246125,32.175023037442905
/cephfs/shared/impact/LLM_models/llama2-13b-hf,FP16,4096,measured,passed,40c27a8aedea5475c19c3af676a21c722eae8ac0d9dcebf74df669298417d563,3bb82b90ab6cf09d73f609926c4187262b27e2e7b99a225aee971fcd40a59f16,20261005T133926Z-49cb46fc49,7,424.096355,202.618974,44.742519,6.228752999999999,51.129085000000025,118.95022100000001,225.69038900000012,0.0,0.0,0.0,0.0,0.0,149.59640899999997,1218.7156982421875,1261.0882568359375,1224.226132,1224.226132,0.08884182235471605,304.719331,149.59640899999997,344.64061000000015,1073.4562960000003,39.50755671938413,28.38674775447029,32.10569552614558
/cephfs/shared/impact/LLM_models/llama2-13b-hf,FP16,4096,measured,passed,40c27a8aedea5475c19c3af676a21c722eae8ac0d9dcebf74df669298417d563,3bb82b90ab6cf09d73f609926c4187262b27e2e7b99a225aee971fcd40a59f16,20261005T133926Z-49cb46fc49,8,423.56016499999987,202.44383800000003,44.73539600000002,6.225807999999999,51.12362700000005,118.88504300000002,225.6132069999999,0.0,0.0,0.0,0.0,0.0,149.63148800000002,1214.8638916015625,1260.1810302734375,1223.408532,1223.408532,0.08881788691317534,304.5286690000001,149.63148800000002,344.4982499999999,1072.5870839999998,39.489582833723546,28.39197614279683,32.11844102347964
/cephfs/shared/impact/LLM_models/llama2-13b-hf,FP16,4096,measured,passed,40c27a8aedea5475c19c3af676a21c722eae8ac0d9dcebf74df669298417d563,3bb82b90ab6cf09d73f609926c4187262b27e2e7b99a225aee971fcd40a59f16,20261005T133926Z-49cb46fc49,9,423.5023740000004,202.32622800000004,44.736261000000006,6.2250689999999995,51.123494000000065,118.94822399999998,225.53460700000008,0.0,0.0,0.0,0.0,0.0,149.6507600000001,1216.185302734375,1259.9444580078125,1222.998399,1222.998399,0.08863689315848135,304.4110520000001,149.6507600000001,344.48283100000003,1072.3962570000006,39.49122082771314,28.386060657427297,32.12271851485956
/cephfs/shared/impact/LLM_models/llama2-13b-hf,FP16,4096,measured,passed,40c27a8aedea5475c19c3af676a21c722eae8ac0d9dcebf74df669298417d563,3bb82b90ab6cf09d73f609926c4187262b27e2e7b99a225aee971fcd40a59f16,20261005T133926Z-49cb46fc49,10,423.78515100000004,202.68168899999995,44.70767499999999,6.227346999999999,51.1558,118.92524099999997,225.69136400000008,0.0,0.0,0.0,0.0,0.0,149.738777,1214.8541259765625,1260.0511474609375,1223.923086,1223.9230859999998,0.08911003372323394,304.77251099999995,149.738777,344.61660500000005,1073.1742669999999,39.488940802193135,28.399163152874962,32.11189604493192
/cephfs/shared/impact/LLM_models/llama2-13b-hf,FP16,4096,measured,passed,40c27a8aedea5475c19c3af676a21c722eae8ac0d9dcebf74df669298417d563,3bb82b90ab6cf09d73f609926c4187262b27e2e7b99a225aee971fcd40a59f16,20261005T133926Z-49cb46fc49,11,424.0862329999998,202.56790300000006,44.71452499999999,6.229005,51.08772300000005,118.89688999999998,225.56013999999993,0.0,0.0,0.0,0.0,0.0,149.77665,1218.0675048828125,1262.116455078125,1224.1703800000003,1224.1703799999998,0.08869801144634246,304.5991560000001,149.77665,344.4570299999999,1073.1424189999998,39.518168836824245,28.38385200389699,32.09797915927876
/cephfs/shared/impact/LLM_models/llama2-13b-hf,FP16,4096,measured,passed,40c27a8aedea5475c19c3af676a21c722eae8ac0d9dcebf74df669298417d563,3bb82b90ab6cf09d73f609926c4187262b27e2e7b99a225aee971fcd40a59f16,20261005T133926Z-49cb46fc49,12,424.41858000000013,202.492357,44.736871,6.239343000000001,51.16327500000003,118.90139600000002,225.43872600000012,0.0,0.0,0.0,0.0,0.0,149.6915720000001,1219.38427734375,1260.5548095703125,1224.081594,1224.081594,0.08890036000060425,304.63184600000005,149.6915720000001,344.3401220000001,1073.3905480000003,39.53999602388897,28.38033617564517,32.07966780046586
/cephfs/shared/impact/LLM_models/llama2-13b-hf,FP16,4096,measured,passed,40c27a8aedea5475c19c3af676a21c722eae8ac0d9dcebf74df669298417d563,3bb82b90ab6cf09d73f609926c4187262b27e2e7b99a225aee971fcd40a59f16,20261005T133926Z-49cb46fc49,13,423.5374829999998,202.223962,44.676400000000044,6.232267999999999,51.12414399999999,119.71709399999997,225.42195300000003,0.0,0.0,0.0,0.0,0.0,149.58112099999994,1216.9071044921875,1259.7025146484375,1222.552639,1222.552639,4.23893470671191e-14,304.256774,149.58112099999994,345.139047,1072.9333039999997,39.47472610096181,28.357473187354813,32.16780071168339
/cephfs/shared/impact/LLM_models/llama2-13b-hf,FP16,4096,measured,passed,40c27a8aedea5475c19c3af676a21c722eae8ac0d9dcebf74df669298417d563,3bb82b90ab6cf09d73f609926c4187262b27e2e7b99a225aee971fcd40a59f16,20261005T133926Z-49cb46fc49,14,423.41867299999956,202.54341799999997,44.707508999999995,6.2274020000000005,51.107904000000055,118.86406900000001,225.61894100000012,0.0,0.0,0.0,0.0,0.0,149.64928200000008,1217.634033203125,1259.9871826171875,1222.757282,1222.7572819999998,0.08895190418855319,304.58623300000005,149.64928200000008,344.48301000000015,1072.4879159999998,39.48004137698831,28.399968750790112,32.11998987222157
/cephfs/shared/impact/LLM_models/llama2-13b-hf,FP16,4096,measured,passed,40c27a8aedea5475c19c3af676a21c722eae8ac0d9dcebf74df669298417d563,3bb82b90ab6cf09d73f609926c4187262b27e2e7b99a225aee971fcd40a59f16,20261005T133926Z-49cb46fc49,15,423.588292,202.36689299999998,44.677009999999974,6.220811999999998,51.13094000000004,118.73655299999999,225.4514639999999,0.0,0.0,0.0,0.0,0.0,149.61168200000003,1217.3304443359375,1260.956298828125,1222.7985449999999,1222.7985449999999,0.08876621315235128,304.395655,149.61168200000003,344.1880169999999,1072.171964,39.50749564647263,28.390562822066105,32.101941531461264
/cephfs/shared/impact/LLM_models/llama2-13b-hf,FP16,4096,measured,passed,40c27a8aedea5475c19c3af676a21c722eae8ac0d9dcebf74df669298417d563,3bb82b90ab6cf09d73f609926c4187262b27e2e7b99a225aee971fcd40a59f16,20261005T133926Z-49cb46fc49,16,423.6071559999997,202.669864,44.71256200000002,6.224517999999999,51.10918700000002,118.881417,225.74262000000002,0.0,0.0,0.0,0.0,0.0,149.70169900000002,1213.447509765625,1259.8822021484375,1223.3245169999998,1223.324517,0.08845690893842495,304.716131,149.70169900000002,344.62403700000004,1072.9473239999998,39.48070390080024,28.399915278599465,32.1193808206003
/cephfs/shared/impact/LLM_models/llama2-13b-hf,FP16,4096,measured,passed,40c27a8aedea5475c19c3af676a21c722eae8ac0d9dcebf74df669298417d563,3bb82b90ab6cf09d73f609926c4187262b27e2e7b99a225aee971fcd40a59f16,20261005T133926Z-49cb46fc49,17,423.6635359999999,202.67406400000002,44.729782000000014,6.230094,51.121386000000015,119.87118599999995,225.71132099999988,0.0,0.0,0.0,0.0,0.0,149.68859799999996,1218.185791015625,1260.92138671875,1223.652902,1223.652902,2.117143694593708e-14,304.755326,149.68859799999996,345.58250699999985,1074.0013689999998,39.44720632846791,28.37569250807911,32.177101163452974
/cephfs/shared/impact/LLM_models/llama2-13b-hf,FP16,4096,measured,passed,40c27a8aedea5475c19c3af676a21c722eae8ac0d9dcebf74df669298417d563,3bb82b90ab6cf09d73f609926c4187262b27e2e7b99a225aee971fcd40a59f16,20261005T133926Z-49cb46fc49,18,423.2260589999999,202.847102,44.727263,6.227243999999999,51.10695500000007,118.83490400000001,225.64377800000008,0.0,0.0,0.0,0.0,0.0,149.733678,1215.16748046875,1260.7232666015625,1223.302556,1223.302556,0.08900900720782243,304.90856400000007,149.733678,344.4786820000001,1072.613305,39.457468691384534,28.42669977881731,32.11583152979816
/cephfs/shared/impact/LLM_models/llama2-13b-hf,FP16,4096,measured,passed,40c27a8aedea5475c19c3af676a21c722eae8ac0d9dcebf74df669298417d563,3bb82b90ab6cf09d73f609926c4187262b27e2e7b99a225aee971fcd40a59f16,20261005T133926Z-49cb46fc49,19,423.82988099999994,202.56812200000005,44.761293999999964,6.236492999999999,51.17111500000009,119.043624,225.5941969999999,0.0,0.0,0.0,0.0,0.0,149.84826800000002,1215.743896484375,1260.67724609375,1223.8331170000001,1223.8331170000001,0.08824199840802634,304.7370240000001,149.84826800000002,344.6378209999999,1073.204726,39.491987943407544,28.395050507818965,32.11296154877349
/cephfs/shared/impact/LLM_models/llama2-13b-hf,FP16,4096,measured,passed,40c27a8aedea5475c19c3af676a21c722eae8ac0d9dcebf74df669298417d563,3bb82b90ab6cf09d73f609926c4187262b27e2e7b99a225aee971fcd40a59f16,20261005T133926Z-49cb46fc49,20,424.0315579999998,201.91503300000002,44.680128999999965,6.226761999999996,51.14107200000011,118.78518600000001,225.49931599999994,0.0,0.0,0.0,0.0,0.0,149.56890599999994,1217.7684326171875,1260.142822265625,1222.809391,1222.809391,0.08873807998403144,303.9629960000001,149.56890599999994,344.284502,1072.2790559999999,39.54488858355542,28.347377886302773,32.10773353014181
/cephfs/shared/impact/LLM_models/llama2-13b-hf,FP16,4096,measured,passed,40c27a8aedea5475c19c3af676a21c722eae8ac0d9dcebf74df669298417d563,3bb82b90ab6cf09d73f609926c4187262b27e2e7b99a225aee971fcd40a59f16,20261005T133926Z-49cb46fc49,21,423.79646399999996,202.66070800000006,44.70915799999999,6.227376999999997,51.145655000000104,118.05066900000003,225.56266700000003,0.0,0.0,0.0,0.0,0.0,149.71079800000004,1219.2861328125,1260.1754150390625,1224.0494170000002,1224.049417,0.17729902559842786,304.74289800000014,149.71079800000004,343.61333600000006,1072.152698,39.52762183880639,28.423460442572157,32.04891771862146
/cephfs/shared/impact/LLM_models/llama2-13b-hf,FP16,4096,measured,passed,40c27a8aedea5475c19c3af676a21c722eae8ac0d9dcebf74df669298417d563,3bb82b90ab6cf09d73f609926c4187262b27e2e7b99a225aee971fcd40a59f16,20261005T133926Z-49cb46fc49,22,423.43886099999986,202.55546300000003,44.749857999999975,6.224837999999998,51.114103000000036,119.03961900000009,225.731951,0.0,0.0,0.0,0.0,0.0,149.65364300000002,1215.6513671875,1260.5594482421875,1223.491829,1223.4918289999998,0.08847422380634559,304.644262,149.65364300000002,344.7715700000001,1072.854693,39.46842603782131,28.395668489656316,32.135905472522374
/cephfs/shared/impact/LLM_models/llama2-13b-hf,FP16,4096,measured,passed,40c27a8aedea5475c19c3af676a21c722eae8ac0d9dcebf74df669298417d563,3bb82b90ab6cf09d73f609926c4187262b27e2e7b99a225aee971fcd40a59f16,20261005T133926Z-49cb46fc49,23,423.43168599999973,202.45386299999996,44.679566,6.224076999999999,51.111306000000056,118.80994799999998,225.59356699999995,0.0,0.0,0.0,0.0,0.0,149.62732900000003,1218.1197509765625,1259.0279541015625,1222.9209110000002,1222.9209110000002,0.08892450453508495,304.468812,149.62732900000003,344.4035149999999,1072.3040129999997,39.48802586454555,28.393889075187122,32.118085060267326
/cephfs/shared/impact/LLM_models/llama2-13b-hf,FP16,4096,measured,passed,40c27a8aedea5475c19c3af676a21c722eae8ac0d9dcebf74df669298417d563,3bb82b90ab6cf09d73f609926c4187262b27e2e7b99a225aee971fcd40a59f16,20261005T133926Z-49cb46fc49,24,423.6654509999999,202.58779299999995,44.768109,6.2266699999999995,51.12342,119.93530199999995,225.68908000000005,0.0,0.0,0.0,0.0,0.0,149.6811129999999,1215.3790283203125,1260.3271484375,1223.750708,1223.750708,0.0,304.705992,149.6811129999999,345.62438199999997,1073.995825,39.447588262272795,28.371245484124668,32.18116625360252
/cephfs/shared/impact/LLM_models/llama2-13b-hf,FP16,4096,measured,passed,40c27a8aedea5475c19c3af676a21c722eae8ac0d9dcebf74df669298417d563,3bb82b90ab6cf09d73f609926c4187262b27e2e7b99a225aee971fcd40a59f16,20261005T133926Z-49cb46fc49,25,423.38921400000015,202.74053300000006,44.719362999999944,6.227025,51.11311000000004,118.885579,225.6812190000001,0.0,0.0,0.0,0.0,0.0,149.69372800000005,1215.5098876953125,1259.914306640625,1223.498824,1223.498824,0.08905541227532485,304.80003100000005,149.69372800000005,344.5667980000001,1072.7560430000003,39.46742754447481,28.412800187786956,32.119772267738234
/cephfs/shared/impact/LLM_models/llama2-13b-hf,FP16,4096,measured,passed,40c27a8aedea5475c19c3af676a21c722eae8ac0d9dcebf74df669298417d563,3bb82b90ab6cf09d73f609926c4187262b27e2e7b99a225aee971fcd40a59f16,20261005T133926Z-49cb46fc49,26,423.33748200000025,202.369409,44.737143000000025,6.225033999999999,51.1226960000001,118.956039,225.50141500000007,0.0,0.0,0.0,0.0,0.0,149.72405700000002,1217.7596435546875,1260.939208984375,1223.330063,1223.330063,0.08850600956777349,304.4542820000001,149.72405700000002,344.4574540000001,1072.2492180000004,39.48125817145619,28.3939849886652,32.124756839878614
/cephfs/shared/impact/LLM_models/llama2-13b-hf,FP16,4096,measured,passed,40c27a8aedea5475c19c3af676a21c722eae8ac0d9dcebf74df669298417d563,3bb82b90ab6cf09d73f609926c4187262b27e2e7b99a225aee971fcd40a59f16,20261005T133926Z-49cb46fc49,27,423.95068399999997,202.528821,44.724985000000004,6.23073,51.138425,118.81993299999999,225.7594189999999,0.0,0.0,0.0,0.0,0.0,149.60490600000003,1215.7362060546875,1259.81689453125,1223.705951,1223.705951,0.08882488332369982,304.622961,149.60490600000003,344.57935199999986,1073.1529969999997,39.505148397773155,28.385790455934405,32.10906114629245
/cephfs/shared/impact/LLM_models/llama2-13b-hf,FP16,4096,measured,passed,40c27a8aedea5475c19c3af676a21c722eae8ac0d9dcebf74df669298417d563,3bb82b90ab6cf09d73f609926c4187262b27e2e7b99a225aee971fcd40a59f16,20261005T133926Z-49cb46fc49,28,423.7441510000001,202.31906599999996,44.71084200000003,6.230853999999999,51.16448800000009,119.79391,225.45835399999982,0.0,0.0,0.0,0.0,0.0,149.67319100000006,1218.77001953125,1259.6494140625,1223.1242309999998,1223.124231,4.236315089515682e-14,304.42525000000006,149.67319100000006,345.2522639999998,1073.4216649999998,39.47601998511928,28.36026697858759,32.16371303629313
/cephfs/shared/impact/LLM_models/llama2-13b-hf,FP16,4096,measured,passed,40c27a8aedea5475c19c3af676a21c722eae8ac0d9dcebf74df669298417d563,3bb82b90ab6cf09d73f609926c4187262b27e2e7b99a225aee971fcd40a59f16,20261005T133926Z-49cb46fc49,29,423.2270739999997,202.41117600000007,44.650547,6.222954,51.104971000000035,119.68529199999996,225.44140599999992,0.0,0.0,0.0,0.0,0.0,149.54115199999995,1218.841796875,1268.35400390625,1222.284572,1222.284572,4.2391064107991834e-14,304.3896480000001,149.54115199999995,345.12669799999986,1072.7434199999996,39.45277744048058,28.374879055422237,32.17234350409719
/cephfs/shared/impact/LLM_models/llama2-13b-hf,FP16,4096,measured,passed,40c27a8aedea5475c19c3af676a21c722eae8ac0d9dcebf74df669298417d563,3bb82b90ab6cf09d73f609926c4187262b27e2e7b99a225aee971fcd40a59f16,20261005T133926Z-49cb46fc49,30,423.2113,202.52953300000004,44.765278,6.226095,51.147419,118.995733,225.62338399999996,0.0,0.0,0.0,0.0,0.0,149.70690900000005,1216.59326171875,1259.525390625,1223.152608,1223.152608,0.08847368813203137,304.66832500000004,149.70690900000005,344.61911699999996,1072.498742,39.46030735763791,28.407336350982877,32.13235629137922
/cephfs/shared/impact/LLM_models/llama2-13b-hf,FP16,4096,measured,passed,40c27a8aedea5475c19c3af676a21c722eae8ac0d9dcebf74df669298417d563,3bb82b90ab6cf09d73f609926c4187262b27e2e7b99a225aee971fcd40a59f16,20261005T133926Z-49cb46fc49,31,423.90219200000007,202.707723,44.770613,6.234056,51.15677900000003,119.045714,225.7283330000001,0.0,0.0,0.0,0.0,0.0,149.779978,1215.3839111328125,1260.5286865234375,1224.3296169999999,1224.329617,0.08848805721038161,304.869171,149.779978,344.7740470000001,1073.5454100000002,39.48619108715671,28.398348887728925,32.11546002511436
/cephfs/shared/impact/LLM_models/llama2-13b-hf,FP16,512,measured,passed,40c27a8aedea5475c19c3af676a21c722eae8ac0d9dcebf74df669298417d563,3bb82b90ab6cf09d73f609926c4187262b27e2e7b99a225aee971fcd40a59f16,20261005T133926Z-49cb46fc49,0,66.063323,1.8717230000000002,5.778074000000006,0.7856519999999997,6.213668999999974,2.2509639999999993,4.613386000000002,0.0,0.0,0.0,0.0,0.0,2.8887320000000014,95.4593276977539,444.9276428222656,90.419599,90.463184,3.248542976136293e-14,14.64911799999998,2.8887320000000014,6.864350000000002,87.57679099999999,75.43473818308782,16.727169188010077,7.838092628902106
/cephfs/shared/impact/LLM_models/llama2-13b-hf,FP16,512,measured,passed,40c27a8aedea5475c19c3af676a21c722eae8ac0d9dcebf74df669298417d563,3bb82b90ab6cf09d73f609926c4187262b27e2e7b99a225aee971fcd40a59f16,20261005T133926Z-49cb46fc49,1,66.08088299999999,1.873736,5.782834000000013,0.7835680000000002,6.224478999999978,2.250729999999999,4.619548999999998,0.0,0.0,0.0,0.0,0.0,2.8881590000000017,94.78844451904297,446.67437744140625,90.46119099999996,90.50477400000001,3.24596269758955e-14,14.664616999999991,2.8881590000000017,6.870278999999997,87.61577899999997,75.42121265622714,16.73741552877136,7.841371815001495
/cephfs/shared/impact/LLM_models/llama2-13b-hf,FP16,512,measured,passed,40c27a8aedea5475c19c3af676a21c722eae8ac0d9dcebf74df669298417d563,3bb82b90ab6cf09d73f609926c4187262b27e2e7b99a225aee971fcd40a59f16,20261005T133926Z-49cb46fc49,2,66.11860999999999,1.874505,5.800689000000008,0.7848229999999998,6.227178999999977,2.255746999999999,4.619652000000002,0.0,0.0,0.0,0.0,0.0,2.8920930000000014,94.93692779541016,463.8897399902344,90.527818,90.57185199999999,3.2601676678867596e-14,14.687195999999986,2.8920930000000014,6.875399000000002,87.68120499999998,75.40796228792705,16.75067763952376,7.841360072549189
/cephfs/shared/impact/LLM_models/llama2-13b-hf,FP16,512,measured,passed,40c27a8aedea5475c19c3af676a21c722eae8ac0d9dcebf74df669298417d563,3bb82b90ab6cf09d73f609926c4187262b27e2e7b99a225aee971fcd40a59f16,20261005T133926Z-49cb46fc49,3,66.06624899999997,1.876266,5.783276000000013,0.7869659999999999,6.220083999999986,2.2489170000000005,4.615535999999996,0.0,0.0,0.0,0.0,0.0,2.8904720000000004,94.8851547241211,458.55657958984375,90.43797500000001,90.481465,1.622660004972966e-14,14.666592,2.8904720000000004,6.864452999999997,87.59729399999996,75.42042223359091,16.7432021359016,7.83637563050749
/cephfs/shared/impact/LLM_models/llama2-13b-hf,FP16,512,measured,passed,40c27a8aedea5475c19c3af676a21c722eae8ac0d9dcebf74df669298417d563,3bb82b90ab6cf09d73f609926c4187262b27e2e7b99a225aee971fcd40a59f16,20261005T133926Z-49cb46fc49,4,66.10072000000001,1.8779299999999999,5.795714000000003,0.7841860000000002,6.224551999999983,2.2542600000000004,4.6227030000000005,0.0,0.0,0.0,0.0,0.0,2.892764000000001,95.02127838134766,471.70465087890625,90.51213599999998,90.555431,1.6210840032053786e-14,14.682381999999986,2.892764000000001,6.876963000000001,87.660065,75.4057392040492,16.74922554529247,7.8450352506583245
/cephfs/shared/impact/LLM_models/llama2-13b-hf,FP16,512,measured,passed,40c27a8aedea5475c19c3af676a21c722eae8ac0d9dcebf74df669298417d563,3bb82b90ab6cf09d73f609926c4187262b27e2e7b99a225aee971fcd40a59f16,20261005T133926Z-49cb46fc49,5,66.08307400000004,1.8767780000000003,5.785078000000004,0.7850090000000002,6.222009999999978,2.2519179999999994,4.619748000000003,0.0,0.0,0.0,0.0,0.0,2.88803,94.97932434082031,443.8962707519531,90.46830800000001,90.511894,1.6228625442387026e-14,14.668874999999982,2.88803,6.871666000000003,87.62361500000003,75.41696835949992,16.740778156664703,7.84225348383538
/cephfs/shared/impact/LLM_models/llama2-13b-hf,FP16,512,measured,passed,40c27a8aedea5475c19c3af676a21c722eae8ac0d9dcebf74df669298417d563,3bb82b90ab6cf09d73f609926c4187262b27e2e7b99a225aee971fcd40a59f16,20261005T133926Z-49cb46fc49,6,66.13179000000002,1.8778370000000004,5.795087000000008,0.7852679999999999,6.224415999999979,2.256344000000001,4.620428000000001,0.0,0.0,0.0,0.0,0.0,2.8895380000000013,94.94204711914062,450.367431640625,90.53764,90.581166,1.6215081424995608e-14,14.682607999999988,2.8895380000000013,6.8767720000000025,87.69117000000001,75.41442313975286,16.743542137708943,7.842034722538201
/cephfs/shared/impact/LLM_models/llama2-13b-hf,FP16,512,measured,passed,40c27a8aedea5475c19c3af676a21c722eae8ac0d9dcebf74df669298417d563,3bb82b90ab6cf09d73f609926c4187262b27e2e7b99a225aee971fcd40a59f16,20261005T133926Z-49cb46fc49,7,66.14399100000003,1.87547,5.784940000000015,0.7850429999999997,6.22268799999998,2.250613,4.619113000000002,0.0,0.0,0.0,0.0,0.0,2.8898870000000008,95.2105941772461,446.6466369628906,90.52304000000001,90.566722,4.862466140070637e-14,14.668140999999995,2.8898870000000008,6.869726000000002,87.68185800000002,75.43634739126995,16.72882091526846,7.834831693461605
/cephfs/shared/impact/LLM_models/llama2-13b-hf,FP16,512,measured,passed,40c27a8aedea5475c19c3af676a21c722eae8ac0d9dcebf74df669298417d563,3bb82b90ab6cf09d73f609926c4187262b27e2e7b99a225aee971fcd40a59f16,20261005T133926Z-49cb46fc49,8,66.123455,1.877321,5.792675000000008,0.7854220000000001,6.2195339999999835,2.25212,4.6191790000000035,0.0,0.0,0.0,0.0,0.0,2.891799000000002,95.34620666503906,446.76861572265625,90.51406200000001,90.557901,3.2405277193716725e-14,14.674951999999992,2.891799000000002,6.871299000000004,87.669706,75.42337942823717,16.738908648786836,7.837711922975998
/cephfs/shared/impact/LLM_models/llama2-13b-hf,FP16,512,measured,passed,40c27a8aedea5475c19c3af676a21c722eae8ac0d9dcebf74df669298417d563,3bb82b90ab6cf09d73f609926c4187262b27e2e7b99a225aee971fcd40a59f16,20261005T133926Z-49cb46fc49,9,66.14786899999996,1.8749530000000003,5.7938240000000105,0.786608,6.22249999999998,2.253163,4.618418000000001,0.0,0.0,0.0,0.0,0.0,2.8902470000000005,95.10454559326172,446.72833251953125,90.547347,90.591189,4.8605764451553726e-14,14.677884999999991,2.8902470000000005,6.871581000000001,87.69733499999995,75.42745626192631,16.736979521669614,7.835564216404073
/cephfs/shared/impact/LLM_models/llama2-13b-hf,FP16,512,measured,passed,40c27a8aedea5475c19c3af676a21c722eae8ac0d9dcebf74df669298417d563,3bb82b90ab6cf09d73f609926c4187262b27e2e7b99a225aee971fcd40a59f16,20261005T133926Z-49cb46fc49,10,66.08682099999997,1.8727119999999993,5.780713000000007,0.7859699999999998,6.21241999999998,2.2520830000000003,4.615755000000002,0.0,0.0,0.0,0.0,0.0,2.888564000000003,95.33241271972656,444.802001953125,90.44633799999998,90.48960000000001,3.241103532615914e-14,14.651814999999987,2.888564000000003,6.8678380000000026,87.60647399999996,75.43600145349988,16.724580194838104,7.839418351662007
/cephfs/shared/impact/LLM_models/llama2-13b-hf,FP16,512,measured,passed,40c27a8aedea5475c19c3af676a21c722eae8ac0d9dcebf74df669298417d563,3bb82b90ab6cf09d73f609926c4187262b27e2e7b99a225aee971fcd40a59f16,20261005T133926Z-49cb46fc49,11,66.136341,1.8728429999999998,5.781966000000005,0.784179,6.21813999999999,2.2504839999999993,4.620768000000002,0.0,0.0,0.0,0.0,0.0,2.8900710000000007,95.18934631347656,448.50555419921875,90.51130799999999,90.554792,3.2389306891152474e-14,14.657127999999995,2.8900710000000007,6.871252000000001,87.664721,75.44236751748745,16.719528486265293,7.838103996247249
/cephfs/shared/impact/LLM_models/llama2-13b-hf,FP16,512,measured,passed,40c27a8aedea5475c19c3af676a21c722eae8ac0d9dcebf74df669298417d563,3bb82b90ab6cf09d73f609926c4187262b27e2e7b99a225aee971fcd40a59f16,20261005T133926Z-49cb46fc49,12,66.12364299999999,1.8790200000000004,5.78186300000001,0.7872210000000001,6.213727999999986,2.2501920000000006,4.621578,0.0,0.0,0.0,0.0,0.0,2.8887930000000015,95.0408935546875,445.6455078125,90.50017700000001,90.543918,1.6201329294639978e-14,14.661831999999997,2.8887930000000015,6.8717700000000015,87.65724499999999,75.43431578302511,16.726320796415628,7.83936342055925
/cephfs/shared/impact/LLM_models/llama2-13b-hf,FP16,512,measured,passed,40c27a8aedea5475c19c3af676a21c722eae8ac0d9dcebf74df669298417d563,3bb82b90ab6cf09d73f609926c4187262b27e2e7b99a225aee971fcd40a59f16,20261005T133926Z-49cb46fc49,13,66.135131,1.8745390000000004,5.783107000000012,0.7854260000000001,6.22472599999998,2.250284,4.618216000000001,0.0,0.0,0.0,0.0,0.0,2.8891500000000008,95.1436767578125,444.68792724609375,90.51924,90.56263,1.6208909851103033e-14,14.667797999999992,2.8891500000000008,6.868500000000001,87.67142899999999,75.4352150459416,16.730419667278372,7.834365286780032
/cephfs/shared/impact/LLM_models/llama2-13b-hf,FP16,512,measured,passed,40c27a8aedea5475c19c3af676a21c722eae8ac0d9dcebf74df669298417d563,3bb82b90ab6cf09d73f609926c4187262b27e2e7b99a225aee971fcd40a59f16,20261005T133926Z-49cb46fc49,14,66.15932199999999,1.874898,5.781833000000011,0.7868049999999999,6.222164999999986,2.252241999999999,4.622086000000001,0.0,0.0,0.0,0.0,0.0,2.8897329999999997,94.89801788330078,443.9069519042969,90.54517499999999,90.588853,1.6197965941889098e-14,14.665700999999997,2.8897329999999997,6.874328,87.699351,75.43878175335641,16.72270185899095,7.83851638765263
/cephfs/shared/impact/LLM_models/llama2-13b-hf,FP16,512,measured,passed,40c27a8aedea5475c19c3af676a21c722eae8ac0d9dcebf74df669298417d563,3bb82b90ab6cf09d73f609926c4187262b27e2e7b99a225aee971fcd40a59f16,20261005T133926Z-49cb46fc49,15,66.14325899999999,1.875849,5.783769000000011,0.7837309999999997,6.2199199999999815,2.249266,4.618340999999998,0.0,0.0,0.0,0.0,0.0,2.8884440000000002,95.2089614868164,450.4458923339844,90.524933,90.568553,1.6202729856904867e-14,14.663268999999993,2.8884440000000002,6.867606999999998,87.67413499999998,75.4421574846447,16.724737575112655,7.833104940242638
/cephfs/shared/impact/LLM_models/llama2-13b-hf,FP16,512,measured,passed,40c27a8aedea5475c19c3af676a21c722eae8ac0d9dcebf74df669298417d563,3bb82b90ab6cf09d73f609926c4187262b27e2e7b99a225aee971fcd40a59f16,20261005T133926Z-49cb46fc49,16,66.17377300000001,1.8747949999999998,5.792044000000005,0.7846559999999999,6.219836999999977,2.253524,4.624301,0.0,0.0,0.0,0.0,0.0,2.890794000000002,95.32969665527344,448.90106201171875,90.58715900000001,90.63071400000001,4.863481250925082e-14,14.671331999999982,2.890794000000002,6.877825,87.72292999999999,75.43497806103834,16.72462604703238,7.840395891929283
/cephfs/shared/impact/LLM_models/llama2-13b-hf,FP16,512,measured,passed,40c27a8aedea5475c19c3af676a21c722eae8ac0d9dcebf74df669298417d563,3bb82b90ab6cf09d73f609926c4187262b27e2e7b99a225aee971fcd40a59f16,20261005T133926Z-49cb46fc49,17,66.15267,1.8764890000000003,5.78386800000001,0.7835969999999999,6.220238999999983,2.2507679999999994,4.6175049999999995,0.0,0.0,0.0,0.0,0.0,2.8878090000000007,95.12934112548828,448.54766845703125,90.53785100000002,90.581376,1.6204607751323202e-14,14.664192999999994,2.8878090000000007,6.8682729999999985,87.685136,75.44342521177136,16.723693055571008,7.832881732657629
/cephfs/shared/impact/LLM_models/llama2-13b-hf,FP16,512,measured,passed,40c27a8aedea5475c19c3af676a21c722eae8ac0d9dcebf74df669298417d563,3bb82b90ab6cf09d73f609926c4187262b27e2e7b99a225aee971fcd40a59f16,20261005T133926Z-49cb46fc49,18,66.15898899999999,1.8750839999999998,5.786400000000008,0.78524,6.219552999999979,2.2508909999999984,4.618179000000001,0.0,0.0,0.0,0.0,0.0,2.8881350000000006,95.11481475830078,446.044921875,90.53859499999999,90.58253,3.239873627723772e-14,14.666276999999987,2.8881350000000006,6.86907,87.69433599999996,75.4427161635616,16.724315011633127,7.832968824805291
/cephfs/shared/impact/LLM_models/llama2-13b-hf,FP16,512,measured,passed,40c27a8aedea5475c19c3af676a21c722eae8ac0d9dcebf74df669298417d563,3bb82b90ab6cf09d73f609926c4187262b27e2e7b99a225aee971fcd40a59f16,20261005T133926Z-49cb46fc49,19,66.15614,1.87201,5.782891000000007,0.7850080000000002,6.22183499999998,2.249235,4.616815,0.0,0.0,0.0,0.0,0.0,2.8890510000000007,95.23145294189453,442.9900817871094,90.52990499999999,90.573267,3.2412932609963995e-14,14.661743999999988,2.8890510000000007,6.8660499999999995,87.68393399999998,75.44841681031329,16.721129323417436,7.830453866269277
/cephfs/shared/impact/LLM_models/llama2-13b-hf,FP16,512,measured,passed,40c27a8aedea5475c19c3af676a21c722eae8ac0d9dcebf74df669298417d563,3bb82b90ab6cf09d73f609926c4187262b27e2e7b99a225aee971fcd40a59f16,20261005T133926Z-49cb46fc49,20,66.13695900000005,1.8769759999999998,5.783647000000005,0.7844980000000001,6.216528999999986,2.2495559999999997,4.6187,0.0,0.0,0.0,0.0,0.0,2.8876480000000004,95.15555572509766,447.4188537597656,90.50603,90.54929700000001,1.6212181204323778e-14,14.661649999999991,2.8876480000000004,6.868255999999999,87.66686500000004,75.44122742383912,16.72427775305982,7.83449482310106
/cephfs/shared/impact/LLM_models/llama2-13b-hf,FP16,512,measured,passed,40c27a8aedea5475c19c3af676a21c722eae8ac0d9dcebf74df669298417d563,3bb82b90ab6cf09d73f609926c4187262b27e2e7b99a225aee971fcd40a59f16,20261005T133926Z-49cb46fc49,21,66.11481400000001,1.8769699999999998,5.7833350000000046,0.7852999999999999,6.220876999999974,2.2545750000000004,4.622184999999998,0.0,0.0,0.0,0.0,0.0,2.885535000000001,94.96864318847656,443.75323486328125,90.48768099999998,90.53126300000001,4.854031402431145e-14,14.666481999999979,2.885535000000001,6.876759999999999,87.65805599999999,75.42354578340183,16.731470750389423,7.844983466208742
/cephfs/shared/impact/LLM_models/llama2-13b-hf,FP16,512,measured,passed,40c27a8aedea5475c19c3af676a21c722eae8ac0d9dcebf74df669298417d563,3bb82b90ab6cf09d73f609926c4187262b27e2e7b99a225aee971fcd40a59f16,20261005T133926Z-49cb46fc49,22,66.12592999999998,1.8790170000000002,5.782053000000011,0.786513,6.21006199999998,2.248982,4.623054000000002,0.0,0.0,0.0,0.0,0.0,2.888037000000002,95.22128295898438,448.46148681640625,90.490421,90.53394100000001,3.243480417929157e-14,14.657644999999992,2.888037000000002,6.872036000000002,87.65561099999998,75.43833103850021,16.721855945993,7.839813015506793
/cephfs/shared/impact/LLM_models/llama2-13b-hf,FP16,512,measured,passed,40c27a8aedea5475c19c3af676a21c722eae8ac0d9dcebf74df669298417d563,3bb82b90ab6cf09d73f609926c4187262b27e2e7b99a225aee971fcd40a59f16,20261005T133926Z-49cb46fc49,23,66.183047,1.8796230000000003,5.785457000000008,0.78594,6.2256699999999805,2.2516060000000007,4.622506000000003,0.0,0.0,0.0,0.0,0.0,2.890372000000001,95.00342559814453,446.8503112792969,90.57570600000001,90.619387,1.6205894482208857e-14,14.676689999999988,2.890372000000001,6.874112000000004,87.73384899999999,75.43616033533421,16.728651674680304,7.8351879899854895
/cephfs/shared/impact/LLM_models/llama2-13b-hf,FP16,512,measured,passed,40c27a8aedea5475c19c3af676a21c722eae8ac0d9dcebf74df669298417d563,3bb82b90ab6cf09d73f609926c4187262b27e2e7b99a225aee971fcd40a59f16,20261005T133926Z-49cb46fc49,24,66.16741900000002,1.874631,5.784780000000009,0.7852329999999998,6.2276689999999855,2.247699,4.617602999999998,0.0,0.0,0.0,0.0,0.0,2.8874219999999986,94.95024108886719,445.1996765136719,90.55322199999998,90.59664599999999,1.6250273645355578e-14,14.672312999999995,2.8874219999999986,6.865301999999998,87.70503400000003,75.44312564772508,16.72915718840037,7.827717163874534
/cephfs/shared/impact/LLM_models/llama2-13b-hf,FP16,512,measured,passed,40c27a8aedea5475c19c3af676a21c722eae8ac0d9dcebf74df669298417d563,3bb82b90ab6cf09d73f609926c4187262b27e2e7b99a225aee971fcd40a59f16,20261005T133926Z-49cb46fc49,25,66.22371200000002,1.8785410000000002,5.794962000000006,0.7849449999999999,6.227859999999984,2.2536209999999994,4.6225629999999995,0.0,0.0,0.0,0.0,0.0,2.890430000000001,95.23487854003906,446.3408203125,90.638226,90.68171799999999,1.6192851846746354e-14,14.68630799999999,2.890430000000001,6.8761839999999985,87.786204,75.43749357245248,16.72963100215609,7.832875425391442
/cephfs/shared/impact/LLM_models/llama2-13b-hf,FP16,512,measured,passed,40c27a8aedea5475c19c3af676a21c722eae8ac0d9dcebf74df669298417d563,3bb82b90ab6cf09d73f609926c4187262b27e2e7b99a225aee971fcd40a59f16,20261005T133926Z-49cb46fc49,26,66.32984599999993,1.880137,5.80069800000001,0.7867379999999999,6.231677999999978,2.2587099999999993,4.6264689999999975,0.0,0.0,0.0,0.0,0.0,2.8931860000000014,95.37010955810547,443.6551208496094,90.764842,90.80868,1.619996812548961e-14,14.699250999999988,2.8931860000000014,6.885178999999997,87.91427599999992,75.44832195399073,16.719981860511485,7.831696185497796
/cephfs/shared/impact/LLM_models/llama2-13b-hf,FP16,512,measured,passed,40c27a8aedea5475c19c3af676a21c722eae8ac0d9dcebf74df669298417d563,3bb82b90ab6cf09d73f609926c4187262b27e2e7b99a225aee971fcd40a59f16,20261005T133926Z-49cb46fc49,27,66.23043399999999,1.8764600000000002,5.793786000000007,0.785718,6.227164999999982,2.249517,4.621248999999999,0.0,0.0,0.0,0.0,0.0,2.888995000000001,95.27471923828125,446.7477111816406,90.62825999999998,90.671844,1.6202220180859948e-14,14.683128999999989,2.888995000000001,6.870765999999999,87.78432899999999,75.44676225753231,16.72636695781999,7.826870784647679
/cephfs/shared/impact/LLM_models/llama2-13b-hf,FP16,512,measured,passed,40c27a8aedea5475c19c3af676a21c722eae8ac0d9dcebf74df669298417d563,3bb82b90ab6cf09d73f609926c4187262b27e2e7b99a225aee971fcd40a59f16,20261005T133926Z-49cb46fc49,28,66.24892799999994,1.8778039999999996,5.796374000000001,0.7858749999999999,6.233057999999991,2.2535849999999997,4.622539999999999,0.0,0.0,0.0,0.0,0.0,2.892320000000001,95.28553771972656,443.0404357910156,90.67190800000002,90.715716,3.23509923808821e-14,14.693110999999991,2.892320000000001,6.876124999999998,87.81816399999992,75.43875319461245,16.73128921255972,7.8299575928278395
/cephfs/shared/impact/LLM_models/llama2-13b-hf,FP16,512,measured,passed,40c27a8aedea5475c19c3af676a21c722eae8ac0d9dcebf74df669298417d563,3bb82b90ab6cf09d73f609926c4187262b27e2e7b99a225aee971fcd40a59f16,20261005T133926Z-49cb46fc49,29,66.23721199999999,1.8757880000000002,5.791875000000007,0.7865470000000001,6.224661999999982,2.254452,4.622931,0.0,0.0,0.0,0.0,0.0,2.889247000000002,95.20703887939453,447.8270568847656,90.63975399999997,90.68334,1.6192835609636755e-14,14.67887199999999,2.889247000000002,6.877383,87.79346699999996,75.44662975890907,16.71977711052235,7.83359313056859
/cephfs/shared/impact/LLM_models/llama2-13b-hf,FP16,512,measured,passed,40c27a8aedea5475c19c3af676a21c722eae8ac0d9dcebf74df669298417d563,3bb82b90ab6cf09d73f609926c4187262b27e2e7b99a225aee971fcd40a59f16,20261005T133926Z-49cb46fc49,30,66.14424500000001,1.8753030000000004,5.78274900000001,0.7839559999999999,6.212735999999984,2.2499419999999994,4.622560999999998,0.0,0.0,0.0,0.0,0.0,2.8876160000000013,95.31401824951172,444.9631652832031,90.51600900000001,90.559437,1.6209147424007543e-14,14.654743999999994,2.8876160000000013,6.872502999999998,87.671492,75.4455564643522,16.71551797019719,7.838925565450623
/cephfs/shared/impact/LLM_models/llama2-13b-hf,FP16,512,measured,passed,40c27a8aedea5475c19c3af676a21c722eae8ac0d9dcebf74df669298417d563,3bb82b90ab6cf09d73f609926c4187262b27e2e7b99a225aee971fcd40a59f16,20261005T133926Z-49cb46fc49,31,66.25274299999995,1.8719140000000003,5.797527000000008,0.7858420000000002,6.223759999999983,2.255445,4.622163000000001,0.0,0.0,0.0,0.0,0.0,2.891586,95.26886749267578,458.6943359375,90.651877,90.695302,3.2354685462618685e-14,14.679042999999991,2.891586,6.877608000000001,87.80939399999994,75.45063230934038,16.716939192178003,7.832428498481615
/cephfs/shared/impact/LLM_models/llama2-13b-hf,W8A8,1024,measured,passed,40c27a8aedea5475c19c3af676a21c722eae8ac0d9dcebf74df669298417d563,3bb82b90ab6cf09d73f609926c4187262b27e2e7b99a225aee971fcd40a59f16,20261005T135239Z-9f9fb2ce65,0,66.347593,6.899031,10.775619000000004,1.510106,12.841306000000005,8.175054999999999,15.19716,35.46729999999994,50.51573400000005,0.0,17.084558999999985,2.227875000000001,19.114261000000003,251.9549102783203,1143.418212890625,243.91341799999998,246.146477,3.50245447858207e-14,32.02606200000001,124.40972899999997,23.372214999999997,121.74587000000001,54.49679155440755,26.305666056680206,19.197542388912243
/cephfs/shared/impact/LLM_models/llama2-13b-hf,W8A8,1024,measured,passed,40c27a8aedea5475c19c3af676a21c722eae8ac0d9dcebf74df669298417d563,3bb82b90ab6cf09d73f609926c4187262b27e2e7b99a225aee971fcd40a59f16,20261005T135239Z-9f9fb2ce65,1,66.38255500000004,6.896540999999998,10.77916199999999,1.5102650000000004,12.848645999999997,8.172074,15.200266000000004,35.46539500000002,50.513958999999986,0.0,17.097643999999985,2.2265689999999982,19.120329000000005,251.7725067138672,1140.8782958984375,243.997755,246.224324,2.333895046437695e-14,32.03461399999998,124.423896,23.372340000000005,121.78950900000004,54.505971446194124,26.303262294948553,19.19076625885732
/cephfs/shared/impact/LLM_models/llama2-13b-hf,W8A8,1024,measured,passed,40c27a8aedea5475c19c3af676a21c722eae8ac0d9dcebf74df669298417d563,3bb82b90ab6cf09d73f609926c4187262b27e2e7b99a225aee971fcd40a59f16,20261005T135239Z-9f9fb2ce65,2,66.371949,6.8987419999999995,10.780863000000002,1.511168,12.844574000000014,8.169899000000001,15.198092000000004,35.46796799999997,50.523293999999964,0.0,17.100161000000014,2.2277139999999997,19.11773499999999,251.7025909423828,1150.715087890625,243.984126,246.21184,9.33635022873061e-14,32.035347000000016,124.43687199999994,23.367991000000004,121.77528700000002,54.503627653121434,26.3069361519961,19.189436194882465
/cephfs/shared/impact/LLM_models/llama2-13b-hf,W8A8,1024,measured,passed,40c27a8aedea5475c19c3af676a21c722eae8ac0d9dcebf74df669298417d563,3bb82b90ab6cf09d73f609926c4187262b27e2e7b99a225aee971fcd40a59f16,20261005T135239Z-9f9fb2ce65,3,66.37959000000001,6.892883000000001,10.783577999999997,1.509817,12.846553999999989,8.171537000000002,15.196645999999994,35.47168799999999,50.52909499999994,0.0,17.083219999999983,2.2308609999999987,19.120985999999995,251.5365447998047,1146.90576171875,243.96409000000003,246.196372,5.835319001234645e-14,32.032831999999985,124.43584999999992,23.368182999999995,121.78060499999998,54.50752194900003,26.30372217316542,19.188755877834566
/cephfs/shared/impact/LLM_models/llama2-13b-hf,W8A8,1024,measured,passed,40c27a8aedea5475c19c3af676a21c722eae8ac0d9dcebf74df669298417d563,3bb82b90ab6cf09d73f609926c4187262b27e2e7b99a225aee971fcd40a59f16,20261005T135239Z-9f9fb2ce65,4,66.41326199999996,6.896887999999998,10.781176999999984,1.511262,12.851683000000005,8.175473,15.201434000000004,35.47471600000003,50.54077799999997,0.0,17.09536899999999,2.2314659999999984,19.124533000000007,252.0569305419922,1148.4910888671875,244.05619699999997,246.287663,2.333613333428796e-14,32.041009999999986,124.46686199999999,23.376907000000003,121.83117899999995,54.51253328181285,26.299515660108646,19.1879510580785
/cephfs/shared/impact/LLM_models/llama2-13b-hf,W8A8,1024,measured,passed,40c27a8aedea5475c19c3af676a21c722eae8ac0d9dcebf74df669298417d563,3bb82b90ab6cf09d73f609926c4187262b27e2e7b99a225aee971fcd40a59f16,20261005T135239Z-9f9fb2ce65,5,66.41988400000005,6.894713,10.784099999999988,1.5111039999999996,12.84522200000001,8.175469999999999,15.20458299999999,35.47488599999999,50.53068799999996,0.0,17.103973999999962,2.232101000000001,19.12183899999999,251.91043090820312,1144.083984375,244.07585699999996,246.302961,6.997422606169607e-14,32.035139,124.46348799999991,23.38005299999999,121.83507600000004,54.516224867787685,26.29385563809226,19.18991949412005
/cephfs/shared/impact/LLM_models/llama2-13b-hf,W8A8,1024,measured,passed,40c27a8aedea5475c19c3af676a21c722eae8ac0d9dcebf74df669298417d563,3bb82b90ab6cf09d73f609926c4187262b27e2e7b99a225aee971fcd40a59f16,20261005T135239Z-9f9fb2ce65,6,66.34885200000001,6.896921000000001,10.776800999999992,1.5107780000000002,12.848040999999983,8.171402000000006,15.198175000000008,35.462684000000024,50.52227000000003,0.0,17.088327999999983,2.228069999999998,19.115906999999996,252.08653259277344,1148.412109375,243.966644,246.19859599999998,1.1678147198918744e-14,32.03254099999997,124.41725900000003,23.369577000000014,121.75097,54.49554282811875,26.309885662512567,19.194571509368686
/cephfs/shared/impact/LLM_models/llama2-13b-hf,W8A8,1024,measured,passed,40c27a8aedea5475c19c3af676a21c722eae8ac0d9dcebf74df669298417d563,3bb82b90ab6cf09d73f609926c4187262b27e2e7b99a225aee971fcd40a59f16,20261005T135239Z-9f9fb2ce65,7,66.407144,6.895194999999999,10.780539000000003,1.510743,12.847785000000007,8.171931999999996,15.198321000000007,35.472486999999944,50.51873700000004,0.0,17.08650699999998,2.2329679999999987,19.122881999999993,252.27740478515625,1144.865234375,243.99567100000002,246.228639,3.500036036430596e-14,32.03426200000001,124.43358099999995,23.370253000000005,121.81165900000002,54.516246265064,26.298190389148225,19.185563345787777
/cephfs/shared/impact/LLM_models/llama2-13b-hf,W8A8,1024,measured,passed,40c27a8aedea5475c19c3af676a21c722eae8ac0d9dcebf74df669298417d563,3bb82b90ab6cf09d73f609926c4187262b27e2e7b99a225aee971fcd40a59f16,20261005T135239Z-9f9fb2ce65,8,66.409239,6.896919000000001,10.77645699999999,1.5097589999999999,12.83772,8.169747999999998,15.196584000000005,35.45920600000004,50.52786500000003,0.0,17.090858999999956,2.226697,19.11596800000001,251.57437133789062,1140.0614013671875,243.99319000000003,246.22041000000002,3.50039706513473e-14,32.02085499999999,124.42059500000003,23.366332000000003,121.796426,54.524784659937396,26.2904717745987,19.1847435654639
/cephfs/shared/impact/LLM_models/llama2-13b-hf,W8A8,1024,measured,passed,40c27a8aedea5475c19c3af676a21c722eae8ac0d9dcebf74df669298417d563,3bb82b90ab6cf09d73f609926c4187262b27e2e7b99a225aee971fcd40a59f16,20261005T135239Z-9f9fb2ce65,9,66.37882300000001,6.897693,10.783557999999994,1.5111609999999998,12.839862999999992,8.177783999999997,15.197821000000003,35.469516999999996,50.52106300000001,0.0,17.099363999999987,2.2228,19.118529999999996,251.70127868652344,1142.61181640625,244.01135900000003,246.231104,8.169556163500178e-14,32.032274999999984,124.43127399999999,23.375605,121.78670299999999,54.50416290520651,26.301947758615313,19.193889336178188
/cephfs/shared/impact/LLM_models/llama2-13b-hf,W8A8,1024,measured,passed,40c27a8aedea5475c19c3af676a21c722eae8ac0d9dcebf74df669298417d563,3bb82b90ab6cf09d73f609926c4187262b27e2e7b99a225aee971fcd40a59f16,20261005T135239Z-9f9fb2ce65,10,66.44601800000004,6.895294,10.780469000000005,1.5098460000000002,12.838503999999995,8.171496,15.199927000000004,35.461636,50.52774999999999,0.0,17.083930999999975,2.2305300000000012,19.121089999999995,252.1782989501953,1149.559814453125,244.03828600000003,246.271569,2.3326654637832746e-14,32.024113,124.42493699999996,23.371423000000004,121.84155400000004,54.53477554956334,26.28340820406804,19.18181624636862
/cephfs/shared/impact/LLM_models/llama2-13b-hf,W8A8,1024,measured,passed,40c27a8aedea5475c19c3af676a21c722eae8ac0d9dcebf74df669298417d563,3bb82b90ab6cf09d73f609926c4187262b27e2e7b99a225aee971fcd40a59f16,20261005T135239Z-9f9fb2ce65,11,66.38213999999999,6.896852999999999,10.777191000000006,1.5100980000000002,12.844258000000002,8.172344,15.197117000000006,35.47885300000002,50.51359099999996,0.0,17.08372599999998,2.231814000000001,19.11309100000001,251.64378356933594,1146.755126953125,243.98223899999996,246.214695,7.0015093225502e-14,32.028400000000005,124.42107499999997,23.36946100000001,121.780001,54.50988623329047,26.300213283788693,19.189900482920844
/cephfs/shared/impact/LLM_models/llama2-13b-hf,W8A8,1024,measured,passed,40c27a8aedea5475c19c3af676a21c722eae8ac0d9dcebf74df669298417d563,3bb82b90ab6cf09d73f609926c4187262b27e2e7b99a225aee971fcd40a59f16,20261005T135239Z-9f9fb2ce65,12,66.379731,6.893459000000002,10.781102,1.5096289999999997,12.840530000000006,8.172417000000001,15.197901000000003,35.47368700000003,50.52363800000003,0.0,17.08563999999996,2.226455999999999,19.12188899999999,251.8726348876953,1152.3189697265625,243.99035499999994,246.21670699999999,3.4996144946878677e-14,32.02472000000001,124.43131,23.370318000000005,121.77476900000002,54.51024998454318,26.29832128854213,19.191428726914687
/cephfs/shared/impact/LLM_models/llama2-13b-hf,W8A8,1024,measured,passed,40c27a8aedea5475c19c3af676a21c722eae8ac0d9dcebf74df669298417d563,3bb82b90ab6cf09d73f609926c4187262b27e2e7b99a225aee971fcd40a59f16,20261005T135239Z-9f9fb2ce65,13,66.38149399999999,6.896506999999998,10.779650999999996,1.50979,12.838769000000012,8.176003000000001,15.19875200000001,35.465455000000006,50.51716499999996,0.0,17.07733399999997,2.228289999999999,19.11849299999999,251.927490234375,1144.0179443359375,243.94982100000001,246.178111,4.6655236871034576e-14,32.024717,124.40673699999992,23.37475500000001,121.78096599999999,54.50892383297402,26.29698059711565,19.194095569910335
/cephfs/shared/impact/LLM_models/llama2-13b-hf,W8A8,1024,measured,passed,40c27a8aedea5475c19c3af676a21c722eae8ac0d9dcebf74df669298417d563,3bb82b90ab6cf09d73f609926c4187262b27e2e7b99a225aee971fcd40a59f16,20261005T135239Z-9f9fb2ce65,14,66.39840600000002,6.896962,10.78221400000001,1.5109420000000007,12.837175000000002,8.169144000000001,15.196862999999992,35.464084999999976,50.52431599999993,0.0,17.088841999999975,2.229679999999998,19.119659999999993,251.98915100097656,1146.7427978515625,243.992475,246.216873,5.832408350344935e-14,32.027293000000014,124.42658299999987,23.366006999999993,121.79170600000003,54.51800305679272,26.29677672796537,19.185220215241902
/cephfs/shared/impact/LLM_models/llama2-13b-hf,W8A8,1024,measured,passed,40c27a8aedea5475c19c3af676a21c722eae8ac0d9dcebf74df669298417d563,3bb82b90ab6cf09d73f609926c4187262b27e2e7b99a225aee971fcd40a59f16,20261005T135239Z-9f9fb2ce65,15,66.40888699999995,6.893903,10.780920000000002,1.5097610000000001,12.844674000000001,8.168542,15.195861999999998,35.467310000000005,50.518540999999956,0.0,17.087244999999985,2.229786,19.114582999999993,251.79965209960938,1145.0576171875,243.98862499999996,246.220891,4.6673987347929153e-14,32.029258000000006,124.41746499999994,23.364404,121.80254899999997,54.52175471303147,26.296049026034762,19.182196260933758
/cephfs/shared/impact/LLM_models/llama2-13b-hf,W8A8,1024,measured,passed,40c27a8aedea5475c19c3af676a21c722eae8ac0d9dcebf74df669298417d563,3bb82b90ab6cf09d73f609926c4187262b27e2e7b99a225aee971fcd40a59f16,20261005T135239Z-9f9fb2ce65,16,66.42700400000001,6.891890999999998,10.776810000000006,1.5105659999999999,12.841696999999993,8.168893999999998,15.200238000000004,35.46233799999999,50.53238200000008,0.0,17.087378999999963,2.2296549999999997,19.118131000000005,251.79434204101562,1136.8746337890625,244.02532799999994,246.25974,1.1671820656648022e-14,32.020964,124.42988500000003,23.369132,121.81710000000001,54.530114409224986,26.28609940640517,19.183786184369843
/cephfs/shared/impact/LLM_models/llama2-13b-hf,W8A8,1024,measured,passed,40c27a8aedea5475c19c3af676a21c722eae8ac0d9dcebf74df669298417d563,3bb82b90ab6cf09d73f609926c4187262b27e2e7b99a225aee971fcd40a59f16,20261005T135239Z-9f9fb2ce65,17,66.42895399999998,6.8961260000000015,10.779045999999992,1.5088710000000003,12.843349000000014,8.170283000000001,15.197185999999999,35.46984399999998,50.52368400000004,0.0,17.084714999999967,2.22933,19.12296799999999,251.4318389892578,1140.023681640625,244.04734900000003,246.276943,2.3335410429749363e-14,32.027392000000006,124.43054099999998,23.367469,121.82381499999998,54.528709349645624,26.289926973638128,19.181363676716252
/cephfs/shared/impact/LLM_models/llama2-13b-hf,W8A8,1024,measured,passed,40c27a8aedea5475c19c3af676a21c722eae8ac0d9dcebf74df669298417d563,3bb82b90ab6cf09d73f609926c4187262b27e2e7b99a225aee971fcd40a59f16,20261005T135239Z-9f9fb2ce65,18,66.436465,6.897125000000001,10.778474000000001,1.510088,12.840930000000004,8.170554,15.200717000000004,35.4675930000001,50.51852199999996,0.0,17.09268399999997,2.230374000000001,19.117233999999993,251.71688842773438,1145.018310546875,244.03502,246.267879,3.4985705875657145e-14,32.02661700000001,124.42640700000003,23.371271000000004,121.83435300000002,54.530157844725444,26.287016930274177,19.182825225000375
/cephfs/shared/impact/LLM_models/llama2-13b-hf,W8A8,1024,measured,passed,40c27a8aedea5475c19c3af676a21c722eae8ac0d9dcebf74df669298417d563,3bb82b90ab6cf09d73f609926c4187262b27e2e7b99a225aee971fcd40a59f16,20261005T135239Z-9f9fb2ce65,19,66.43123099999995,6.897006,10.778730999999999,1.5101570000000002,12.833653000000007,8.172001,15.196037,35.46577600000002,50.52291900000006,0.0,17.089292999999987,2.231171999999999,19.112885999999996,252.17190551757812,1158.4144287109375,244.01133899999994,246.242511,8.166164667493887e-14,32.019547,124.42204600000007,23.368038,121.81881599999996,54.53281617841367,26.28456592452845,19.18261789705788
/cephfs/shared/impact/LLM_models/llama2-13b-hf,W8A8,1024,measured,passed,40c27a8aedea5475c19c3af676a21c722eae8ac0d9dcebf74df669298417d563,3bb82b90ab6cf09d73f609926c4187262b27e2e7b99a225aee971fcd40a59f16,20261005T135239Z-9f9fb2ce65,20,66.40963499999995,6.895478000000001,10.777081,1.511203,12.841564000000005,8.175372999999999,15.196932000000002,35.46273500000006,50.52413899999996,0.0,17.08839599999997,2.2325489999999992,19.118228999999996,251.77760314941406,1139.7276611328125,244.00326099999998,246.22987799999999,6.999781291845475e-14,32.02532600000001,124.426048,23.372305,121.80726599999996,54.52025743685929,26.291802658143578,19.187939904997137
/cephfs/shared/impact/LLM_models/llama2-13b-hf,W8A8,1024,measured,passed,40c27a8aedea5475c19c3af676a21c722eae8ac0d9dcebf74df669298417d563,3bb82b90ab6cf09d73f609926c4187262b27e2e7b99a225aee971fcd40a59f16,20261005T135239Z-9f9fb2ce65,21,66.41160400000003,6.897181000000002,10.774882999999996,1.509578,12.84324500000001,8.170350999999998,15.199834,35.46663500000008,50.5280899999999,0.0,17.088456999999973,2.233706999999999,19.117055999999987,251.56019592285156,1133.8856201171875,244.046605,246.280312,5.834435732531262e-14,32.02488700000001,124.43394499999994,23.370185,121.80667600000004,54.52213801483262,26.29156960165303,19.186292383514342
/cephfs/shared/impact/LLM_models/llama2-13b-hf,W8A8,1024,measured,passed,40c27a8aedea5475c19c3af676a21c722eae8ac0d9dcebf74df669298417d563,3bb82b90ab6cf09d73f609926c4187262b27e2e7b99a225aee971fcd40a59f16,20261005T135239Z-9f9fb2ce65,22,66.397422,6.893468999999999,10.779725999999997,1.5110229999999998,12.842407000000007,8.174102000000001,15.200955000000006,35.47348300000001,50.520608,0.0,17.097048999999984,2.2333039999999995,19.11829900000002,252.17161560058594,1160.4639892578125,244.02138900000003,246.26223199999998,4.666459183786212e-14,32.026625,124.44274300000002,23.375057000000005,121.799104,54.51388378029448,26.29463103439579,19.19148518530974
/cephfs/shared/impact/LLM_models/llama2-13b-hf,W8A8,1024,measured,passed,40c27a8aedea5475c19c3af676a21c722eae8ac0d9dcebf74df669298417d563,3bb82b90ab6cf09d73f609926c4187262b27e2e7b99a225aee971fcd40a59f16,20261005T135239Z-9f9fb2ce65,23,66.414019,6.901224,10.778307999999999,1.5103809999999998,12.832770000000014,8.17449,15.195202000000004,35.458733000000045,50.52462000000003,0.0,17.09591299999998,2.2311630000000005,19.118857000000006,252.19488525390625,1161.874267578125,243.995743,246.22690599999999,6.998860146757749e-14,32.022683000000015,124.42928600000006,23.369692000000004,121.80639400000001,54.524246896267194,26.289821041742695,19.185932061990112
/cephfs/shared/impact/LLM_models/llama2-13b-hf,W8A8,1024,measured,passed,40c27a8aedea5475c19c3af676a21c722eae8ac0d9dcebf74df669298417d563,3bb82b90ab6cf09d73f609926c4187262b27e2e7b99a225aee971fcd40a59f16,20261005T135239Z-9f9fb2ce65,24,66.414735,6.891502000000002,10.775876000000004,1.5100320000000005,12.849727000000005,8.173971,15.197584000000013,35.46928800000001,50.52537799999997,0.0,17.09163999999997,2.230350999999999,19.11911900000001,251.470458984375,1177.918212890625,244.01526700000002,246.248399,2.3331409686252535e-14,32.02713700000001,124.43577599999996,23.371555000000015,121.81342700000002,54.52168667744647,26.291959588330116,19.186353734223413
/cephfs/shared/impact/LLM_models/llama2-13b-hf,W8A8,1024,measured,passed,40c27a8aedea5475c19c3af676a21c722eae8ac0d9dcebf74df669298417d563,3bb82b90ab6cf09d73f609926c4187262b27e2e7b99a225aee971fcd40a59f16,20261005T135239Z-9f9fb2ce65,25,66.39810699999994,6.893651,10.781128999999993,1.510607,12.838885999999999,8.167430000000001,15.199218000000002,35.462597000000045,50.51372800000002,0.0,17.080167999999976,2.230993999999999,19.116115,251.7900848388672,1158.125732421875,243.96859900000007,246.200346,4.6666867854782617e-14,32.024272999999994,124.40360200000003,23.366648000000005,121.78902799999994,54.518956338168636,26.29487526577518,19.186168396056182
/cephfs/shared/impact/LLM_models/llama2-13b-hf,W8A8,1024,measured,passed,40c27a8aedea5475c19c3af676a21c722eae8ac0d9dcebf74df669298417d563,3bb82b90ab6cf09d73f609926c4187262b27e2e7b99a225aee971fcd40a59f16,20261005T135239Z-9f9fb2ce65,26,66.41951100000006,6.895357000000001,10.774612999999988,1.5101610000000005,12.839050000000015,8.169092999999998,15.197269,35.459427999999996,50.52327899999997,0.0,17.085439999999963,2.2296089999999977,19.110929999999993,251.75103759765625,1160.6929931640625,243.98793300000006,246.21754199999998,1.1672217164959738e-14,32.019181,124.40868599999992,23.366362,121.80505400000006,54.529355571731884,26.287235174987067,19.183409253281056
/cephfs/shared/impact/LLM_models/llama2-13b-hf,W8A8,1024,measured,passed,40c27a8aedea5475c19c3af676a21c722eae8ac0d9dcebf74df669298417d563,3bb82b90ab6cf09d73f609926c4187262b27e2e7b99a225aee971fcd40a59f16,20261005T135239Z-9f9fb2ce65,27,66.410706,6.901470999999999,10.777507999999989,1.5105169999999997,12.842309000000013,8.174112000000003,15.198175999999997,35.46060200000007,50.51598500000003,0.0,17.08429199999996,2.231892,19.114761,251.9292449951172,1144.4891357421875,244.00208099999998,246.233973,6.999031751407776e-14,32.031805,124.40753200000006,23.372287999999998,121.814799,54.517765119819316,26.295495508718936,19.18673937146175
/cephfs/shared/impact/LLM_models/llama2-13b-hf,W8A8,1024,measured,passed,40c27a8aedea5475c19c3af676a21c722eae8ac0d9dcebf74df669298417d563,3bb82b90ab6cf09d73f609926c4187262b27e2e7b99a225aee971fcd40a59f16,20261005T135239Z-9f9fb2ce65,28,66.38433699999997,6.893870999999999,10.778830000000003,1.5096519999999998,12.841073000000005,8.171533,15.198086000000002,35.45106999999996,50.51203200000012,0.0,17.09417199999998,2.2296909999999994,19.116137000000016,252.24681091308594,1152.78125,243.96339699999996,246.19298999999998,4.6673370724639326e-14,32.02342600000001,124.40310200000008,23.369619,121.77738199999999,54.51286265950436,26.29669440586267,19.19044293463297
/cephfs/shared/impact/LLM_models/llama2-13b-hf,W8A8,1024,measured,passed,40c27a8aedea5475c19c3af676a21c722eae8ac0d9dcebf74df669298417d563,3bb82b90ab6cf09d73f609926c4187262b27e2e7b99a225aee971fcd40a59f16,20261005T135239Z-9f9fb2ce65,29,66.39871199999996,6.897035999999999,10.780268999999995,1.510006,12.840207000000008,8.170134000000001,15.195556,35.465003000000024,50.519828999999966,0.0,17.087877999999975,2.2298689999999985,19.111532999999998,251.78102111816406,1154.0809326171875,243.97322799999998,246.203123,1.1671467503165708e-14,32.027518,124.41411199999996,23.36569,121.79191999999996,54.518158511664794,26.296915263344246,19.18492622499096
/cephfs/shared/impact/LLM_models/llama2-13b-hf,W8A8,1024,measured,passed,40c27a8aedea5475c19c3af676a21c722eae8ac0d9dcebf74df669298417d563,3bb82b90ab6cf09d73f609926c4187262b27e2e7b99a225aee971fcd40a59f16,20261005T135239Z-9f9fb2ce65,30,66.385414,6.894423999999999,10.775125000000013,1.5093,12.840438999999998,8.169657,15.195054000000004,35.452170000000045,50.51287000000004,0.0,17.090078999999967,2.2286399999999973,19.110585000000007,251.61474609375,1274.3895263671875,243.96485099999995,246.194961,4.6668472808126677e-14,32.01928800000001,124.39434400000006,23.364711000000007,121.76941300000001,54.51731462317223,26.29501712388152,19.18766825294625
/cephfs/shared/impact/LLM_models/llama2-13b-hf,W8A8,1024,measured,passed,40c27a8aedea5475c19c3af676a21c722eae8ac0d9dcebf74df669298417d563,3bb82b90ab6cf09d73f609926c4187262b27e2e7b99a225aee971fcd40a59f16,20261005T135239Z-9f9fb2ce65,31,66.414928,6.898013999999999,10.778247999999998,1.5106519999999999,12.832655999999998,8.175095000000002,15.197996999999999,35.46470999999999,50.525290000000005,0.0,17.096847999999998,2.2278450000000003,19.115329999999997,251.8760986328125,1154.4541015625,244.013451,246.241296,3.500568136497395e-14,32.019569999999995,124.43002299999999,23.373092,121.80758999999999,54.52445779446092,26.287007238218894,19.18853496732018
/cephfs/shared/impact/LLM_models/llama2-13b-hf,W8A8,2048,measured,passed,40c27a8aedea5475c19c3af676a21c722eae8ac0d9dcebf74df669298417d563,3bb82b90ab6cf09d73f609926c4187262b27e2e7b99a225aee971fcd40a59f16,20261005T135239Z-9f9fb2ce65,0,129.88796400000004,70.953905,21.037467000000003,2.9175979999999995,25.361840999999988,28.792686999999997,54.64885800000002,74.2580730000001,97.09463999999994,0.0,32.53155799999995,4.242887000000007,54.55100000000005,605.1070556640625,1155.3355712890625,591.9943269999999,596.237214,3.408067201940339e-14,120.270811,262.67815800000005,83.44154500000002,333.60032000000007,38.935203659277065,36.05236679629083,25.01242954443209
/cephfs/shared/impact/LLM_models/llama2-13b-hf,W8A8,2048,measured,passed,40c27a8aedea5475c19c3af676a21c722eae8ac0d9dcebf74df669298417d563,3bb82b90ab6cf09d73f609926c4187262b27e2e7b99a225aee971fcd40a59f16,20261005T135239Z-9f9fb2ce65,1,130.33469500000007,70.990852,21.056565999999993,2.9191030000000002,25.366871999999955,28.823066,54.65747799999999,74.28315899999991,97.15756600000007,0.0,32.511174999999945,4.241512000000003,54.569111,605.7154541015625,1141.0989990234375,592.6689480000001,596.91046,5.100094675428241e-14,120.33339299999996,262.76252299999993,83.480544,334.148632,39.00500631108376,36.011936448687884,24.98305724022835
/cephfs/shared/impact/LLM_models/llama2-13b-hf,W8A8,2048,measured,passed,40c27a8aedea5475c19c3af676a21c722eae8ac0d9dcebf74df669298417d563,3bb82b90ab6cf09d73f609926c4187262b27e2e7b99a225aee971fcd40a59f16,20261005T135239Z-9f9fb2ce65,2,130.31075000000004,70.936468,21.045248000000008,2.9183719999999997,25.35640699999996,28.807847000000006,54.63545200000001,74.25461700000005,97.12099600000005,0.0,32.509565999999964,4.24583,54.54053099999998,605.8342895507812,1145.740234375,592.4260740000001,596.6743839999999,5.1054050827742645e-14,120.25649499999997,262.67154000000005,83.44329900000001,334.01054400000004,39.01396298435418,36.003802023687,24.98223499195882
/cephfs/shared/impact/LLM_models/llama2-13b-hf,W8A8,2048,measured,passed,40c27a8aedea5475c19c3af676a21c722eae8ac0d9dcebf74df669298417d563,3bb82b90ab6cf09d73f609926c4187262b27e2e7b99a225aee971fcd40a59f16,20261005T135239Z-9f9fb2ce65,3,130.31539700000008,70.936224,21.042641000000003,2.9190780000000007,25.358672999999985,28.806276999999994,54.642143999999995,74.26746299999999,97.12222299999992,0.0,32.49987,4.240269000000003,54.54045400000004,606.7805786132812,1141.11962890625,592.4312570000001,596.671526,3.4021511602518835e-14,120.25661599999998,262.67027899999994,83.448421,334.020434,39.01419905346272,36.00277221363049,24.9830287329068
/cephfs/shared/impact/LLM_models/llama2-13b-hf,W8A8,2048,measured,passed,40c27a8aedea5475c19c3af676a21c722eae8ac0d9dcebf74df669298417d563,3bb82b90ab6cf09d73f609926c4187262b27e2e7b99a225aee971fcd40a59f16,20261005T135239Z-9f9fb2ce65,4,130.40017700000004,70.95877700000001,21.049090000000025,2.91863,25.36565699999997,28.80283799999999,54.648345999999975,74.26095999999995,97.11993299999997,0.0,32.53896999999993,4.243151000000004,54.55168100000001,607.2755126953125,1153.121337890625,592.6449660000001,596.8835849999999,1.7011144679342766e-14,120.29215400000001,262.7146949999999,83.45118399999997,334.14351500000004,39.025200593822696,36.000146224594545,24.97465318158276
/cephfs/shared/impact/LLM_models/llama2-13b-hf,W8A8,2048,measured,passed,40c27a8aedea5475c19c3af676a21c722eae8ac0d9dcebf74df669298417d563,3bb82b90ab6cf09d73f609926c4187262b27e2e7b99a225aee971fcd40a59f16,20261005T135239Z-9f9fb2ce65,5,130.44033299999995,70.93981100000002,21.047825999999993,2.9172910000000005,25.362852999999955,28.799738000000005,54.646224,74.26065899999999,97.12146000000004,0.0,32.52070099999993,4.240909000000001,54.54219999999998,607.2232055664062,1150.4212646484375,592.681321,596.92223,1.700768409087108e-14,120.26778099999997,262.68592899999993,83.44596200000001,334.1540759999999,39.03598440618752,35.9917144928078,24.972301101004685
/cephfs/shared/impact/LLM_models/llama2-13b-hf,W8A8,2048,measured,passed,40c27a8aedea5475c19c3af676a21c722eae8ac0d9dcebf74df669298417d563,3bb82b90ab6cf09d73f609926c4187262b27e2e7b99a225aee971fcd40a59f16,20261005T135239Z-9f9fb2ce65,6,130.43318699999992,70.96838600000001,21.053855,2.9188320000000005,25.364441999999954,28.813337999999995,54.648868,74.2658800000001,97.141168,0.0,32.575421999999996,4.241491000000002,54.56170400000002,607.6465454101562,1160.511962890625,592.79054,597.034721,3.400814380892314e-14,120.30551499999996,262.7856650000001,83.462206,334.20090799999986,39.028376009080134,35.997961741025556,24.973662249894314
/cephfs/shared/impact/LLM_models/llama2-13b-hf,W8A8,2048,measured,passed,40c27a8aedea5475c19c3af676a21c722eae8ac0d9dcebf74df669298417d563,3bb82b90ab6cf09d73f609926c4187262b27e2e7b99a225aee971fcd40a59f16,20261005T135239Z-9f9fb2ce65,7,130.517024,70.99207,21.051500999999995,2.919830000000001,25.37042699999996,28.804932,54.660512000000004,74.27073400000019,97.15867699999991,0.0,32.532188000000005,4.243064000000007,54.56136700000004,607.424560546875,1186.343017578125,592.84025,597.083314,5.100010648081988e-14,120.33382799999995,262.76603000000017,83.465444,334.31629599999997,39.0399826636031,35.99400610731819,24.966011229078706
/cephfs/shared/impact/LLM_models/llama2-13b-hf,W8A8,2048,measured,passed,40c27a8aedea5475c19c3af676a21c722eae8ac0d9dcebf74df669298417d563,3bb82b90ab6cf09d73f609926c4187262b27e2e7b99a225aee971fcd40a59f16,20261005T135239Z-9f9fb2ce65,8,130.4283630000001,70.99103299999999,21.05446500000001,2.918869999999999,25.374325999999993,28.812647999999996,54.647676,74.27365500000008,97.1482389999998,0.0,32.52449199999992,4.243621999999999,54.57056399999999,606.1343994140625,1149.6024169921875,592.751912,596.995534,5.102375956624081e-14,120.33869399999999,262.7605719999998,83.46032399999999,334.22738100000004,39.02384137701755,36.005037540595744,24.971121082386716
/cephfs/shared/impact/LLM_models/llama2-13b-hf,W8A8,2048,measured,passed,40c27a8aedea5475c19c3af676a21c722eae8ac0d9dcebf74df669298417d563,3bb82b90ab6cf09d73f609926c4187262b27e2e7b99a225aee971fcd40a59f16,20261005T135239Z-9f9fb2ce65,9,130.48441699999998,70.98699400000001,21.052449999999993,2.9193819999999997,25.365705999999992,28.819542000000002,54.65097499999999,74.26924600000005,97.15408399999995,0.0,32.50034099999992,4.246533000000001,54.56629900000002,606.7032470703125,1164.53173828125,592.787924,597.0369790000001,3.401191266843433e-14,120.32453199999999,262.73650299999997,83.47051699999999,334.27946599999996,39.03452956933944,35.99519092207716,24.970279508583396
/cephfs/shared/impact/LLM_models/llama2-13b-hf,W8A8,2048,measured,passed,40c27a8aedea5475c19c3af676a21c722eae8ac0d9dcebf74df669298417d563,3bb82b90ab6cf09d73f609926c4187262b27e2e7b99a225aee971fcd40a59f16,20261005T135239Z-9f9fb2ce65,10,130.50415099999995,70.972229,21.053296000000017,2.9185900000000005,25.351093999999982,28.80675700000001,54.646867000000015,74.27253500000003,97.14855199999988,0.0,32.57420199999995,4.243727000000003,54.558016,607.2186889648438,1188.8238525390625,592.753259,597.0023229999999,5.101894766981098e-14,120.295209,262.7970319999999,83.45362400000002,334.25298399999997,39.04352608561902,35.989270031468145,24.967203882912838
/cephfs/shared/impact/LLM_models/llama2-13b-hf,W8A8,2048,measured,passed,40c27a8aedea5475c19c3af676a21c722eae8ac0d9dcebf74df669298417d563,3bb82b90ab6cf09d73f609926c4187262b27e2e7b99a225aee971fcd40a59f16,20261005T135239Z-9f9fb2ce65,11,130.57231700000003,70.99050600000001,21.05848199999999,2.9196489999999993,25.364687000000018,28.798649000000008,54.65217399999998,74.27983300000014,97.15793500000001,0.0,32.531418999999936,4.242871000000002,54.565329000000006,607.8050537109375,1149.2445068359375,592.899817,597.147485,3.399695325764554e-14,120.33332400000002,262.7773870000001,83.45082299999999,334.3564640000001,39.051829726252876,35.989531220787164,24.958639052959946
/cephfs/shared/impact/LLM_models/llama2-13b-hf,W8A8,2048,measured,passed,40c27a8aedea5475c19c3af676a21c722eae8ac0d9dcebf74df669298417d563,3bb82b90ab6cf09d73f609926c4187262b27e2e7b99a225aee971fcd40a59f16,20261005T135239Z-9f9fb2ce65,12,130.5009839999999,70.93953599999999,21.038559999999983,2.919259,25.352559999999976,28.794431,54.63281099999997,74.24167600000008,97.12340499999996,0.0,32.504590999999955,4.238640999999995,54.553773,607.1802978515625,1143.8594970703125,592.6299199999999,596.867443,3.4000997448638826e-14,120.24991499999994,262.662086,83.42724199999996,334.1781409999998,39.05132262974674,35.98377638949162,24.96490098076164
/cephfs/shared/impact/LLM_models/llama2-13b-hf,W8A8,2048,measured,passed,40c27a8aedea5475c19c3af676a21c722eae8ac0d9dcebf74df669298417d563,3bb82b90ab6cf09d73f609926c4187262b27e2e7b99a225aee971fcd40a59f16,20261005T135239Z-9f9fb2ce65,13,130.56392600000004,70.989969,21.05833700000001,2.9183679999999996,25.36584799999996,28.812377,54.670243999999975,74.28796900000012,97.15821299999986,0.0,32.52074599999994,4.241644999999999,54.56285900000005,607.7333374023438,1145.499755859375,592.9101410000001,597.151096,8.500408508113612e-14,120.33252199999997,262.77143199999995,83.48262099999998,334.379069,39.04668028129477,35.98685837599481,24.966461342710414
/cephfs/shared/impact/LLM_models/llama2-13b-hf,W8A8,2048,measured,passed,40c27a8aedea5475c19c3af676a21c722eae8ac0d9dcebf74df669298417d563,3bb82b90ab6cf09d73f609926c4187262b27e2e7b99a225aee971fcd40a59f16,20261005T135239Z-9f9fb2ce65,14,130.589917,70.95553500000001,21.045539999999995,2.9186280000000004,25.35478099999997,28.794488999999988,54.643615000000025,74.25900399999992,97.11022399999983,0.0,32.53264399999993,4.245559000000001,54.543183000000035,608.8975830078125,1143.3076171875,592.712289,596.957848,5.1020789003712603e-14,120.27448399999997,262.6906139999997,83.43810400000001,334.302505,39.063397685279085,35.977739383077605,24.958862931643306
/cephfs/shared/impact/LLM_models/llama2-13b-hf,W8A8,2048,measured,passed,40c27a8aedea5475c19c3af676a21c722eae8ac0d9dcebf74df669298417d563,3bb82b90ab6cf09d73f609926c4187262b27e2e7b99a225aee971fcd40a59f16,20261005T135239Z-9f9fb2ce65,15,130.62579500000007,70.958016,21.05040899999999,2.9186330000000007,25.360366999999965,28.79908400000001,54.65377699999996,74.26226800000005,97.14115699999998,0.0,32.53122699999998,4.243408999999999,54.54853500000004,608.400390625,1179.669677734375,592.8359540000001,597.081097,6.798317384990275e-14,120.28742499999996,262.72659600000003,83.45286099999997,334.366081,39.06670036904852,35.97476892400457,24.958530706946906
/cephfs/shared/impact/LLM_models/llama2-13b-hf,W8A8,2048,measured,passed,40c27a8aedea5475c19c3af676a21c722eae8ac0d9dcebf74df669298417d563,3bb82b90ab6cf09d73f609926c4187262b27e2e7b99a225aee971fcd40a59f16,20261005T135239Z-9f9fb2ce65,16,130.61989500000007,70.95408599999999,21.05063999999999,2.9177059999999995,25.35651999999998,28.80264699999999,54.64426100000003,74.24723199999997,97.13215399999984,0.0,32.52389099999992,4.241236,54.53777700000001,607.8875122070312,1143.9239501953125,592.76001,597.000461,3.4001410615259913e-14,120.27895199999996,262.68228999999974,83.44690800000002,334.34575500000005,39.06731072449239,35.97442174792976,24.958267527577853
/cephfs/shared/impact/LLM_models/llama2-13b-hf,W8A8,2048,measured,passed,40c27a8aedea5475c19c3af676a21c722eae8ac0d9dcebf74df669298417d563,3bb82b90ab6cf09d73f609926c4187262b27e2e7b99a225aee971fcd40a59f16,20261005T135239Z-9f9fb2ce65,17,130.652829,70.95737199999999,21.05035499999999,2.9178049999999995,25.360333999999984,28.809115999999996,54.65580699999995,74.26053500000006,97.14968900000001,0.0,32.51211999999994,4.243139999999998,54.55074500000001,608.6842041015625,1141.0194091796875,592.8346240000001,597.077764,1.699967315303298e-14,120.28586599999997,262.716229,83.46492299999994,334.40361799999994,39.070399351959175,35.97026453224558,24.959336115795242
/cephfs/shared/impact/LLM_models/llama2-13b-hf,W8A8,2048,measured,passed,40c27a8aedea5475c19c3af676a21c722eae8ac0d9dcebf74df669298417d563,3bb82b90ab6cf09d73f609926c4187262b27e2e7b99a225aee971fcd40a59f16,20261005T135239Z-9f9fb2ce65,18,130.62446799999998,70.93802400000001,21.050850999999984,2.9178059999999992,25.352869999999964,28.797121999999998,54.643454999999946,74.24502400000002,97.14332899999995,0.0,32.53653399999992,4.240520999999998,54.550926,608.8871459960938,1160.8455810546875,592.764309,597.00483,5.10074746498793e-14,120.25955099999996,262.7163339999999,83.44057699999995,334.3245959999999,39.07115107977279,35.9708954826644,24.95795343756281
/cephfs/shared/impact/LLM_models/llama2-13b-hf,W8A8,2048,measured,passed,40c27a8aedea5475c19c3af676a21c722eae8ac0d9dcebf74df669298417d563,3bb82b90ab6cf09d73f609926c4187262b27e2e7b99a225aee971fcd40a59f16,20261005T135239Z-9f9fb2ce65,19,130.65721499999995,70.95650999999998,21.053533999999996,2.919982,25.361728999999983,28.803956,54.64634600000001,74.26583500000005,97.15970900000015,0.0,32.53174099999997,4.244366999999999,54.552408000000014,608.627685546875,1155.21533203125,592.9566510000001,597.201758,1.6995375813897845e-14,120.29175499999995,262.7540600000002,83.45030200000001,334.39927199999994,39.07221873377762,35.97249308604953,24.95528818017284
/cephfs/shared/impact/LLM_models/llama2-13b-hf,W8A8,2048,measured,passed,40c27a8aedea5475c19c3af676a21c722eae8ac0d9dcebf74df669298417d563,3bb82b90ab6cf09d73f609926c4187262b27e2e7b99a225aee971fcd40a59f16,20261005T135239Z-9f9fb2ce65,20,130.66873499999988,70.95505200000001,21.048473,2.9193780000000005,25.365705000000002,28.804652,54.64179500000002,74.27421800000005,97.14899099999994,0.0,32.50672999999997,4.2409940000000015,54.55014500000003,607.7212524414062,1141.043212890625,592.8431089999999,597.0866430000001,3.3989165296164524e-14,120.28860800000001,262.721078,83.44644700000002,334.4037899999999,39.075135781206285,35.9710659977867,24.953798221007016
/cephfs/shared/impact/LLM_models/llama2-13b-hf,W8A8,2048,measured,passed,40c27a8aedea5475c19c3af676a21c722eae8ac0d9dcebf74df669298417d563,3bb82b90ab6cf09d73f609926c4187262b27e2e7b99a225aee971fcd40a59f16,20261005T135239Z-9f9fb2ce65,21,130.5431170000001,70.95711800000002,21.029698000000018,2.916241000000001,25.352018999999984,28.802216,54.65373399999999,74.25713400000006,97.13929400000015,0.0,32.52756899999997,4.239940000000002,54.55304900000004,608.3214721679688,1141.216064453125,592.8000160000001,597.039956,3.400820352544905e-14,120.25507600000003,262.71698600000025,83.45595,334.2541430000001,39.055048301974246,35.977138509245044,24.96781318878072
/cephfs/shared/impact/LLM_models/llama2-13b-hf,W8A8,2048,measured,passed,40c27a8aedea5475c19c3af676a21c722eae8ac0d9dcebf74df669298417d563,3bb82b90ab6cf09d73f609926c4187262b27e2e7b99a225aee971fcd40a59f16,20261005T135239Z-9f9fb2ce65,22,130.53376500000007,70.95768699999999,21.02676399999999,2.9172979999999997,25.356601999999988,28.78521099999999,54.642233,74.24980199999992,97.12942700000002,0.0,32.50676599999999,4.239291,54.556705,608.5317993164062,1141.91650390625,592.6314229999999,596.866585,0.0,120.25835099999998,262.6819909999999,83.42744399999998,334.21956,39.05629131939497,35.981841098707676,24.961867581897355
/cephfs/shared/impact/LLM_models/llama2-13b-hf,W8A8,2048,measured,passed,40c27a8aedea5475c19c3af676a21c722eae8ac0d9dcebf74df669298417d563,3bb82b90ab6cf09d73f609926c4187262b27e2e7b99a225aee971fcd40a59f16,20261005T135239Z-9f9fb2ce65,23,130.583752,70.94140699999998,21.018533000000005,2.9175240000000007,25.34833399999998,28.790692999999994,54.647762000000014,74.2474890000001,97.11598099999996,0.0,32.505336000000014,4.238657,54.54234000000002,608.3006591796875,1153.6806640625,592.6853410000001,596.923998,1.700719156609404e-14,120.22579799999997,262.6498030000001,83.438455,334.248005,39.06792263427272,35.96903981521146,24.963037550515825
/cephfs/shared/impact/LLM_models/llama2-13b-hf,W8A8,2048,measured,passed,40c27a8aedea5475c19c3af676a21c722eae8ac0d9dcebf74df669298417d563,3bb82b90ab6cf09d73f609926c4187262b27e2e7b99a225aee971fcd40a59f16,20261005T135239Z-9f9fb2ce65,24,130.57122300000003,70.95533400000002,21.02630000000002,2.916671,25.360724,28.790225999999997,54.64512099999995,74.24773600000015,97.12462500000005,0.0,32.51694999999997,4.2379130000000025,54.54426200000002,608.7598876953125,1152.13720703125,592.682184,596.9200969999999,3.401188773869772e-14,120.25902900000004,262.6714860000002,83.43534699999995,334.26559900000007,39.062118085325324,35.97708808796685,24.960793826707825
/cephfs/shared/impact/LLM_models/llama2-13b-hf,W8A8,2048,measured,passed,40c27a8aedea5475c19c3af676a21c722eae8ac0d9dcebf74df669298417d563,3bb82b90ab6cf09d73f609926c4187262b27e2e7b99a225aee971fcd40a59f16,20261005T135239Z-9f9fb2ce65,25,130.631819,70.97535800000003,21.026797000000002,2.917567000000001,25.35789,28.795952,54.65600199999998,74.25985799999998,97.15151200000001,0.0,32.48667299999993,4.235815000000001,54.564201000000004,609.3843383789062,1150.474609375,592.8199320000001,597.055747,0.0,120.27761200000003,262.69805899999994,83.45195399999997,334.36138500000004,39.06905069196313,35.97233932979432,24.958609978242542
/cephfs/shared/impact/LLM_models/llama2-13b-hf,W8A8,2048,measured,passed,40c27a8aedea5475c19c3af676a21c722eae8ac0d9dcebf74df669298417d563,3bb82b90ab6cf09d73f609926c4187262b27e2e7b99a225aee971fcd40a59f16,20261005T135239Z-9f9fb2ce65,26,130.58718299999995,70.958366,21.02284099999999,2.9158050000000006,25.35754699999998,28.785871999999998,54.64698599999996,74.23678699999994,97.11193700000003,0.0,32.53401899999994,4.2353239999999985,54.54739500000001,608.7772827148438,1179.1591796875,592.69976,596.9350840000001,1.700731221396187e-14,120.25455899999997,262.66546199999993,83.43285799999995,334.27459999999985,39.065840778808806,35.97478211027701,24.959377110914197
/cephfs/shared/impact/LLM_models/llama2-13b-hf,W8A8,2048,measured,passed,40c27a8aedea5475c19c3af676a21c722eae8ac0d9dcebf74df669298417d563,3bb82b90ab6cf09d73f609926c4187262b27e2e7b99a225aee971fcd40a59f16,20261005T135239Z-9f9fb2ce65,27,130.6743779999999,71.011909,21.032324000000003,2.918303,25.365901999999966,28.81210499999999,54.65772299999998,74.27690600000011,97.14378699999999,0.0,32.49762999999993,4.242053000000002,54.575859,608.8907470703125,1145.97314453125,592.9848979999999,597.228169,1.699464600716615e-14,120.32843799999998,262.736235,83.46982799999998,334.47264399999983,39.06877897015696,35.9755693502994,24.95565167954364
/cephfs/shared/impact/LLM_models/llama2-13b-hf,W8A8,2048,measured,passed,40c27a8aedea5475c19c3af676a21c722eae8ac0d9dcebf74df669298417d563,3bb82b90ab6cf09d73f609926c4187262b27e2e7b99a225aee971fcd40a59f16,20261005T135239Z-9f9fb2ce65,28,130.58939300000006,70.95682799999999,21.01766099999998,2.9166450000000013,25.34944299999995,28.781677,54.64746800000001,74.24741700000001,97.10954899999989,0.0,32.49609599999997,4.235197999999994,54.54561799999997,609.1337890625,1140.3333740234375,592.661016,596.896214,6.801464937239124e-14,120.24057699999992,262.6338779999998,83.429145,334.25911499999995,39.06831171978663,35.97226570769803,24.959422572515344
/cephfs/shared/impact/LLM_models/llama2-13b-hf,W8A8,2048,measured,passed,40c27a8aedea5475c19c3af676a21c722eae8ac0d9dcebf74df669298417d563,3bb82b90ab6cf09d73f609926c4187262b27e2e7b99a225aee971fcd40a59f16,20261005T135239Z-9f9fb2ce65,29,130.63572399999998,70.988156,21.037470000000038,2.917182999999999,25.358895999999955,28.796560000000007,54.67131799999999,74.2808129999999,97.15065799999991,0.0,32.54764899999995,4.2403590000000015,54.56508199999998,609.0949096679688,1153.6661376953125,592.914785,597.155144,3.399227854832255e-14,120.301705,262.7845609999997,83.467878,334.405307,39.065086966457734,35.97481932306774,24.960093710474517
/cephfs/shared/impact/LLM_models/llama2-13b-hf,W8A8,2048,measured,passed,40c27a8aedea5475c19c3af676a21c722eae8ac0d9dcebf74df669298417d563,3bb82b90ab6cf09d73f609926c4187262b27e2e7b99a225aee971fcd40a59f16,20261005T135239Z-9f9fb2ce65,30,130.61116099999998,70.94030500000001,21.022051000000022,2.917447,25.34427099999997,28.789353000000006,54.64221499999997,74.25161299999996,97.12708600000005,0.0,32.532127,4.235839000000002,54.547057,609.2676391601562,1141.156005859375,592.7548029999999,596.9941759999999,1.7003087301784583e-14,120.224074,262.69372200000004,83.43156799999997,334.266803,39.07392532784657,35.96650128609989,24.959573386053528
/cephfs/shared/impact/LLM_models/llama2-13b-hf,W8A8,2048,measured,passed,40c27a8aedea5475c19c3af676a21c722eae8ac0d9dcebf74df669298417d563,3bb82b90ab6cf09d73f609926c4187262b27e2e7b99a225aee971fcd40a59f16,20261005T135239Z-9f9fb2ce65,31,130.64890800000003,70.95975100000001,21.023706000000022,2.9175720000000003,25.358684999999994,28.781564999999993,54.644003,74.24788899999993,97.12557399999984,0.0,32.51461999999999,4.236207999999998,54.555115,609.2774658203125,1144.2664794921875,592.728264,596.963186,5.0986804289996326e-14,120.25971400000003,262.67940599999974,83.425568,334.33419000000004,39.077339951382186,35.969912021262324,24.9527480273555
/cephfs/shared/impact/LLM_models/llama2-13b-hf,W8A8,512,measured,passed,40c27a8aedea5475c19c3af676a21c722eae8ac0d9dcebf74df669298417d563,3bb82b90ab6cf09d73f609926c4187262b27e2e7b99a225aee971fcd40a59f16,20261005T135239Z-9f9fb2ce65,0,40.17077099999999,1.870883,5.7818720000000114,0.7854620000000001,6.167602999999982,2.2758480000000008,4.839455999999999,15.935975999999982,24.331058,0.0,9.314549999999961,1.3510690000000007,7.944995000000007,126.7344970703125,1238.7572021484375,119.39550500000001,120.74464599999999,8.009630287043631e-14,14.605819999999994,58.87764799999995,7.115304,61.891894999999984,64.90473591089754,23.5989219590061,11.496342130096359
/cephfs/shared/impact/LLM_models/llama2-13b-hf,W8A8,512,measured,passed,40c27a8aedea5475c19c3af676a21c722eae8ac0d9dcebf74df669298417d563,3bb82b90ab6cf09d73f609926c4187262b27e2e7b99a225aee971fcd40a59f16,20261005T135239Z-9f9fb2ce65,1,40.13333699999999,1.8732799999999998,5.783292000000002,0.7850029999999998,6.164109999999978,2.2723009999999997,4.841917999999998,15.937766999999988,24.313260999999994,0.0,9.315211999999987,1.3489600000000015,7.9416329999999995,125.42594909667969,1142.4908447265625,119.35141,120.70119500000001,1.2634852989562336e-13,14.60568499999998,58.856832999999966,7.114218999999998,61.85324099999997,64.88477620760408,23.613451395376334,11.501772397019586
/cephfs/shared/impact/LLM_models/llama2-13b-hf,W8A8,512,measured,passed,40c27a8aedea5475c19c3af676a21c722eae8ac0d9dcebf74df669298417d563,3bb82b90ab6cf09d73f609926c4187262b27e2e7b99a225aee971fcd40a59f16,20261005T135239Z-9f9fb2ce65,2,40.132578999999986,1.8709479999999998,5.782241999999999,0.783247,6.159990999999979,2.27246,4.839575999999997,15.943423999999991,24.311509000000033,0.0,9.311606999999961,1.351729000000002,7.945418000000001,125.89212799072266,1143.5418701171875,119.35948400000001,120.71224000000001,9.18882713273655e-14,14.596427999999978,58.86368699999999,7.112035999999998,61.841042999999964,64.89634885362462,23.603140069937027,11.50051107643835
/cephfs/shared/impact/LLM_models/llama2-13b-hf,W8A8,512,measured,passed,40c27a8aedea5475c19c3af676a21c722eae8ac0d9dcebf74df669298417d563,3bb82b90ab6cf09d73f609926c4187262b27e2e7b99a225aee971fcd40a59f16,20261005T135239Z-9f9fb2ce65,3,40.141743000000005,1.8725129999999996,5.782468000000002,0.7844279999999999,6.163926999999976,2.2728999999999995,4.840239999999999,15.938135000000013,24.318751,0.0,9.313000999999979,1.349175000000002,7.942337999999999,125.61711883544922,1134.53759765625,119.369873,120.720763,6.892814920102726e-14,14.603335999999977,58.86139999999999,7.113139999999998,61.85821899999998,64.89314378740846,23.607753724690948,11.499102487900597
/cephfs/shared/impact/LLM_models/llama2-13b-hf,W8A8,512,measured,passed,40c27a8aedea5475c19c3af676a21c722eae8ac0d9dcebf74df669298417d563,3bb82b90ab6cf09d73f609926c4187262b27e2e7b99a225aee971fcd40a59f16,20261005T135239Z-9f9fb2ce65,4,40.14023299999999,1.872676,5.780894000000003,0.7852620000000001,6.161297999999978,2.273992,4.841047000000001,15.941600000000005,24.311009000000006,0.0,9.311087999999964,1.3508089999999995,7.939526000000006,129.00682067871094,1190.701171875,119.356823,120.707632,6.896525619594606e-14,14.60012999999998,58.85403199999998,7.115039000000001,61.85540199999997,64.89365795407814,23.603645806068783,11.502696239853076
/cephfs/shared/impact/LLM_models/llama2-13b-hf,W8A8,512,measured,passed,40c27a8aedea5475c19c3af676a21c722eae8ac0d9dcebf74df669298417d563,3bb82b90ab6cf09d73f609926c4187262b27e2e7b99a225aee971fcd40a59f16,20261005T135239Z-9f9fb2ce65,5,40.143533,1.8701790000000007,5.7836470000000055,0.784236,6.163910999999978,2.2719790000000004,4.840028000000005,15.936606999999995,24.32357999999999,0.0,9.31412099999997,1.3484050000000016,7.945202000000009,125.61945343017578,1156.66015625,119.38125200000002,120.729657,1.2636563592635815e-13,14.601972999999985,58.86791499999997,7.1120070000000055,61.85751299999999,64.89677818117259,23.60581971667692,11.497402102150481
/cephfs/shared/impact/LLM_models/llama2-13b-hf,W8A8,512,measured,passed,40c27a8aedea5475c19c3af676a21c722eae8ac0d9dcebf74df669298417d563,3bb82b90ab6cf09d73f609926c4187262b27e2e7b99a225aee971fcd40a59f16,20261005T135239Z-9f9fb2ce65,6,40.134961000000004,1.8709420000000003,5.782271000000003,0.7844610000000001,6.167105999999983,2.273005999999999,4.841562999999996,15.941532999999971,24.32127999999997,0.0,9.312397999999966,1.3512790000000006,7.940546000000009,125.25625610351562,1133.2537841796875,119.37224200000001,120.723951,9.189213201351792e-14,14.604779999999986,58.86703599999991,7.114568999999996,61.854309999999984,64.88628035782796,23.61158017929549,11.502139462876553
/cephfs/shared/impact/LLM_models/llama2-13b-hf,W8A8,512,measured,passed,40c27a8aedea5475c19c3af676a21c722eae8ac0d9dcebf74df669298417d563,3bb82b90ab6cf09d73f609926c4187262b27e2e7b99a225aee971fcd40a59f16,20261005T135239Z-9f9fb2ce65,7,40.13222,1.8704610000000006,5.7806930000000065,0.7847890000000001,6.1627359999999785,2.271431,4.840368999999999,15.934799999999992,24.315418999999977,0.0,9.316244999999977,1.3501660000000026,7.9410080000000045,125.11465454101562,1141.5054931640625,119.35925500000003,120.710545,1.1486084605016983e-13,14.598678999999986,58.85763799999995,7.111799999999999,61.84269899999998,64.89403057909877,23.60614791408116,11.499821506820071
/cephfs/shared/impact/LLM_models/llama2-13b-hf,W8A8,512,measured,passed,40c27a8aedea5475c19c3af676a21c722eae8ac0d9dcebf74df669298417d563,3bb82b90ab6cf09d73f609926c4187262b27e2e7b99a225aee971fcd40a59f16,20261005T135239Z-9f9fb2ce65,8,40.129011999999996,1.8713959999999996,5.778854000000008,0.7845570000000001,6.168273999999977,2.2721380000000004,4.839224999999999,15.936886999999983,24.309003000000022,0.0,9.313164999999973,1.350743000000002,7.941272000000005,125.65321350097656,1157.6517333984375,119.35512500000002,120.705868,5.744482110099568e-14,14.603080999999985,58.851069999999986,7.111362999999999,61.843455999999975,64.88804894732922,23.61297693324253,11.498974119428256
/cephfs/shared/impact/LLM_models/llama2-13b-hf,W8A8,512,measured,passed,40c27a8aedea5475c19c3af676a21c722eae8ac0d9dcebf74df669298417d563,3bb82b90ab6cf09d73f609926c4187262b27e2e7b99a225aee971fcd40a59f16,20261005T135239Z-9f9fb2ce65,9,40.14592700000002,1.872703,5.784203000000003,0.7850060000000001,6.169643999999977,2.272427,4.843954999999997,15.943040999999994,24.320594000000007,0.0,9.315582999999982,1.351292000000001,7.941177000000005,125.189697265625,1139.251220703125,119.402579,120.753166,3.4452198341188037e-14,14.61155599999998,58.87168699999999,7.116381999999996,61.873864999999995,64.88349644878339,23.615069141066236,11.501434410150386
/cephfs/shared/impact/LLM_models/llama2-13b-hf,W8A8,512,measured,passed,40c27a8aedea5475c19c3af676a21c722eae8ac0d9dcebf74df669298417d563,3bb82b90ab6cf09d73f609926c4187262b27e2e7b99a225aee971fcd40a59f16,20261005T135239Z-9f9fb2ce65,10,40.121703000000025,1.872514,5.7814360000000065,0.7847240000000001,6.1662399999999815,2.2728419999999994,4.841239999999998,15.94000399999998,24.319814999999995,0.0,9.314690999999964,1.3501660000000013,7.941868000000006,125.5316162109375,1169.99462890625,119.35516399999999,120.70533,1.1484980500954566e-13,14.604913999999988,58.86654399999995,7.114081999999998,61.84069900000001,64.87912272789804,23.616993721238476,11.503883550863481
/cephfs/shared/impact/LLM_models/llama2-13b-hf,W8A8,512,measured,passed,40c27a8aedea5475c19c3af676a21c722eae8ac0d9dcebf74df669298417d563,3bb82b90ab6cf09d73f609926c4187262b27e2e7b99a225aee971fcd40a59f16,20261005T135239Z-9f9fb2ce65,11,40.145003,1.8708160000000005,5.783822000000006,0.783883,6.165871999999982,2.271621,4.840379000000003,15.942945000000005,24.316951999999972,0.0,9.314829999999978,1.3513170000000014,7.940323,125.36895751953125,1137.335205078125,119.372682,120.722464,1.0336306690397278e-13,14.604392999999988,58.866366999999954,7.112000000000004,61.86139599999999,64.89508093221824,23.608249965778317,11.49666910200346
/cephfs/shared/impact/LLM_models/llama2-13b-hf,W8A8,512,measured,passed,40c27a8aedea5475c19c3af676a21c722eae8ac0d9dcebf74df669298417d563,3bb82b90ab6cf09d73f609926c4187262b27e2e7b99a225aee971fcd40a59f16,20261005T135239Z-9f9fb2ce65,12,40.14212299999999,1.8715879999999998,5.784546,0.7845880000000001,6.169013999999977,2.272558000000001,4.837623999999996,15.94236400000001,24.316996000000007,0.0,9.312444999999972,1.3503640000000015,7.943497000000007,125.6496353149414,1130.0146484375,119.381004,120.731368,8.039221915940797e-14,14.609735999999977,58.865666,7.110181999999997,61.86204099999996,64.88974878795224,23.616640776530453,11.493610435517319
/cephfs/shared/impact/LLM_models/llama2-13b-hf,W8A8,512,measured,passed,40c27a8aedea5475c19c3af676a21c722eae8ac0d9dcebf74df669298417d563,3bb82b90ab6cf09d73f609926c4187262b27e2e7b99a225aee971fcd40a59f16,20261005T135239Z-9f9fb2ce65,13,40.15527700000002,1.871711,5.783065000000006,0.7843299999999999,6.163051999999978,2.271365,4.8408459999999955,15.932033999999975,24.319681000000006,0.0,9.311451999999974,1.3497520000000005,7.944050000000004,125.19856262207031,1131.6082763671875,119.40253600000001,120.750209,6.889748377799566e-14,14.602157999999983,58.856968999999964,7.112210999999995,61.869645999999996,64.90303338732538,23.601489492925147,11.495477119749474
/cephfs/shared/impact/LLM_models/llama2-13b-hf,W8A8,512,measured,passed,40c27a8aedea5475c19c3af676a21c722eae8ac0d9dcebf74df669298417d563,3bb82b90ab6cf09d73f609926c4187262b27e2e7b99a225aee971fcd40a59f16,20261005T135239Z-9f9fb2ce65,14,40.139452999999975,1.8717759999999997,5.779430000000003,0.7850699999999999,6.166742999999984,2.273161,4.840025000000002,15.938340999999989,24.319187999999997,0.0,9.31359499999999,1.350009000000001,7.943280000000004,125.90198516845703,1139.7301025390625,119.37573300000004,120.725742,1.263523412755055e-13,14.603018999999987,58.864412999999985,7.113186000000002,61.85565799999996,64.89212838055978,23.608218669341447,11.499652950098769
/cephfs/shared/impact/LLM_models/llama2-13b-hf,W8A8,512,measured,passed,40c27a8aedea5475c19c3af676a21c722eae8ac0d9dcebf74df669298417d563,3bb82b90ab6cf09d73f609926c4187262b27e2e7b99a225aee971fcd40a59f16,20261005T135239Z-9f9fb2ce65,15,40.155962999999986,1.8709160000000002,5.783594000000006,0.783921,6.164796999999983,2.273187,4.840426999999998,15.939974999999967,24.316338999999992,0.0,9.317979999999979,1.3511860000000007,7.942611000000003,125.59235382080078,1157.5235595703125,119.38820399999999,120.740092,1.1485166329071036e-13,14.603227999999989,58.86809099999994,7.113613999999998,61.87280499999997,64.90082840110449,23.602013841137467,11.497157757758036
/cephfs/shared/impact/LLM_models/llama2-13b-hf,W8A8,512,measured,passed,40c27a8aedea5475c19c3af676a21c722eae8ac0d9dcebf74df669298417d563,3bb82b90ab6cf09d73f609926c4187262b27e2e7b99a225aee971fcd40a59f16,20261005T135239Z-9f9fb2ce65,16,40.14407700000001,1.871293,5.779872000000006,0.7842719999999996,6.165935999999978,2.271726999999999,4.841907999999996,15.937419000000014,24.31779200000001,0.0,9.31170299999997,1.3508130000000005,7.944399000000007,125.4573745727539,1146.875732421875,119.37001700000003,120.72083,5.74318165510092e-14,14.601372999999985,58.862126,7.113634999999995,61.859084999999986,64.8960084036161,23.604249885041117,11.4997417113428
/cephfs/shared/impact/LLM_models/llama2-13b-hf,W8A8,512,measured,passed,40c27a8aedea5475c19c3af676a21c722eae8ac0d9dcebf74df669298417d563,3bb82b90ab6cf09d73f609926c4187262b27e2e7b99a225aee971fcd40a59f16,20261005T135239Z-9f9fb2ce65,17,40.151034999999986,1.8721610000000002,5.781756000000005,0.7846219999999999,6.162065999999981,2.271752,4.838164999999998,15.933747999999987,24.319612999999976,0.0,9.314760999999974,1.3494890000000008,7.943497000000007,125.45545959472656,1149.3565673828125,119.37967200000001,120.73061299999999,1.2635329517772153e-13,14.600604999999986,58.861107999999945,7.1099169999999985,61.86155699999997,64.90466284254695,23.60206517272107,11.493271984731974
/cephfs/shared/impact/LLM_models/llama2-13b-hf,W8A8,512,measured,passed,40c27a8aedea5475c19c3af676a21c722eae8ac0d9dcebf74df669298417d563,3bb82b90ab6cf09d73f609926c4187262b27e2e7b99a225aee971fcd40a59f16,20261005T135239Z-9f9fb2ce65,18,40.162371,1.8717420000000005,5.7836470000000055,0.7838560000000003,6.165968999999973,2.2729039999999996,4.837144,15.94187299999998,24.32132000000001,0.0,9.313295999999985,1.350290000000001,7.940715000000011,125.56883239746094,1145.07470703125,119.39381500000002,120.74299099999999,8.037311615794492e-14,14.605213999999979,58.867493999999986,7.110048,61.87763299999998,64.90612043935167,23.603381855281995,11.490497705366334
/cephfs/shared/impact/LLM_models/llama2-13b-hf,W8A8,512,measured,passed,40c27a8aedea5475c19c3af676a21c722eae8ac0d9dcebf74df669298417d563,3bb82b90ab6cf09d73f609926c4187262b27e2e7b99a225aee971fcd40a59f16,20261005T135239Z-9f9fb2ce65,19,40.16689899999999,1.8691540000000009,5.7838400000000005,0.784878,6.164338999999982,2.271782000000001,4.840284,15.93897700000001,24.323223999999954,0.0,9.31399399999998,1.3502230000000004,7.942449000000006,125.55542755126953,1137.21728515625,119.40720700000001,120.76039,9.186391890178599e-14,14.602210999999983,58.86886699999995,7.112066,61.88117599999997,64.90972149591987,23.597177597271248,11.493100906808888
/cephfs/shared/impact/LLM_models/llama2-13b-hf,W8A8,512,measured,passed,40c27a8aedea5475c19c3af676a21c722eae8ac0d9dcebf74df669298417d563,3bb82b90ab6cf09d73f609926c4187262b27e2e7b99a225aee971fcd40a59f16,20261005T135239Z-9f9fb2ce65,20,40.16284699999999,1.8694389999999999,5.783877000000002,0.7843619999999999,6.168017999999978,2.2734159999999997,4.8414139999999986,15.93768799999999,24.317730000000026,0.0,9.314039999999974,1.3496640000000022,7.938206999999999,125.69881439208984,1137.953369140625,119.39001900000002,120.739683,1.147226492482735e-13,14.60569599999998,58.85732899999999,7.114829999999998,61.88337299999997,64.90086925287672,23.601971405146237,11.497159341977046
/cephfs/shared/impact/LLM_models/llama2-13b-hf,W8A8,512,measured,passed,40c27a8aedea5475c19c3af676a21c722eae8ac0d9dcebf74df669298417d563,3bb82b90ab6cf09d73f609926c4187262b27e2e7b99a225aee971fcd40a59f16,20261005T135239Z-9f9fb2ce65,21,40.16634400000004,1.869283,5.783249000000003,0.7851010000000002,6.171323999999978,2.271712,4.840222999999997,15.948500000000017,24.322265999999978,0.0,9.31384499999998,1.3491060000000004,7.944876000000005,126.02054595947266,1142.177734375,119.42252200000001,120.771087,9.18469233653293e-14,14.60895699999998,58.87859299999998,7.111934999999997,61.887236000000016,64.90246874169664,23.605767431591186,11.491763826712177
/cephfs/shared/impact/LLM_models/llama2-13b-hf,W8A8,512,measured,passed,40c27a8aedea5475c19c3af676a21c722eae8ac0d9dcebf74df669298417d563,3bb82b90ab6cf09d73f609926c4187262b27e2e7b99a225aee971fcd40a59f16,20261005T135239Z-9f9fb2ce65,22,40.17009499999999,1.8728969999999998,5.7797980000000075,0.7843370000000001,6.166531999999974,2.2722289999999994,4.839530999999997,15.950952999999995,24.323056000000012,0.0,9.317501999999966,1.350197000000001,7.942220000000005,125.68905639648438,1139.6732177734375,119.41116600000005,120.760465,1.1483858234391148e-13,14.603563999999981,58.883927999999976,7.111759999999997,61.88541899999996,64.91043552601626,23.59774602156283,11.491818452420919
/cephfs/shared/impact/LLM_models/llama2-13b-hf,W8A8,512,measured,passed,40c27a8aedea5475c19c3af676a21c722eae8ac0d9dcebf74df669298417d563,3bb82b90ab6cf09d73f609926c4187262b27e2e7b99a225aee971fcd40a59f16,20261005T135239Z-9f9fb2ce65,23,40.18707400000001,1.8718750000000002,5.783064000000005,0.7851340000000001,6.165804999999978,2.274151999999999,4.841589999999995,15.941179999999974,24.32836799999996,0.0,9.315445999999968,1.3493020000000013,7.9452700000000105,125.4814682006836,1133.28955078125,119.43697400000002,120.786248,9.181063928407513e-14,14.605877999999983,58.87956599999991,7.115741999999994,61.90869399999998,64.91345787394582,23.59261204896357,11.493930077090619
/cephfs/shared/impact/LLM_models/llama2-13b-hf,W8A8,512,measured,passed,40c27a8aedea5475c19c3af676a21c722eae8ac0d9dcebf74df669298417d563,3bb82b90ab6cf09d73f609926c4187262b27e2e7b99a225aee971fcd40a59f16,20261005T135239Z-9f9fb2ce65,24,40.17902099999998,1.8712659999999999,5.779626999999996,0.7854190000000002,6.170277999999979,2.271211,4.842865999999994,15.942939999999998,24.320839999999986,0.0,9.312584999999965,1.350183000000002,7.941099000000006,125.4540786743164,1197.4537353515625,119.41553999999998,120.765723,8.035248524522755e-14,14.606589999999976,58.867646999999955,7.114076999999994,61.89968799999995,64.90989259913557,23.597194867928877,11.492912532935545
/cephfs/shared/impact/LLM_models/llama2-13b-hf,W8A8,512,measured,passed,40c27a8aedea5475c19c3af676a21c722eae8ac0d9dcebf74df669298417d563,3bb82b90ab6cf09d73f609926c4187262b27e2e7b99a225aee971fcd40a59f16,20261005T135239Z-9f9fb2ce65,25,40.18525399999998,1.872226,5.784176000000006,0.7848159999999998,6.168063999999986,2.2740510000000005,4.839960999999999,15.943615999999995,24.32764000000002,0.0,9.319831999999984,1.3513850000000005,7.942918000000005,126.71273803710938,1141.5965576171875,119.43309699999999,120.784482,6.887071493276882e-14,14.609281999999991,58.885391000000006,7.114011999999999,61.90854799999997,64.91067114027614,23.59816612077544,11.491162738948429
/cephfs/shared/impact/LLM_models/llama2-13b-hf,W8A8,512,measured,passed,40c27a8aedea5475c19c3af676a21c722eae8ac0d9dcebf74df669298417d563,3bb82b90ab6cf09d73f609926c4187262b27e2e7b99a225aee971fcd40a59f16,20261005T135239Z-9f9fb2ce65,26,40.172101000000026,1.8728920000000004,5.783340000000002,0.784137,6.165798999999976,2.27278,4.839325999999998,15.939132000000015,24.318230000000014,0.0,9.315244999999978,1.3501370000000013,7.940130000000004,125.53715515136719,1165.8909912109375,119.40234299999999,120.753403,1.1492751425655978e-13,14.606167999999977,58.86287400000001,7.112105999999998,61.890375,64.90847890322206,23.600063822524874,11.491457274253062
/cephfs/shared/impact/LLM_models/llama2-13b-hf,W8A8,512,measured,passed,40c27a8aedea5475c19c3af676a21c722eae8ac0d9dcebf74df669298417d563,3bb82b90ab6cf09d73f609926c4187262b27e2e7b99a225aee971fcd40a59f16,20261005T135239Z-9f9fb2ce65,27,40.16905000000004,1.8751110000000002,5.781535999999998,0.7840799999999998,6.169984999999975,2.272810999999999,4.838904000000001,15.942430999999956,24.320139999999974,0.0,9.318290999999979,1.3496540000000008,7.945921000000009,125.35734558105469,1138.6827392578125,119.423411,120.773065,1.4922662020299634e-13,14.610711999999973,58.87643699999992,7.111715,61.89147700000001,64.9023935880542,23.606985498180904,11.490620913764909
/cephfs/shared/impact/LLM_models/llama2-13b-hf,W8A8,512,measured,passed,40c27a8aedea5475c19c3af676a21c722eae8ac0d9dcebf74df669298417d563,3bb82b90ab6cf09d73f609926c4187262b27e2e7b99a225aee971fcd40a59f16,20261005T135239Z-9f9fb2ce65,28,40.180113000000006,1.8721589999999997,5.782154000000003,0.7849729999999999,6.169741999999974,2.2736039999999993,4.839576999999996,15.938555999999984,24.315683000000007,0.0,9.314069999999978,1.3510889999999995,7.940331000000003,125.81267547607422,1147.92431640625,119.407578,120.756711,5.739312469943926e-14,14.609027999999975,58.85972899999997,7.1131809999999955,61.90232199999998,64.9088946938049,23.60012924878647,11.490976057408634
/cephfs/shared/impact/LLM_models/llama2-13b-hf,W8A8,512,measured,passed,40c27a8aedea5475c19c3af676a21c722eae8ac0d9dcebf74df669298417d563,3bb82b90ab6cf09d73f609926c4187262b27e2e7b99a225aee971fcd40a59f16,20261005T135239Z-9f9fb2ce65,29,40.153345999999985,1.8724789999999998,5.782045,0.784052,6.166109999999978,2.272431,4.841255999999998,15.942641999999998,24.315512000000002,0.0,9.31056299999998,1.3513170000000008,7.94331400000001,125.60063934326172,1153.2828369140625,119.385179,120.738141,5.739352153109017e-14,14.604685999999978,58.86334799999999,7.113686999999998,61.87171899999996,64.89773785014768,23.604784602800493,11.497477547051831
/cephfs/shared/impact/LLM_models/llama2-13b-hf,W8A8,512,measured,passed,40c27a8aedea5475c19c3af676a21c722eae8ac0d9dcebf74df669298417d563,3bb82b90ab6cf09d73f609926c4187262b27e2e7b99a225aee971fcd40a59f16,20261005T135239Z-9f9fb2ce65,30,40.14155,1.870018,5.780700000000002,0.7840149999999997,6.164648999999985,2.2722749999999996,4.838455999999998,15.938213999999984,24.317534000000013,0.0,9.311276999999983,1.349539000000002,7.938819000000004,125.64518737792969,1171.54833984375,119.358344,120.70790600000001,1.2628621398865747e-13,14.599381999999986,58.85538299999999,7.110730999999998,61.85166299999999,64.89971013390539,23.603863327005435,11.496426539089175
/cephfs/shared/impact/LLM_models/llama2-13b-hf,W8A8,512,measured,passed,40c27a8aedea5475c19c3af676a21c722eae8ac0d9dcebf74df669298417d563,3bb82b90ab6cf09d73f609926c4187262b27e2e7b99a225aee971fcd40a59f16,20261005T135239Z-9f9fb2ce65,31,40.15696500000002,1.8688679999999998,5.779479000000006,0.7848799999999998,6.163287999999972,2.2715609999999993,4.840017999999997,15.939392999999997,24.319232999999986,0.0,9.317438999999984,1.349248000000001,7.939351000000008,125.6717758178711,1168.19091796875,119.383755,120.733003,8.037786215601036e-14,14.596514999999977,58.864663999999976,7.111578999999996,61.865058999999995,64.91057415786192,23.594117965683957,11.495307876454133
/cephfs/shared/impact/LLM_models/llama2-13b-hf,W8A8,4096,measured,passed,40c27a8aedea5475c19c3af676a21c722eae8ac0d9dcebf74df669298417d563,3bb82b90ab6cf09d73f609926c4187262b27e2e7b99a225aee971fcd40a59f16,20261005T135239Z-9f9fb2ce65,0,263.8838419999999,186.80299800000006,42.31969600000002,5.928145999999999,49.60209299999996,113.49296600000001,217.88735000000008,150.172326,194.03258100000008,0.0,59.19542599999995,9.035543999999993,180.64090100000024,1468.9805908203125,1549.4228515625,1464.054865,1473.0990279999999,1.2918518486683044e-14,284.652933,593.0767780000002,331.3803160000001,879.917091,29.98962569304156,32.349972049809864,37.660402257148576
/cephfs/shared/impact/LLM_models/llama2-13b-hf,W8A8,4096,measured,passed,40c27a8aedea5475c19c3af676a21c722eae8ac0d9dcebf74df669298417d563,3bb82b90ab6cf09d73f609926c4187262b27e2e7b99a225aee971fcd40a59f16,20261005T135239Z-9f9fb2ce65,1,264.60866,187.36079299999994,42.37351099999998,5.939997999999999,49.66189100000008,113.613408,218.1559780000001,150.29345499999994,194.29617900000002,0.0,59.15876399999997,9.039756999999987,180.949898,1469.458251953125,1552.7393798828125,1466.3909939999999,1475.4307509999999,1.2893841643133092e-14,285.336193,593.7380529999999,331.7693860000001,881.7142390000001,30.01070508967928,32.36152716821441,37.6277677421063
/cephfs/shared/impact/LLM_models/llama2-13b-hf,W8A8,4096,measured,passed,40c27a8aedea5475c19c3af676a21c722eae8ac0d9dcebf74df669298417d563,3bb82b90ab6cf09d73f609926c4187262b27e2e7b99a225aee971fcd40a59f16,20261005T135239Z-9f9fb2ce65,2,264.95087400000006,187.582729,42.41706500000002,5.941278999999999,49.69755800000007,113.706966,218.24571099999997,150.3761070000001,194.3929810000002,0.0,59.17467400000006,9.050480999999994,181.16544300000012,1469.5498046875,1556.3389892578125,1467.624719,1476.682878,3.8783114859790066e-14,285.6386310000001,594.1596860000004,331.952677,882.5421820000001,30.021326957944773,32.3654366698588,37.613236372196425
/cephfs/shared/impact/LLM_models/llama2-13b-hf,W8A8,4096,measured,passed,40c27a8aedea5475c19c3af676a21c722eae8ac0d9dcebf74df669298417d563,3bb82b90ab6cf09d73f609926c4187262b27e2e7b99a225aee971fcd40a59f16,20261005T135239Z-9f9fb2ce65,3,265.1445329999999,187.721598,42.48310900000001,5.945500999999998,49.71948400000002,113.92699400000001,218.34084799999994,150.41231199999993,194.52908800000017,0.0,59.11104500000006,9.037508999999998,181.21668200000008,1472.364990234375,1554.698974609375,1468.5312139999999,1477.568723,0.0,285.86969200000004,594.3066360000003,332.267842,883.2820669999999,30.018104397901237,32.36448499072721,37.617410611371554
/cephfs/shared/impact/LLM_models/llama2-13b-hf,W8A8,4096,measured,passed,40c27a8aedea5475c19c3af676a21c722eae8ac0d9dcebf74df669298417d563,3bb82b90ab6cf09d73f609926c4187262b27e2e7b99a225aee971fcd40a59f16,20261005T135239Z-9f9fb2ce65,4,265.4144769999999,187.886348,42.465902000000014,5.9517169999999995,49.74922000000004,113.918239,218.45948099999998,150.43832799999996,194.60099800000012,0.0,59.16915799999999,9.037044000000002,181.33044699999996,1474.0601806640625,1555.8411865234375,1469.4760740000002,1478.5320279999999,0.0,286.05318700000004,594.575975,332.37771999999995,883.845384,30.029514415611853,32.36461853830308,37.60586704608506
/cephfs/shared/impact/LLM_models/llama2-13b-hf,W8A8,4096,measured,passed,40c27a8aedea5475c19c3af676a21c722eae8ac0d9dcebf74df669298417d563,3bb82b90ab6cf09d73f609926c4187262b27e2e7b99a225aee971fcd40a59f16,20261005T135239Z-9f9fb2ce65,5,265.96217500000006,188.34423600000002,42.547222000000026,5.958183000000001,49.77088000000005,114.08946900000001,218.657838,150.54213499999997,194.86299899999963,0.0,59.17458699999995,9.064117000000001,181.6488239999999,1475.2093505859375,1557.87451171875,1471.5809330000002,1480.64505,0.0,286.6205210000001,595.2926619999995,332.747307,885.3300030000001,30.041021325242497,32.37442761781112,37.58455105694638
/cephfs/shared/impact/LLM_models/llama2-13b-hf,W8A8,4096,measured,passed,40c27a8aedea5475c19c3af676a21c722eae8ac0d9dcebf74df669298417d563,3bb82b90ab6cf09d73f609926c4187262b27e2e7b99a225aee971fcd40a59f16,20261005T135239Z-9f9fb2ce65,6,265.97881300000006,188.13817999999998,42.54605100000003,5.959110999999999,49.75310400000008,114.02333599999997,218.54596400000014,150.55133700000007,194.81608300000022,0.0,59.12348700000016,9.054515999999998,181.47737300000006,1475.4512939453125,1557.91845703125,1470.9954659999999,1480.055397,2.5690808329470154e-14,286.3964460000001,595.0227960000005,332.5693000000001,884.9445590000003,30.05598602702974,32.36320773853134,37.580806234438924
/cephfs/shared/impact/LLM_models/llama2-13b-hf,W8A8,4096,measured,passed,40c27a8aedea5475c19c3af676a21c722eae8ac0d9dcebf74df669298417d563,3bb82b90ab6cf09d73f609926c4187262b27e2e7b99a225aee971fcd40a59f16,20261005T135239Z-9f9fb2ce65,7,266.32057999999995,188.186835,42.55895399999997,5.964685000000003,49.79319400000006,114.08572900000004,218.52509600000008,150.52561000000014,194.8817489999999,0.0,59.13343000000015,9.063424000000003,181.60621600000007,1477.827880859375,1559.6964111328125,1471.582078,1480.645502,3.851897485936252e-14,286.50366800000006,595.2104290000003,332.6108250000001,885.4350730000001,30.077934353522036,32.35738867100423,37.56467697547373
/cephfs/shared/impact/LLM_models/llama2-13b-hf,W8A8,4096,measured,passed,40c27a8aedea5475c19c3af676a21c722eae8ac0d9dcebf74df669298417d563,3bb82b90ab6cf09d73f609926c4187262b27e2e7b99a225aee971fcd40a59f16,20261005T135239Z-9f9fb2ce65,8,266.4249480000001,188.904093,42.64113800000004,5.967761,49.84514699999997,114.31749899999997,219.01743100000007,150.5990859999999,195.05799400000018,0.0,59.12155000000022,9.060806000000001,182.01878100000002,1477.46435546875,1560.6968994140625,1473.901893,1482.962699,3.8444104826476984e-14,287.358139,595.8582170000003,333.33493000000004,887.118017,30.0326385998764,32.3923236247382,37.57503777538542
/cephfs/shared/impact/LLM_models/llama2-13b-hf,W8A8,4096,measured,passed,40c27a8aedea5475c19c3af676a21c722eae8ac0d9dcebf74df669298417d563,3bb82b90ab6cf09d73f609926c4187262b27e2e7b99a225aee971fcd40a59f16,20261005T135239Z-9f9fb2ce65,9,266.56248800000014,188.48856,42.61394700000002,5.969271000000002,49.81240999999998,114.21193000000001,218.6884610000002,150.67454400000008,195.02426799999986,0.0,59.15714300000016,9.06318999999999,181.781219,1477.0797119140625,1560.4488525390625,1473.0431249999997,1482.116988,2.5651927865466478e-14,286.884188,595.700364,332.9003910000002,886.3470670000004,30.074278792643653,32.36702626782652,37.55869493952982
/cephfs/shared/impact/LLM_models/llama2-13b-hf,W8A8,4096,measured,passed,40c27a8aedea5475c19c3af676a21c722eae8ac0d9dcebf74df669298417d563,3bb82b90ab6cf09d73f609926c4187262b27e2e7b99a225aee971fcd40a59f16,20261005T135239Z-9f9fb2ce65,10,266.7414080000001,188.869488,42.64639400000002,5.970554000000001,49.84680499999999,114.31783799999997,218.9102359999999,150.674582,195.13266100000016,0.0,59.1060560000001,9.067568999999999,181.9942460000001,1478.063720703125,1560.2667236328125,1474.3622289999998,1483.4526680000001,2.562064380312266e-14,287.333241,595.9751140000003,333.2280739999999,887.302723,30.06205222701656,32.382774621553814,37.555173151429614
/cephfs/shared/impact/LLM_models/llama2-13b-hf,W8A8,4096,measured,passed,40c27a8aedea5475c19c3af676a21c722eae8ac0d9dcebf74df669298417d563,3bb82b90ab6cf09d73f609926c4187262b27e2e7b99a225aee971fcd40a59f16,20261005T135239Z-9f9fb2ce65,11,266.47650400000003,189.07080699999997,42.62723999999998,5.966136999999999,49.835150999999996,114.34080499999995,219.08035300000003,150.73066200000005,195.1607350000001,0.0,59.07887700000009,9.053815999999983,182.14048599999987,1478.381591796875,1561.61083984375,1474.5084840000002,1483.5623,3.8391518721895266e-14,287.499335,596.1645760000001,333.421158,887.3969969999999,30.02900673552765,32.39805137632216,37.572941888150204
/cephfs/shared/impact/LLM_models/llama2-13b-hf,W8A8,4096,measured,passed,40c27a8aedea5475c19c3af676a21c722eae8ac0d9dcebf74df669298417d563,3bb82b90ab6cf09d73f609926c4187262b27e2e7b99a225aee971fcd40a59f16,20261005T135239Z-9f9fb2ce65,12,267.0496009999999,189.23069700000002,42.69581599999999,5.974271000000002,49.862963000000036,114.43240900000002,219.0769529999999,150.73924499999976,195.30977899999985,0.0,59.11465400000013,9.076929000000007,182.25761600000013,1478.656494140625,1561.58203125,1475.9862520000001,1485.0636240000001,5.117737911220855e-14,287.7637470000001,596.4982229999998,333.5093619999999,888.3227099999998,30.06222828638479,32.39405497130656,37.54371674230866
/cephfs/shared/impact/LLM_models/llama2-13b-hf,W8A8,4096,measured,passed,40c27a8aedea5475c19c3af676a21c722eae8ac0d9dcebf74df669298417d563,3bb82b90ab6cf09d73f609926c4187262b27e2e7b99a225aee971fcd40a59f16,20261005T135239Z-9f9fb2ce65,13,267.0372640000001,188.59614100000005,42.61582499999999,5.9726500000000025,49.81380500000006,114.13181900000001,218.77761899999993,150.6772180000003,195.06466399999994,0.0,59.10772600000008,9.071218000000002,181.8603479999999,1478.3939208984375,1559.475341796875,1473.7846630000001,1482.863081,2.5662644803690356e-14,286.9984210000001,595.7811740000002,332.9094379999999,886.9451230000002,30.107529437308834,32.35808096325707,37.53438959943408
/cephfs/shared/impact/LLM_models/llama2-13b-hf,W8A8,4096,measured,passed,40c27a8aedea5475c19c3af676a21c722eae8ac0d9dcebf74df669298417d563,3bb82b90ab6cf09d73f609926c4187262b27e2e7b99a225aee971fcd40a59f16,20261005T135239Z-9f9fb2ce65,14,267.010231,188.89747000000006,42.65014999999995,5.974214000000002,49.833197,114.309795,218.94429999999997,150.69800200000017,195.1945539999999,0.0,59.12311200000008,9.080107,182.04305799999986,1478.1634521484375,1561.3599853515625,1474.730929,1483.799835,3.845903183506221e-14,287.355031,596.138833,333.25409499999995,887.619357,30.081614252132628,32.373677830912825,37.544707916954536
/cephfs/shared/impact/LLM_models/llama2-13b-hf,W8A8,4096,measured,passed,40c27a8aedea5475c19c3af676a21c722eae8ac0d9dcebf74df669298417d563,3bb82b90ab6cf09d73f609926c4187262b27e2e7b99a225aee971fcd40a59f16,20261005T135239Z-9f9fb2ce65,15,266.84514700000005,189.13671199999996,42.623704,5.971273000000002,49.85684800000003,114.25122799999998,219.02885499999994,150.63796700000032,195.081009,0.0,59.1180820000002,9.070920999999995,182.127107,1479.185302734375,1560.5252685546875,1474.2440439999998,1483.307567,8.962007345698014e-14,287.588537,596.0350860000005,333.28008299999993,887.713767,30.05981848200852,32.39653902990557,37.54364248808591
/cephfs/shared/impact/LLM_models/llama2-13b-hf,W8A8,4096,measured,passed,40c27a8aedea5475c19c3af676a21c722eae8ac0d9dcebf74df669298417d563,3bb82b90ab6cf09d73f609926c4187262b27e2e7b99a225aee971fcd40a59f16,20261005T135239Z-9f9fb2ce65,16,266.32583800000015,188.92202799999998,42.59945300000002,5.965520999999997,49.84209000000003,114.26871499999996,219.02736400000003,150.63325299999997,195.10179200000002,0.0,59.10138400000014,9.05638699999999,182.05626200000015,1479.5303955078125,1561.3045654296875,1473.8599730000003,1482.9163600000002,2.5635302554049002e-14,287.329092,595.9490780000002,333.29607899999996,886.9510090000001,30.027119344536434,32.39514799401959,37.57773266144398
/cephfs/shared/impact/LLM_models/llama2-13b-hf,W8A8,4096,measured,passed,40c27a8aedea5475c19c3af676a21c722eae8ac0d9dcebf74df669298417d563,3bb82b90ab6cf09d73f609926c4187262b27e2e7b99a225aee971fcd40a59f16,20261005T135239Z-9f9fb2ce65,17,266.5338729999998,188.858986,42.604865000000004,5.967950999999999,49.81987900000002,114.15928200000003,218.87054000000012,150.69336600000025,195.1290250000001,0.0,59.132573000000114,9.071924999999997,182.00012700000005,1479.6549072265625,1561.9046630859375,1473.7538689999997,1482.825794,2.567923217760042e-14,287.251681,596.0270160000005,333.02982200000014,886.815376,30.0551704687628,32.39137353432627,37.55345599691092
/cephfs/shared/impact/LLM_models/llama2-13b-hf,W8A8,4096,measured,passed,40c27a8aedea5475c19c3af676a21c722eae8ac0d9dcebf74df669298417d563,3bb82b90ab6cf09d73f609926c4187262b27e2e7b99a225aee971fcd40a59f16,20261005T135239Z-9f9fb2ce65,18,266.6611580000002,188.416747,42.606516000000006,5.966897000000002,49.84267100000001,114.21775399999997,218.73631500000008,150.63432600000002,194.98734900000002,0.0,59.11734400000027,9.063388000000007,181.73091400000007,1477.9119873046875,1559.651123046875,1473.057597,1482.136229,5.128969404717518e-14,286.832831,595.5333210000003,332.95406900000006,886.4480580000004,30.081983438673188,32.35754519527639,37.56047136605041
/cephfs/shared/impact/LLM_models/llama2-13b-hf,W8A8,4096,measured,passed,40c27a8aedea5475c19c3af676a21c722eae8ac0d9dcebf74df669298417d563,3bb82b90ab6cf09d73f609926c4187262b27e2e7b99a225aee971fcd40a59f16,20261005T135239Z-9f9fb2ce65,19,266.47096499999975,188.29153600000006,42.58605300000001,5.963221000000002,49.79955099999999,114.230758,218.64112799999987,150.55454899999978,194.89775599999976,0.0,59.13163700000011,9.071077999999995,181.6377800000001,1477.843994140625,1560.346435546875,1472.1280929999996,1481.199171,6.416204587753506e-14,286.64036100000004,595.2927999999997,332.87188599999985,885.9832119999996,30.076299572141313,32.352798237897105,37.570902189961586
/cephfs/shared/impact/LLM_models/llama2-13b-hf,W8A8,4096,measured,passed,40c27a8aedea5475c19c3af676a21c722eae8ac0d9dcebf74df669298417d563,3bb82b90ab6cf09d73f609926c4187262b27e2e7b99a225aee971fcd40a59f16,20261005T135239Z-9f9fb2ce65,20,266.7601699999999,188.635313,42.626765000000006,5.97122,49.82131300000003,114.25817599999998,218.80214499999997,150.65232300000002,195.059329,0.0,59.09210300000015,9.068191000000004,181.8240239999999,1478.265869140625,1560.6754150390625,1473.6291979999999,1482.697389,1.2811241866711824e-14,287.054611,595.6959700000001,333.06032099999993,886.8751019999999,30.078662643525195,32.36697144306573,37.55436591340908
/cephfs/shared/impact/LLM_models/llama2-13b-hf,W8A8,4096,measured,passed,40c27a8aedea5475c19c3af676a21c722eae8ac0d9dcebf74df669298417d563,3bb82b90ab6cf09d73f609926c4187262b27e2e7b99a225aee971fcd40a59f16,20261005T135239Z-9f9fb2ce65,21,266.62006199999996,188.5005,42.61598099999998,5.966520000000001,49.81144500000004,114.26392199999997,218.77200599999998,150.63122699999974,194.9535809999999,0.0,59.06919200000012,9.066863999999988,181.7243919999999,1477.1397705078125,1560.66357421875,1472.874167,1481.941031,1.2832198413697051e-14,286.894446,595.4452559999996,333.03592799999996,886.550436,30.07387410500354,32.3607585479773,37.565367347019155
/cephfs/shared/impact/LLM_models/llama2-13b-hf,W8A8,4096,measured,passed,40c27a8aedea5475c19c3af676a21c722eae8ac0d9dcebf74df669298417d563,3bb82b90ab6cf09d73f609926c4187262b27e2e7b99a225aee971fcd40a59f16,20261005T135239Z-9f9fb2ce65,22,266.35763099999997,188.89594599999998,42.578929000000024,5.96588,49.84866599999998,114.15176399999994,218.98740600000008,150.655599,195.14700799999994,0.0,59.167378000000035,9.065081000000001,182.0253949999999,1477.81689453125,1560.2720947265625,1473.917814,1482.982895,1.2803036314845224e-14,287.289421,596.0604609999999,333.13917000000004,886.7862220000001,30.036284325581224,32.396694250849556,37.56702142356921
/cephfs/shared/impact/LLM_models/llama2-13b-hf,W8A8,4096,measured,passed,40c27a8aedea5475c19c3af676a21c722eae8ac0d9dcebf74df669298417d563,3bb82b90ab6cf09d73f609926c4187262b27e2e7b99a225aee971fcd40a59f16,20261005T135239Z-9f9fb2ce65,23,266.1070900000003,188.92726399999998,42.57222999999998,5.963323,49.787377000000006,114.15854799999997,218.98929900000005,150.6104970000001,195.02474399999994,0.0,59.09076099999996,9.054215999999993,182.01330600000009,1478.5411376953125,1561.906005859375,1473.2859090000004,1482.340125,5.1263768534890025e-14,287.25019399999996,595.793524,333.147847,886.5051310000003,30.017546508707145,32.40254161597175,37.5799118753211
/cephfs/shared/impact/LLM_models/llama2-13b-hf,W8A8,4096,measured,passed,40c27a8aedea5475c19c3af676a21c722eae8ac0d9dcebf74df669298417d563,3bb82b90ab6cf09d73f609926c4187262b27e2e7b99a225aee971fcd40a59f16,20261005T135239Z-9f9fb2ce65,24,266.535401,188.49744700000002,42.608744000000044,5.968065000000004,49.807185000000075,114.17191299999996,218.77385800000016,150.61952199999982,194.993488,0.0,59.14162500000002,9.063227999999999,181.77986600000006,1477.3778076171875,1560.216552734375,1473.117143,1482.195076,1.2823849846119565e-14,286.88144100000017,595.597729,332.94577100000015,886.3626130000002,30.070695344186397,32.366148661101086,37.563155994712524
/cephfs/shared/impact/LLM_models/llama2-13b-hf,W8A8,4096,measured,passed,40c27a8aedea5475c19c3af676a21c722eae8ac0d9dcebf74df669298417d563,3bb82b90ab6cf09d73f609926c4187262b27e2e7b99a225aee971fcd40a59f16,20261005T135239Z-9f9fb2ce65,25,266.3205710000001,188.33043600000002,42.59264400000003,5.966502,49.80188399999998,114.15420100000001,218.61984900000002,150.6138579999999,194.94162800000018,0.0,59.098803000000075,9.069417999999997,181.69695999999996,1477.1661376953125,1560.2432861328125,1472.200638,1481.270056,2.5669048606428415e-14,286.69146600000005,595.4206670000001,332.77405000000005,885.7860870000002,30.066014233976112,32.36576756031166,37.56821820571223
/cephfs/shared/impact/LLM_models/llama2-13b-hf,W8A8,4096,measured,passed,40c27a8aedea5475c19c3af676a21c722eae8ac0d9dcebf74df669298417d563,3bb82b90ab6cf09d73f609926c4187262b27e2e7b99a225aee971fcd40a59f16,20261005T135239Z-9f9fb2ce65,26,266.2348089999996,188.333959,42.588387000000026,5.96803,49.808562,114.138592,218.59192700000006,150.634955,195.02564000000024,0.0,59.08055400000019,9.057175999999995,181.6727510000002,1478.3331298828125,1559.07275390625,1472.809802,1481.876808,3.856860935177838e-14,286.698938,595.4710760000006,332.7305190000001,885.6642659999997,30.060466388964564,32.37106305472193,37.568470556313514
/cephfs/shared/impact/LLM_models/llama2-13b-hf,W8A8,4096,measured,passed,40c27a8aedea5475c19c3af676a21c722eae8ac0d9dcebf74df669298417d563,3bb82b90ab6cf09d73f609926c4187262b27e2e7b99a225aee971fcd40a59f16,20261005T135239Z-9f9fb2ce65,27,266.69217599999985,188.52184599999998,42.59582700000001,5.971750999999999,49.80746699999998,114.15907000000007,218.67317400000005,150.63827999999984,195.01416899999992,0.0,59.125391000000235,9.066838999999995,181.73447500000023,1477.52685546875,1558.6292724609375,1473.0744909999999,1482.151061,2.5719579511301764e-14,286.896891,595.5791540000002,332.8322440000001,886.4213110000001,30.086390375603212,32.36574836815944,37.54786125623734
/cephfs/shared/impact/LLM_models/llama2-13b-hf,W8A8,4096,measured,passed,40c27a8aedea5475c19c3af676a21c722eae8ac0d9dcebf74df669298417d563,3bb82b90ab6cf09d73f609926c4187262b27e2e7b99a225aee971fcd40a59f16,20261005T135239Z-9f9fb2ce65,28,266.28102500000006,188.34574199999997,42.538154,5.963984,49.79743699999998,114.11057800000003,218.62409299999996,150.59274800000006,194.906691,0.0,59.087441000000176,9.053651999999998,181.63443500000008,1477.52685546875,1557.8515625,1471.947527,1481.005273,2.5671843300710942e-14,286.645317,595.2749670000003,332.734671,885.6610129999999,30.065795049284855,32.36512760441449,37.569077346300666
/cephfs/shared/impact/LLM_models/llama2-13b-hf,W8A8,4096,measured,passed,40c27a8aedea5475c19c3af676a21c722eae8ac0d9dcebf74df669298417d563,3bb82b90ab6cf09d73f609926c4187262b27e2e7b99a225aee971fcd40a59f16,20261005T135239Z-9f9fb2ce65,29,266.35021600000005,188.79899799999995,42.580074999999944,5.96571,49.81345199999999,114.18290099999997,218.84948000000003,150.63611900000006,195.07406199999977,0.0,59.106994000000235,9.064293000000003,181.94305700000018,1477.8013916015625,1560.19775390625,1473.420173,1482.484784,5.141350347683813e-14,287.1582349999999,595.8245250000002,333.032381,886.5408319999999,30.043761819647365,32.390863977712414,37.56537420264023
/cephfs/shared/impact/LLM_models/llama2-13b-hf,W8A8,4096,measured,passed,40c27a8aedea5475c19c3af676a21c722eae8ac0d9dcebf74df669298417d563,3bb82b90ab6cf09d73f609926c4187262b27e2e7b99a225aee971fcd40a59f16,20261005T135239Z-9f9fb2ce65,30,266.74883700000004,188.439741,42.613916000000025,5.968016,49.82832799999993,114.25348899999999,218.74816600000017,150.65828399999987,195.00609899999992,0.0,59.13494700000013,9.059581000000001,181.74158099999994,1478.251953125,1559.099853515625,1473.102206,1482.165123,0.0,286.85000099999996,595.6004919999998,333.00165500000014,886.6004930000001,30.086700730043468,32.35391850836699,37.55938076158955
/cephfs/shared/impact/LLM_models/llama2-13b-hf,W8A8,4096,measured,passed,40c27a8aedea5475c19c3af676a21c722eae8ac0d9dcebf74df669298417d563,3bb82b90ab6cf09d73f609926c4187262b27e2e7b99a225aee971fcd40a59f16,20261005T135239Z-9f9fb2ce65,31,266.1806850000001,188.538382,42.599270999999995,5.965228000000001,49.82491800000005,114.18877000000003,218.749476,150.64601700000014,195.04079700000017,0.0,59.09981000000017,9.069973000000001,181.79078300000003,1478.08203125,1560.2374267578125,1473.253692,1482.323783,2.563270103612948e-14,286.92779900000005,595.6473800000006,332.93824600000005,886.0467300000001,30.041382241769583,32.38291946520699,37.57569829302344
